time,open,high,low,close,volume
2026-02-20 09:50:00+00:00,1966.17,1967.93,1965.79,1967.7,381.43
2026-02-20 09:55:00+00:00,1967.7,1968.58,1966.21,1966.79,376.12
2026-02-20 10:00:00+00:00,1966.79,1967.28,1964.83,1965.85,546.08
2026-02-20 10:05:00+00:00,1965.87,1972.59,1965.75,1969.9,1279.81
2026-02-20 10:10:00+00:00,1969.88,1971.89,1965.12,1967.02,1012.29
2026-02-20 10:15:00+00:00,1967.02,1971.41,1967.02,1970.54,535.7
2026-02-20 10:20:00+00:00,1970.54,1970.58,1965.62,1965.92,942.63
2026-02-20 10:25:00+00:00,1965.94,1970.54,1965.69,1968.51,735.01
2026-02-20 10:30:00+00:00,1968.51,1969.08,1966.13,1966.13,556.81
2026-02-20 10:35:00+00:00,1966.13,1966.98,1965.73,1966.67,397.61
2026-02-20 10:40:00+00:00,1966.65,1966.65,1959.5,1961.0,1720.88
2026-02-20 10:45:00+00:00,1960.99,1961.92,1958.79,1960.37,1291.18
2026-02-20 10:50:00+00:00,1960.35,1960.91,1957.78,1958.0,1560.61
2026-02-20 10:55:00+00:00,1958.02,1959.0,1955.32,1956.49,2433.07
2026-02-20 11:00:00+00:00,1956.51,1956.53,1951.88,1952.76,2541.4
2026-02-20 11:05:00+00:00,1952.76,1955.9,1952.76,1955.08,1993.62
2026-02-20 11:10:00+00:00,1955.06,1956.31,1950.71,1953.23,1150.05
2026-02-20 11:15:00+00:00,1953.23,1955.8,1952.36,1953.45,1129.81
2026-02-20 11:20:00+00:00,1953.45,1953.68,1950.24,1951.16,654.85
2026-02-20 11:25:00+00:00,1951.16,1953.12,1950.16,1952.55,1122.42
2026-02-20 11:30:00+00:00,1952.55,1953.59,1950.58,1951.29,716.35
2026-02-20 11:35:00+00:00,1951.29,1951.89,1947.6,1949.76,2551.09
2026-02-20 11:40:00+00:00,1949.78,1950.38,1942.41,1943.12,2856.57
2026-02-20 11:45:00+00:00,1943.03,1943.09,1939.39,1941.78,3647.97
2026-02-20 11:50:00+00:00,1941.75,1945.75,1941.54,1944.97,2055.52
2026-02-20 11:55:00+00:00,1944.97,1946.9,1942.32,1942.89,1033.61
2026-02-20 12:00:00+00:00,1942.87,1946.73,1941.23,1945.29,1817.92
2026-02-20 12:05:00+00:00,1945.27,1946.44,1944.9,1945.85,791.13
2026-02-20 12:10:00+00:00,1945.81,1947.49,1945.4,1946.73,937.34
2026-02-20 12:15:00+00:00,1946.73,1948.58,1943.0,1944.85,1851.97
2026-02-20 12:20:00+00:00,1944.88,1946.37,1943.76,1945.88,787.49
2026-02-20 12:25:00+00:00,1945.87,1946.99,1943.88,1944.41,687.66
2026-02-20 12:30:00+00:00,1944.41,1946.0,1944.03,1945.51,670.72
2026-02-20 12:35:00+00:00,1945.51,1947.23,1944.55,1945.81,480.18
2026-02-20 12:40:00+00:00,1945.79,1945.84,1943.86,1945.05,633.82
2026-02-20 12:45:00+00:00,1945.05,1946.91,1944.25,1946.37,446.08
2026-02-20 12:50:00+00:00,1946.29,1950.68,1945.95,1946.71,1598.55
2026-02-20 12:55:00+00:00,1946.71,1948.86,1946.47,1948.82,587.07
2026-02-20 13:00:00+00:00,1948.84,1948.84,1940.21,1943.99,2190.28
2026-02-20 13:05:00+00:00,1943.99,1947.4,1939.77,1947.2,2062.51
2026-02-20 13:10:00+00:00,1947.17,1948.08,1943.65,1944.28,790.49
2026-02-20 13:15:00+00:00,1944.28,1947.97,1943.08,1947.27,820.09
2026-02-20 13:20:00+00:00,1947.26,1947.26,1938.67,1939.03,1448.84
2026-02-20 13:25:00+00:00,1939.03,1945.78,1937.29,1945.71,2664.74
2026-02-20 13:30:00+00:00,1945.75,1945.97,1933.69,1934.8,4747.88
2026-02-20 13:35:00+00:00,1934.8,1935.54,1922.85,1925.03,7087.65
2026-02-20 13:40:00+00:00,1925.22,1928.64,1921.84,1927.51,4960.92
2026-02-20 13:45:00+00:00,1927.48,1931.08,1926.15,1930.73,2328.29
2026-02-20 13:50:00+00:00,1930.72,1933.17,1927.66,1932.88,1754.14
2026-02-20 13:55:00+00:00,1932.86,1933.96,1930.11,1933.0,2060.72
2026-02-20 14:00:00+00:00,1933.0,1939.69,1931.98,1936.28,2404.63
2026-02-20 14:05:00+00:00,1936.3,1938.05,1934.99,1936.55,1174.45
2026-02-20 14:10:00+00:00,1936.57,1937.14,1933.7,1934.72,864.62
2026-02-20 14:15:00+00:00,1934.77,1937.26,1933.22,1933.52,1456.49
2026-02-20 14:20:00+00:00,1933.52,1942.13,1932.89,1937.56,3214.21
2026-02-20 14:25:00+00:00,1937.63,1941.45,1937.63,1939.11,993.44
2026-02-20 14:30:00+00:00,1939.13,1949.26,1936.29,1944.22,4260.7
2026-02-20 14:35:00+00:00,1944.15,1953.18,1943.59,1947.33,4814.3
2026-02-20 14:40:00+00:00,1947.34,1952.02,1944.73,1946.88,2563.06
2026-02-20 14:45:00+00:00,1946.86,1947.34,1941.41,1944.25,2019.92
2026-02-20 14:50:00+00:00,1944.21,1948.59,1942.5,1943.43,1314.05
2026-02-20 14:55:00+00:00,1943.55,1944.77,1939.31,1942.41,1673.61
2026-02-20 15:00:00+00:00,1942.41,1979.73,1941.62,1963.75,18018.53
2026-02-20 15:05:00+00:00,1963.84,1964.62,1949.73,1960.28,8939.42
2026-02-20 15:10:00+00:00,1960.29,1963.64,1943.8,1945.06,5181.67
2026-02-20 15:15:00+00:00,1945.16,1954.31,1934.66,1949.48,8681.61
2026-02-20 15:20:00+00:00,1949.64,1961.81,1948.72,1956.2,4975.82
2026-02-20 15:25:00+00:00,1956.41,1962.5,1952.89,1955.42,3194.16
2026-02-20 15:30:00+00:00,1955.45,1957.5,1942.5,1946.25,4075.76
2026-02-20 15:35:00+00:00,1946.25,1951.42,1942.53,1950.22,2859.62
2026-02-20 15:40:00+00:00,1950.32,1950.68,1942.4,1949.54,1690.51
2026-02-20 15:45:00+00:00,1949.45,1956.72,1947.19,1954.41,2705.75
2026-02-20 15:50:00+00:00,1954.45,1957.22,1949.78,1956.78,2135.58
2026-02-20 15:55:00+00:00,1956.81,1966.06,1956.81,1963.06,4222.58
2026-02-20 16:00:00+00:00,1962.92,1967.58,1960.58,1966.2,2989.82
2026-02-20 16:05:00+00:00,1966.22,1968.62,1961.26,1965.04,2920.27
2026-02-20 16:10:00+00:00,1964.76,1965.9,1959.77,1962.56,1715.89
2026-02-20 16:15:00+00:00,1962.56,1965.1,1957.23,1958.83,1825.23
2026-02-20 16:20:00+00:00,1959.02,1972.28,1956.26,1968.93,3550.49
2026-02-20 16:25:00+00:00,1968.9,1968.91,1955.35,1955.64,3844.24
2026-02-20 16:30:00+00:00,1955.57,1957.5,1952.47,1956.04,3247.11
2026-02-20 16:35:00+00:00,1956.12,1959.0,1955.02,1958.45,1383.88
2026-02-20 16:40:00+00:00,1958.43,1958.48,1953.32,1956.76,883.14
2026-02-20 16:45:00+00:00,1956.74,1964.9,1956.49,1962.59,1504.81
2026-02-20 16:50:00+00:00,1962.5,1965.62,1960.42,1965.04,1262.85
2026-02-20 16:55:00+00:00,1965.04,1971.12,1964.23,1967.74,2052.37
2026-02-20 17:00:00+00:00,1967.74,1967.76,1962.92,1964.75,1803.93
2026-02-20 17:05:00+00:00,1964.77,1966.46,1955.2,1957.1,1514.08
2026-02-20 17:10:00+00:00,1957.17,1957.17,1946.28,1946.34,3058.85
2026-02-20 17:15:00+00:00,1946.31,1948.63,1939.47,1940.44,4459.68
2026-02-20 17:20:00+00:00,1940.43,1943.59,1938.37,1939.77,3241.14
2026-02-20 17:25:00+00:00,1940.04,1945.81,1938.07,1943.51,2714.07
2026-02-20 17:30:00+00:00,1943.54,1947.5,1942.5,1946.91,1492.66
2026-02-20 17:35:00+00:00,1946.93,1956.48,1943.89,1956.1,2025.85
2026-02-20 17:40:00+00:00,1956.06,1960.26,1953.03,1957.41,3438.24
2026-02-20 17:45:00+00:00,1957.39,1967.94,1954.47,1967.64,3092.73
2026-02-20 17:50:00+00:00,1967.59,1969.76,1964.56,1966.87,4361.21
2026-02-20 17:55:00+00:00,1966.9,1967.73,1962.01,1965.63,2256.86
2026-02-20 18:00:00+00:00,1965.61,1969.64,1962.0,1966.89,1470.7
2026-02-20 18:05:00+00:00,1966.89,1969.76,1963.72,1964.32,1758.06
2026-02-20 18:10:00+00:00,1964.32,1964.84,1962.78,1963.82,594.53
2026-02-20 18:15:00+00:00,1963.82,1965.86,1961.34,1961.97,948.33
2026-02-20 18:20:00+00:00,1961.95,1967.33,1958.9,1964.1,1841.93
2026-02-20 18:25:00+00:00,1964.04,1968.39,1962.62,1967.91,1101.4
2026-02-20 18:30:00+00:00,1967.78,1980.5,1964.08,1975.87,5574.9
2026-02-20 18:35:00+00:00,1976.01,1976.11,1958.93,1968.34,6639.71
2026-02-20 18:40:00+00:00,1968.33,1974.95,1966.49,1971.34,2355.17
2026-02-20 18:45:00+00:00,1971.32,1978.14,1970.95,1971.32,1406.25
2026-02-20 18:50:00+00:00,1971.34,1974.04,1967.36,1971.35,1637.69
2026-02-20 18:55:00+00:00,1971.32,1975.24,1969.6,1974.64,1472.42
2026-02-20 19:00:00+00:00,1974.66,1977.26,1970.0,1970.31,1463.24
2026-02-20 19:05:00+00:00,1970.12,1971.35,1968.12,1968.98,1063.43
2026-02-20 19:10:00+00:00,1968.99,1969.61,1964.64,1965.66,1530.67
2026-02-20 19:15:00+00:00,1965.68,1966.83,1962.81,1966.49,1378.22
2026-02-20 19:20:00+00:00,1966.49,1968.38,1964.29,1967.21,1221.76
2026-02-20 19:25:00+00:00,1967.25,1967.6,1961.34,1963.41,695.73
2026-02-20 19:30:00+00:00,1963.41,1970.8,1963.23,1969.33,793.17
2026-02-20 19:35:00+00:00,1969.33,1969.83,1966.14,1966.73,912.42
2026-02-20 19:40:00+00:00,1966.73,1967.62,1961.23,1962.49,2271.82
2026-02-20 19:45:00+00:00,1962.59,1963.81,1960.64,1961.33,643.85
2026-02-20 19:50:00+00:00,1961.33,1964.81,1960.72,1962.68,536.71
2026-02-20 19:55:00+00:00,1962.46,1963.27,1960.64,1962.78,366.49
2026-02-20 20:00:00+00:00,1962.78,1966.2,1962.2,1965.32,499.97
2026-02-20 20:05:00+00:00,1965.34,1969.1,1965.32,1967.37,514.53
2026-02-20 20:10:00+00:00,1967.37,1969.5,1965.42,1968.97,376.57
2026-02-20 20:15:00+00:00,1968.98,1969.13,1964.54,1965.87,458.06
2026-02-20 20:20:00+00:00,1965.87,1966.31,1961.58,1964.42,421.49
2026-02-20 20:25:00+00:00,1964.73,1965.12,1961.94,1962.56,217.69
2026-02-20 20:30:00+00:00,1962.58,1964.63,1961.0,1962.6,446.23
2026-02-20 20:35:00+00:00,1962.58,1966.39,1962.58,1965.68,255.71
2026-02-20 20:40:00+00:00,1965.7,1968.07,1965.6,1967.67,295.7
2026-02-20 20:45:00+00:00,1967.67,1969.31,1966.98,1966.98,262.77
2026-02-20 20:50:00+00:00,1967.14,1968.56,1964.99,1967.72,330.69
2026-02-20 20:55:00+00:00,1967.81,1970.24,1966.51,1970.09,587.13
2026-02-20 21:00:00+00:00,1969.91,1973.33,1966.79,1967.59,1390.17
2026-02-20 21:05:00+00:00,1967.61,1973.48,1966.22,1971.23,1056.53
2026-02-20 21:10:00+00:00,1971.23,1972.0,1969.0,1971.76,389.37
2026-02-20 21:15:00+00:00,1971.5,1971.5,1967.96,1969.28,497.67
2026-02-20 21:20:00+00:00,1969.26,1970.07,1967.95,1969.31,465.53
2026-02-20 21:25:00+00:00,1969.33,1970.99,1969.29,1969.94,281.59
2026-02-20 21:30:00+00:00,1969.92,1972.65,1968.67,1970.94,302.08
2026-02-20 21:35:00+00:00,1970.92,1972.68,1970.19,1970.19,410.01
2026-02-20 21:40:00+00:00,1970.19,1973.81,1970.19,1972.19,493.32
2026-02-20 21:45:00+00:00,1972.21,1973.25,1971.09,1973.06,775.63
2026-02-20 21:50:00+00:00,1973.04,1973.46,1971.89,1973.14,306.18
2026-02-20 21:55:00+00:00,1973.08,1974.24,1972.74,1973.42,606.24
2026-02-20 22:00:00+00:00,1973.32,1973.32,1968.07,1969.55,691.69
2026-02-20 22:05:00+00:00,1969.59,1970.54,1968.79,1969.28,270.76
2026-02-20 22:10:00+00:00,1969.26,1969.28,1962.77,1964.55,1149.16
2026-02-20 22:15:00+00:00,1964.52,1968.24,1963.77,1967.91,622.82
2026-02-20 22:20:00+00:00,1967.91,1970.32,1966.7,1970.07,472.94
2026-02-20 22:25:00+00:00,1969.95,1970.6,1966.7,1969.42,541.25
2026-02-20 22:30:00+00:00,1969.42,1971.87,1967.77,1970.23,925.71
2026-02-20 22:35:00+00:00,1970.24,1971.1,1967.6,1968.79,481.96
2026-02-20 22:40:00+00:00,1968.79,1969.8,1967.0,1967.45,386.69
2026-02-20 22:45:00+00:00,1967.45,1969.26,1967.0,1968.41,197.6
2026-02-20 22:50:00+00:00,1968.4,1971.16,1968.07,1971.16,283.53
2026-02-20 22:55:00+00:00,1971.14,1972.38,1968.0,1970.31,419.58
2026-02-20 23:00:00+00:00,1970.19,1971.19,1968.6,1969.56,625.35
2026-02-20 23:05:00+00:00,1969.58,1972.46,1968.0,1968.94,467.7
2026-02-20 23:10:00+00:00,1968.96,1970.67,1967.02,1967.38,285.67
2026-02-20 23:15:00+00:00,1967.38,1968.69,1966.26,1968.27,359.84
2026-02-20 23:20:00+00:00,1968.27,1969.07,1966.16,1966.21,559.46
2026-02-20 23:25:00+00:00,1966.15,1968.06,1966.15,1966.51,195.06
2026-02-20 23:30:00+00:00,1966.49,1966.57,1965.0,1966.05,565.05
2026-02-20 23:35:00+00:00,1966.03,1967.91,1962.9,1962.91,554.49
2026-02-20 23:40:00+00:00,1962.91,1965.96,1962.42,1965.21,825.24
2026-02-20 23:45:00+00:00,1965.17,1966.77,1965.17,1966.0,352.13
2026-02-20 23:50:00+00:00,1966.1,1968.65,1966.1,1968.63,318.37
2026-02-20 23:55:00+00:00,1968.69,1969.13,1967.18,1967.83,501.29
2026-02-21 00:00:00+00:00,1967.82,1968.45,1964.75,1966.51,776.69
2026-02-21 00:05:00+00:00,1966.53,1967.5,1965.27,1965.62,424.13
2026-02-21 00:10:00+00:00,1965.6,1967.85,1965.6,1966.77,288.03
2026-02-21 00:15:00+00:00,1966.93,1967.39,1965.05,1965.54,890.97
2026-02-21 00:20:00+00:00,1965.54,1966.58,1965.28,1965.33,427.85
2026-02-21 00:25:00+00:00,1965.35,1965.5,1964.13,1965.15,406.05
2026-02-21 00:30:00+00:00,1965.1,1965.85,1963.46,1964.1,428.79
2026-02-21 00:35:00+00:00,1964.1,1965.14,1963.32,1964.1,362.09
2026-02-21 00:40:00+00:00,1964.1,1964.19,1962.01,1963.0,738.78
2026-02-21 00:45:00+00:00,1963.01,1963.9,1961.08,1963.77,777.95
2026-02-21 00:50:00+00:00,1963.7,1963.7,1961.0,1961.93,278.17
2026-02-21 00:55:00+00:00,1961.91,1962.45,1960.69,1962.41,373.37
2026-02-21 01:00:00+00:00,1962.49,1965.23,1962.04,1964.07,349.37
2026-02-21 01:05:00+00:00,1964.07,1965.5,1963.77,1965.1,270.47
2026-02-21 01:10:00+00:00,1964.92,1965.5,1963.48,1965.0,354.54
2026-02-21 01:15:00+00:00,1965.04,1965.56,1963.54,1963.9,458.33
2026-02-21 01:20:00+00:00,1963.88,1964.56,1962.46,1962.46,263.08
2026-02-21 01:25:00+00:00,1962.46,1963.81,1962.35,1963.31,166.0
2026-02-21 01:30:00+00:00,1963.22,1965.23,1962.89,1964.81,222.67
2026-02-21 01:35:00+00:00,1964.81,1968.39,1964.79,1968.09,362.26
2026-02-21 01:40:00+00:00,1968.09,1968.09,1966.37,1966.68,429.6
2026-02-21 01:45:00+00:00,1966.7,1967.66,1966.0,1967.23,289.39
2026-02-21 01:50:00+00:00,1967.25,1967.25,1964.84,1965.08,397.25
2026-02-21 01:55:00+00:00,1965.06,1965.8,1964.68,1965.46,317.09
2026-02-21 02:00:00+00:00,1965.65,1965.76,1963.85,1964.71,314.64
2026-02-21 02:05:00+00:00,1964.71,1967.5,1964.4,1967.5,227.02
2026-02-21 02:10:00+00:00,1967.49,1968.28,1966.73,1967.05,393.07
2026-02-21 02:15:00+00:00,1967.05,1967.49,1965.78,1967.32,260.74
2026-02-21 02:20:00+00:00,1967.3,1969.3,1967.01,1968.63,614.67
2026-02-21 02:25:00+00:00,1968.65,1969.29,1967.53,1968.56,452.11
2026-02-21 02:30:00+00:00,1968.54,1970.0,1968.48,1969.18,367.76
2026-02-21 02:35:00+00:00,1969.16,1969.27,1966.91,1967.83,237.47
2026-02-21 02:40:00+00:00,1967.87,1967.87,1966.22,1967.41,309.55
2026-02-21 02:45:00+00:00,1967.41,1967.41,1964.78,1964.86,294.68
2026-02-21 02:50:00+00:00,1964.88,1965.08,1964.36,1964.69,265.13
2026-02-21 02:55:00+00:00,1964.69,1966.5,1964.66,1964.76,286.32
2026-02-21 03:00:00+00:00,1964.76,1965.2,1959.01,1960.57,2122.62
2026-02-21 03:05:00+00:00,1960.59,1962.07,1958.53,1958.74,646.83
2026-02-21 03:10:00+00:00,1958.85,1961.35,1958.85,1959.93,481.92
2026-02-21 03:15:00+00:00,1959.95,1961.73,1959.09,1959.79,510.69
2026-02-21 03:20:00+00:00,1959.75,1961.84,1959.75,1961.84,304.11
2026-02-21 03:25:00+00:00,1961.82,1962.3,1960.84,1961.38,261.67
2026-02-21 03:30:00+00:00,1961.54,1962.72,1961.3,1961.92,251.31
2026-02-21 03:35:00+00:00,1961.76,1961.76,1960.21,1960.23,282.55
2026-02-21 03:40:00+00:00,1960.19,1960.21,1955.27,1956.78,2010.12
2026-02-21 03:45:00+00:00,1956.78,1957.71,1956.12,1957.53,567.49
2026-02-21 03:50:00+00:00,1957.55,1958.0,1957.0,1957.75,533.02
2026-02-21 03:55:00+00:00,1957.74,1958.49,1956.44,1958.39,672.41
2026-02-21 04:00:00+00:00,1958.37,1958.39,1956.47,1957.05,576.35
2026-02-21 04:05:00+00:00,1957.03,1959.72,1957.0,1958.68,664.64
2026-02-21 04:10:00+00:00,1958.68,1958.83,1957.6,1957.6,262.11
2026-02-21 04:15:00+00:00,1957.6,1958.92,1955.92,1957.24,897.71
2026-02-21 04:20:00+00:00,1957.24,1958.07,1955.28,1958.07,468.63
2026-02-21 04:25:00+00:00,1958.07,1959.85,1958.06,1959.01,333.8
2026-02-21 04:30:00+00:00,1958.99,1960.82,1958.08,1959.76,339.82
2026-02-21 04:35:00+00:00,1959.79,1961.58,1959.64,1959.64,732.15
2026-02-21 04:40:00+00:00,1959.65,1960.81,1959.2,1959.34,160.67
2026-02-21 04:45:00+00:00,1959.35,1959.83,1958.74,1958.88,283.96
2026-02-21 04:50:00+00:00,1958.9,1960.06,1958.29,1958.99,247.44
2026-02-21 04:55:00+00:00,1958.99,1962.64,1958.99,1961.54,450.74
2026-02-21 05:00:00+00:00,1961.54,1962.6,1961.22,1962.41,309.74
2026-02-21 05:05:00+00:00,1962.41,1962.43,1960.64,1961.28,292.67
2026-02-21 05:10:00+00:00,1961.26,1961.28,1960.2,1960.5,141.37
2026-02-21 05:15:00+00:00,1960.48,1962.86,1960.42,1961.98,646.73
2026-02-21 05:20:00+00:00,1961.96,1962.3,1961.34,1962.17,186.62
2026-02-21 05:25:00+00:00,1962.17,1963.0,1960.96,1962.99,225.78
2026-02-21 05:30:00+00:00,1962.99,1963.67,1962.26,1963.48,790.89
2026-02-21 05:35:00+00:00,1963.46,1963.48,1961.49,1962.15,271.69
2026-02-21 05:40:00+00:00,1962.15,1963.0,1962.13,1962.8,269.51
2026-02-21 05:45:00+00:00,1962.8,1963.12,1960.72,1960.72,222.08
2026-02-21 05:50:00+00:00,1960.72,1962.33,1960.66,1961.54,266.08
2026-02-21 05:55:00+00:00,1961.54,1962.1,1960.6,1961.87,354.98
2026-02-21 06:00:00+00:00,1961.85,1963.13,1961.59,1962.59,518.6
2026-02-21 06:05:00+00:00,1962.57,1963.41,1961.2,1961.93,344.05
2026-02-21 06:10:00+00:00,1961.89,1965.46,1961.82,1964.98,972.17
2026-02-21 06:15:00+00:00,1964.96,1965.17,1963.75,1964.37,350.86
2026-02-21 06:20:00+00:00,1964.37,1964.77,1962.5,1962.71,293.04
2026-02-21 06:25:00+00:00,1962.73,1963.26,1962.43,1962.43,351.96
2026-02-21 06:30:00+00:00,1962.45,1962.46,1960.04,1961.47,852.04
2026-02-21 06:35:00+00:00,1961.49,1961.73,1960.07,1961.23,998.07
2026-02-21 06:40:00+00:00,1961.23,1962.24,1961.13,1961.32,404.45
2026-02-21 06:45:00+00:00,1961.34,1961.74,1959.47,1960.12,1317.45
2026-02-21 06:50:00+00:00,1960.14,1961.34,1959.58,1960.37,390.61
2026-02-21 06:55:00+00:00,1960.35,1960.98,1960.24,1960.54,275.66
2026-02-21 07:00:00+00:00,1960.54,1960.61,1959.03,1960.25,283.07
2026-02-21 07:05:00+00:00,1960.25,1964.17,1960.05,1962.72,592.78
2026-02-21 07:10:00+00:00,1962.7,1962.91,1962.2,1962.53,383.12
2026-02-21 07:15:00+00:00,1962.51,1963.61,1962.46,1962.55,204.89
2026-02-21 07:20:00+00:00,1962.55,1963.14,1961.95,1961.97,414.86
2026-02-21 07:25:00+00:00,1961.95,1962.59,1961.86,1962.57,184.67
2026-02-21 07:30:00+00:00,1962.65,1963.11,1961.85,1961.99,216.55
2026-02-21 07:35:00+00:00,1961.97,1963.44,1960.28,1962.99,415.31
2026-02-21 07:40:00+00:00,1963.01,1963.01,1960.52,1960.85,216.21
2026-02-21 07:45:00+00:00,1960.87,1961.71,1960.53,1961.38,261.45
2026-02-21 07:50:00+00:00,1961.38,1962.35,1960.92,1960.94,306.73
2026-02-21 07:55:00+00:00,1960.92,1962.16,1960.57,1962.0,449.77
2026-02-21 08:00:00+00:00,1961.98,1962.9,1961.2,1962.88,380.95
2026-02-21 08:05:00+00:00,1962.88,1964.74,1962.57,1963.94,427.26
2026-02-21 08:10:00+00:00,1963.92,1964.46,1963.53,1963.84,444.85
2026-02-21 08:15:00+00:00,1963.86,1964.89,1963.18,1963.63,377.48
2026-02-21 08:20:00+00:00,1963.63,1964.3,1963.58,1964.2,384.88
2026-02-21 08:25:00+00:00,1964.2,1964.98,1963.57,1963.64,270.43
2026-02-21 08:30:00+00:00,1963.66,1964.6,1963.24,1964.46,284.93
2026-02-21 08:35:00+00:00,1964.44,1964.46,1963.26,1963.28,673.26
2026-02-21 08:40:00+00:00,1963.26,1965.86,1962.89,1965.22,1234.61
2026-02-21 08:45:00+00:00,1965.2,1966.59,1964.32,1966.44,697.51
2026-02-21 08:50:00+00:00,1966.44,1967.2,1963.9,1966.85,527.51
2026-02-21 08:55:00+00:00,1966.85,1970.37,1965.94,1968.1,2120.25
2026-02-21 09:00:00+00:00,1968.1,1969.82,1967.36,1967.44,955.1
2026-02-21 09:05:00+00:00,1967.44,1968.62,1966.72,1966.73,362.59
2026-02-21 09:10:00+00:00,1966.75,1967.13,1966.26,1966.93,408.77
2026-02-21 09:15:00+00:00,1966.93,1971.79,1966.93,1970.93,1941.5
2026-02-21 09:20:00+00:00,1970.93,1976.98,1970.4,1975.76,3900.37
2026-02-21 09:25:00+00:00,1975.76,1976.14,1974.32,1974.83,1027.06
2026-02-21 09:30:00+00:00,1974.85,1976.33,1972.56,1972.81,1014.66
2026-02-21 09:35:00+00:00,1972.81,1974.56,1970.44,1973.63,1247.18
2026-02-21 09:40:00+00:00,1973.61,1974.43,1971.52,1972.03,679.89
2026-02-21 09:45:00+00:00,1972.03,1972.88,1971.61,1971.66,491.72
2026-02-21 09:50:00+00:00,1971.66,1971.66,1970.0,1970.12,418.33
2026-02-21 09:55:00+00:00,1970.14,1970.14,1969.3,1969.5,1300.96
2026-02-21 10:00:00+00:00,1969.51,1971.81,1969.12,1971.74,722.01
2026-02-21 10:05:00+00:00,1971.76,1972.7,1971.2,1971.27,481.68
2026-02-21 10:10:00+00:00,1971.29,1971.72,1970.38,1971.15,471.47
2026-02-21 10:15:00+00:00,1971.13,1972.68,1970.0,1970.42,500.89
2026-02-21 10:20:00+00:00,1970.4,1971.93,1970.19,1971.56,313.73
2026-02-21 10:25:00+00:00,1971.58,1972.91,1971.0,1972.41,818.21
2026-02-21 10:30:00+00:00,1972.38,1973.67,1972.17,1972.38,397.36
2026-02-21 10:35:00+00:00,1972.36,1974.13,1972.3,1974.03,326.24
2026-02-21 10:40:00+00:00,1974.03,1974.19,1972.88,1974.12,271.98
2026-02-21 10:45:00+00:00,1974.03,1974.03,1972.57,1972.73,288.74
2026-02-21 10:50:00+00:00,1972.73,1973.99,1971.83,1972.21,250.75
2026-02-21 10:55:00+00:00,1972.21,1973.38,1971.8,1973.35,385.99
2026-02-21 11:00:00+00:00,1973.33,1974.21,1972.9,1972.91,612.74
2026-02-21 11:05:00+00:00,1972.9,1979.84,1972.9,1979.29,2213.87
2026-02-21 11:10:00+00:00,1979.29,1980.74,1977.65,1978.26,3493.23
2026-02-21 11:15:00+00:00,1978.23,1983.1,1977.35,1982.92,2624.11
2026-02-21 11:20:00+00:00,1982.9,1987.91,1981.99,1982.99,4915.43
2026-02-21 11:25:00+00:00,1982.92,1983.71,1981.27,1982.67,1207.81
2026-02-21 11:30:00+00:00,1982.63,1983.94,1978.7,1979.64,1429.15
2026-02-21 11:35:00+00:00,1979.64,1980.17,1978.41,1979.84,1129.7
2026-02-21 11:40:00+00:00,1979.82,1980.21,1976.73,1976.99,653.66
2026-02-21 11:45:00+00:00,1977.0,1979.44,1976.92,1977.31,835.97
2026-02-21 11:50:00+00:00,1977.31,1978.5,1976.56,1976.99,675.38
2026-02-21 11:55:00+00:00,1977.0,1977.89,1975.46,1976.28,666.99
2026-02-21 12:00:00+00:00,1976.26,1977.93,1976.26,1977.39,561.51
2026-02-21 12:05:00+00:00,1977.41,1977.49,1974.46,1974.96,1105.45
2026-02-21 12:10:00+00:00,1974.98,1975.82,1973.16,1973.65,659.36
2026-02-21 12:15:00+00:00,1973.63,1974.1,1972.74,1973.07,935.9
2026-02-21 12:20:00+00:00,1973.07,1974.57,1972.86,1973.11,663.95
2026-02-21 12:25:00+00:00,1973.11,1973.76,1968.52,1970.24,1845.67
2026-02-21 12:30:00+00:00,1970.24,1971.26,1968.9,1971.02,965.23
2026-02-21 12:35:00+00:00,1971.07,1972.61,1970.8,1971.39,642.12
2026-02-21 12:40:00+00:00,1971.39,1972.67,1970.93,1971.66,511.11
2026-02-21 12:45:00+00:00,1971.66,1973.83,1970.0,1973.23,1621.66
2026-02-21 12:50:00+00:00,1973.23,1974.94,1971.99,1974.48,956.02
2026-02-21 12:55:00+00:00,1974.48,1975.5,1973.71,1975.27,713.4
2026-02-21 13:00:00+00:00,1975.25,1975.34,1973.4,1973.48,610.37
2026-02-21 13:05:00+00:00,1973.48,1975.47,1973.46,1975.47,288.71
2026-02-21 13:10:00+00:00,1975.46,1975.46,1972.26,1973.57,472.36
2026-02-21 13:15:00+00:00,1973.54,1974.26,1971.76,1973.77,387.17
2026-02-21 13:20:00+00:00,1973.77,1976.63,1973.77,1976.21,507.55
2026-02-21 13:25:00+00:00,1976.19,1977.65,1974.45,1976.59,508.12
2026-02-21 13:30:00+00:00,1976.61,1977.38,1975.39,1975.43,443.73
2026-02-21 13:35:00+00:00,1975.43,1975.92,1974.44,1975.61,497.3
2026-02-21 13:40:00+00:00,1975.56,1977.43,1975.36,1977.05,373.54
2026-02-21 13:45:00+00:00,1977.03,1979.69,1976.97,1979.65,892.97
2026-02-21 13:50:00+00:00,1979.65,1980.69,1977.83,1977.83,1238.54
2026-02-21 13:55:00+00:00,1977.85,1980.72,1977.4,1980.42,664.19
2026-02-21 14:00:00+00:00,1980.31,1980.64,1978.0,1978.52,703.39
2026-02-21 14:05:00+00:00,1978.52,1984.36,1978.1,1981.07,2453.2
2026-02-21 14:10:00+00:00,1981.07,1981.83,1979.36,1980.65,645.64
2026-02-21 14:15:00+00:00,1980.55,1981.77,1978.83,1981.11,636.52
2026-02-21 14:20:00+00:00,1981.11,1994.66,1980.86,1989.63,7836.66
2026-02-21 14:25:00+00:00,1989.63,1993.87,1986.78,1987.68,3499.87
2026-02-21 14:30:00+00:00,1987.68,1991.2,1986.41,1989.21,2761.54
2026-02-21 14:35:00+00:00,1989.15,1991.46,1986.53,1990.12,1445.33
2026-02-21 14:40:00+00:00,1990.12,1990.63,1987.61,1988.63,981.45
2026-02-21 14:45:00+00:00,1988.62,1990.24,1987.0,1987.74,839.43
2026-02-21 14:50:00+00:00,1987.82,1992.62,1986.45,1987.27,1454.46
2026-02-21 14:55:00+00:00,1987.13,1988.13,1985.42,1986.66,1310.38
2026-02-21 15:00:00+00:00,1986.64,1989.45,1986.23,1986.52,1156.02
2026-02-21 15:05:00+00:00,1986.55,1988.5,1985.31,1988.43,562.36
2026-02-21 15:10:00+00:00,1988.45,1991.0,1986.9,1988.17,1473.34
2026-02-21 15:15:00+00:00,1988.19,1990.94,1987.0,1990.2,814.23
2026-02-21 15:20:00+00:00,1990.22,1990.88,1989.2,1989.48,636.19
2026-02-21 15:25:00+00:00,1989.5,1989.56,1985.0,1985.01,734.15
2026-02-21 15:30:00+00:00,1985.0,1988.09,1983.28,1988.09,1990.37
2026-02-21 15:35:00+00:00,1988.08,1988.15,1986.3,1987.02,452.38
2026-02-21 15:40:00+00:00,1987.02,1992.5,1987.0,1989.6,1189.53
2026-02-21 15:45:00+00:00,1989.58,1990.26,1988.03,1988.53,562.11
2026-02-21 15:50:00+00:00,1988.57,1990.72,1988.12,1988.78,639.1
2026-02-21 15:55:00+00:00,1988.77,1989.46,1987.2,1987.21,536.28
2026-02-21 16:00:00+00:00,1987.21,1988.24,1979.02,1979.58,5022.49
2026-02-21 16:05:00+00:00,1979.58,1982.6,1977.15,1982.57,2340.74
2026-02-21 16:10:00+00:00,1982.47,1982.86,1980.92,1980.92,943.84
2026-02-21 16:15:00+00:00,1980.94,1983.32,1979.1,1982.3,1373.38
2026-02-21 16:20:00+00:00,1982.3,1983.0,1978.73,1980.4,986.06
2026-02-21 16:25:00+00:00,1980.46,1983.3,1975.45,1983.25,2191.61
2026-02-21 16:30:00+00:00,1983.23,1984.0,1980.19,1982.21,1134.12
2026-02-21 16:35:00+00:00,1982.28,1988.59,1982.28,1988.39,3129.41
2026-02-21 16:40:00+00:00,1988.39,1988.84,1987.11,1988.07,1471.6
2026-02-21 16:45:00+00:00,1988.06,1988.06,1986.41,1987.53,580.01
2026-02-21 16:50:00+00:00,1987.55,1988.96,1987.36,1987.66,513.49
2026-02-21 16:55:00+00:00,1987.61,1987.61,1984.68,1985.61,574.88
2026-02-21 17:00:00+00:00,1985.61,1987.66,1985.13,1986.69,357.47
2026-02-21 17:05:00+00:00,1986.71,1987.32,1983.6,1986.32,543.38
2026-02-21 17:10:00+00:00,1986.3,1987.08,1986.03,1986.41,468.29
2026-02-21 17:15:00+00:00,1986.46,1986.81,1983.68,1983.68,1389.29
2026-02-21 17:20:00+00:00,1983.73,1985.78,1983.73,1985.09,325.58
2026-02-21 17:25:00+00:00,1984.97,1986.88,1983.36,1985.16,672.87
2026-02-21 17:30:00+00:00,1985.18,1986.22,1984.3,1984.98,333.93
2026-02-21 17:35:00+00:00,1984.98,1988.12,1984.98,1987.89,807.3
2026-02-21 17:40:00+00:00,1987.89,1991.42,1987.89,1988.83,1480.2
2026-02-21 17:45:00+00:00,1988.81,1990.0,1988.28,1989.01,603.43
2026-02-21 17:50:00+00:00,1988.9,1990.51,1986.81,1989.05,5668.11
2026-02-21 17:55:00+00:00,1989.05,1989.7,1987.34,1988.16,471.95
2026-02-21 18:00:00+00:00,1988.16,1989.26,1987.72,1988.67,224.09
2026-02-21 18:05:00+00:00,1988.67,1989.8,1987.12,1987.12,275.87
2026-02-21 18:10:00+00:00,1987.12,1988.07,1987.0,1987.01,507.07
2026-02-21 18:15:00+00:00,1987.0,1989.48,1987.0,1989.48,213.28
2026-02-21 18:20:00+00:00,1989.48,1990.25,1988.07,1989.3,548.53
2026-02-21 18:25:00+00:00,1989.3,1990.0,1988.27,1989.28,242.63
2026-02-21 18:30:00+00:00,1989.28,1991.54,1989.22,1990.14,767.97
2026-02-21 18:35:00+00:00,1990.14,1994.0,1989.55,1991.69,1597.05
2026-02-21 18:40:00+00:00,1991.67,1991.85,1990.28,1991.48,1161.0
2026-02-21 18:45:00+00:00,1991.5,1994.58,1990.17,1993.87,958.63
2026-02-21 18:50:00+00:00,1993.85,1994.4,1993.28,1994.0,477.71
2026-02-21 18:55:00+00:00,1993.99,1995.12,1990.76,1991.39,3052.07
2026-02-21 19:00:00+00:00,1991.39,1991.78,1989.24,1990.04,728.38
2026-02-21 19:05:00+00:00,1989.98,1991.55,1989.82,1991.5,306.52
2026-02-21 19:10:00+00:00,1991.52,1993.45,1990.08,1991.58,1146.66
2026-02-21 19:15:00+00:00,1991.56,1992.02,1991.33,1992.02,212.79
2026-02-21 19:20:00+00:00,1992.02,1992.02,1990.04,1990.88,666.62
2026-02-21 19:25:00+00:00,1990.88,1991.55,1990.14,1990.55,383.44
2026-02-21 19:30:00+00:00,1990.53,1990.88,1989.13,1989.57,322.87
2026-02-21 19:35:00+00:00,1989.57,1990.69,1989.27,1989.75,566.87
2026-02-21 19:40:00+00:00,1989.73,1990.25,1989.2,1989.77,249.81
2026-02-21 19:45:00+00:00,1989.58,1989.58,1988.98,1989.11,247.9
2026-02-21 19:50:00+00:00,1989.02,1989.02,1986.85,1987.91,778.05
2026-02-21 19:55:00+00:00,1987.91,1988.34,1987.31,1987.62,228.84
2026-02-21 20:00:00+00:00,1987.6,1987.75,1986.2,1986.8,467.05
2026-02-21 20:05:00+00:00,1986.8,1988.4,1986.06,1986.67,330.16
2026-02-21 20:10:00+00:00,1986.7,1987.58,1986.09,1986.35,231.95
2026-02-21 20:15:00+00:00,1986.37,1989.68,1986.19,1989.13,447.99
2026-02-21 20:20:00+00:00,1989.14,1989.68,1988.2,1989.63,476.09
2026-02-21 20:25:00+00:00,1989.44,1989.67,1988.59,1988.61,299.08
2026-02-21 20:30:00+00:00,1988.61,1989.92,1987.63,1988.54,222.83
2026-02-21 20:35:00+00:00,1988.52,1988.56,1983.03,1985.07,2564.55
2026-02-21 20:40:00+00:00,1985.07,1985.09,1982.06,1983.15,1424.36
2026-02-21 20:45:00+00:00,1983.17,1983.77,1980.88,1982.32,956.32
2026-02-21 20:50:00+00:00,1982.32,1983.63,1976.57,1978.29,2523.56
2026-02-21 20:55:00+00:00,1978.44,1979.68,1973.0,1973.22,2220.26
2026-02-21 21:00:00+00:00,1973.22,1976.03,1969.17,1974.59,4905.06
2026-02-21 21:05:00+00:00,1974.64,1977.28,1974.0,1977.22,1233.13
2026-02-21 21:10:00+00:00,1976.98,1976.98,1974.2,1976.22,650.34
2026-02-21 21:15:00+00:00,1976.22,1978.68,1975.83,1977.22,682.83
2026-02-21 21:20:00+00:00,1977.23,1979.07,1976.54,1978.7,566.67
2026-02-21 21:25:00+00:00,1978.67,1978.86,1977.82,1977.82,404.96
2026-02-21 21:30:00+00:00,1977.82,1978.44,1976.2,1976.2,565.24
2026-02-21 21:35:00+00:00,1976.17,1979.69,1976.13,1978.71,455.09
2026-02-21 21:40:00+00:00,1978.7,1980.45,1977.75,1977.8,625.29
2026-02-21 21:45:00+00:00,1977.8,1979.72,1977.77,1978.4,293.28
2026-02-21 21:50:00+00:00,1978.56,1979.98,1978.56,1979.96,228.18
2026-02-21 21:55:00+00:00,1979.96,1981.55,1979.59,1981.23,759.98
2026-02-21 22:00:00+00:00,1981.21,1981.71,1979.62,1980.22,510.03
2026-02-21 22:05:00+00:00,1980.2,1980.58,1978.56,1979.43,210.86
2026-02-21 22:10:00+00:00,1979.43,1979.83,1976.05,1977.29,365.96
2026-02-21 22:15:00+00:00,1977.29,1979.41,1976.92,1978.73,319.04
2026-02-21 22:20:00+00:00,1978.75,1978.78,1977.34,1977.72,180.36
2026-02-21 22:25:00+00:00,1977.63,1977.63,1974.42,1975.55,545.51
2026-02-21 22:30:00+00:00,1975.58,1975.94,1973.74,1973.8,376.6
2026-02-21 22:35:00+00:00,1973.8,1976.23,1973.41,1973.53,730.45
2026-02-21 22:40:00+00:00,1973.49,1975.01,1971.2,1973.64,725.95
2026-02-21 22:45:00+00:00,1973.66,1976.81,1972.08,1974.43,838.18
2026-02-21 22:50:00+00:00,1974.43,1975.36,1973.6,1973.87,384.02
2026-02-21 22:55:00+00:00,1973.87,1974.26,1972.08,1973.53,417.81
2026-02-21 23:00:00+00:00,1973.55,1974.81,1971.34,1971.86,725.25
2026-02-21 23:05:00+00:00,1971.99,1973.09,1970.59,1970.78,512.43
2026-02-21 23:10:00+00:00,1970.7,1972.75,1970.23,1971.32,449.17
2026-02-21 23:15:00+00:00,1971.34,1974.19,1970.48,1973.66,364.53
2026-02-21 23:20:00+00:00,1973.66,1976.33,1973.66,1975.71,524.94
2026-02-21 23:25:00+00:00,1975.71,1977.0,1974.49,1975.89,403.92
2026-02-21 23:30:00+00:00,1975.89,1975.96,1974.07,1975.96,1106.04
2026-02-21 23:35:00+00:00,1975.96,1976.05,1975.32,1975.82,363.12
2026-02-21 23:40:00+00:00,1975.74,1975.88,1974.6,1974.68,162.08
2026-02-21 23:45:00+00:00,1974.68,1974.87,1972.61,1973.02,237.77
2026-02-21 23:50:00+00:00,1973.02,1973.89,1972.4,1972.94,435.89
2026-02-21 23:55:00+00:00,1972.94,1973.86,1972.53,1972.55,250.76
2026-02-22 00:00:00+00:00,1972.55,1974.21,1971.19,1973.22,629.18
2026-02-22 00:05:00+00:00,1973.24,1974.11,1971.47,1974.09,1463.54
2026-02-22 00:10:00+00:00,1973.99,1974.46,1972.74,1972.76,1266.92
2026-02-22 00:15:00+00:00,1972.76,1974.34,1971.14,1972.05,408.43
2026-02-22 00:20:00+00:00,1972.05,1972.07,1968.0,1969.01,2528.77
2026-02-22 00:25:00+00:00,1969.01,1969.77,1967.22,1969.55,1519.6
2026-02-22 00:30:00+00:00,1969.56,1970.34,1967.92,1969.62,783.65
2026-02-22 00:35:00+00:00,1969.74,1970.19,1968.62,1969.74,339.14
2026-02-22 00:40:00+00:00,1969.74,1969.93,1967.85,1967.85,331.69
2026-02-22 00:45:00+00:00,1967.96,1969.89,1967.96,1968.92,416.39
2026-02-22 00:50:00+00:00,1968.92,1970.02,1968.52,1969.9,273.78
2026-02-22 00:55:00+00:00,1969.91,1972.2,1969.89,1972.11,299.85
2026-02-22 01:00:00+00:00,1972.13,1975.19,1971.67,1973.54,1050.72
2026-02-22 01:05:00+00:00,1973.54,1975.57,1973.26,1973.73,1358.94
2026-02-22 01:10:00+00:00,1973.71,1973.89,1972.42,1972.88,511.83
2026-02-22 01:15:00+00:00,1972.88,1977.53,1971.5,1975.25,1131.06
2026-02-22 01:20:00+00:00,1975.23,1976.99,1974.88,1976.9,541.53
2026-02-22 01:25:00+00:00,1976.93,1977.0,1975.86,1976.82,635.11
2026-02-22 01:30:00+00:00,1976.82,1978.73,1976.35,1976.48,1079.63
2026-02-22 01:35:00+00:00,1976.38,1977.25,1975.69,1975.69,370.59
2026-02-22 01:40:00+00:00,1975.81,1977.67,1975.81,1977.55,239.71
2026-02-22 01:45:00+00:00,1977.29,1979.24,1976.77,1977.88,450.29
2026-02-22 01:50:00+00:00,1977.9,1978.63,1976.04,1976.16,604.32
2026-02-22 01:55:00+00:00,1976.18,1976.57,1975.29,1976.48,440.93
2026-02-22 02:00:00+00:00,1976.46,1980.0,1974.51,1977.98,1075.7
2026-02-22 02:05:00+00:00,1978.0,1982.0,1977.25,1980.43,1293.73
2026-02-22 02:10:00+00:00,1980.49,1981.44,1979.68,1979.91,872.88
2026-02-22 02:15:00+00:00,1979.91,1979.92,1977.58,1977.69,444.21
2026-02-22 02:20:00+00:00,1977.69,1977.79,1975.5,1975.51,665.01
2026-02-22 02:25:00+00:00,1975.51,1976.6,1974.23,1974.3,1124.52
2026-02-22 02:30:00+00:00,1974.28,1975.5,1974.07,1974.89,473.13
2026-02-22 02:35:00+00:00,1974.89,1974.97,1972.22,1972.97,1143.79
2026-02-22 02:40:00+00:00,1972.97,1972.99,1972.2,1972.89,465.01
2026-02-22 02:45:00+00:00,1972.89,1974.54,1972.2,1973.01,768.89
2026-02-22 02:50:00+00:00,1973.0,1974.15,1972.58,1973.8,225.67
2026-02-22 02:55:00+00:00,1973.8,1973.91,1971.08,1971.44,869.89
2026-02-22 03:00:00+00:00,1971.44,1973.81,1970.96,1971.18,700.1
2026-02-22 03:05:00+00:00,1971.16,1974.02,1971.03,1973.7,617.87
2026-02-22 03:10:00+00:00,1973.68,1975.32,1972.71,1974.0,393.92
2026-02-22 03:15:00+00:00,1974.02,1974.65,1966.41,1968.23,1227.16
2026-02-22 03:20:00+00:00,1968.24,1970.5,1966.89,1969.58,1621.54
2026-02-22 03:25:00+00:00,1969.61,1970.4,1968.95,1969.84,588.77
2026-02-22 03:30:00+00:00,1969.86,1972.43,1969.7,1971.96,541.32
2026-02-22 03:35:00+00:00,1971.94,1972.6,1971.06,1971.38,352.41
2026-02-22 03:40:00+00:00,1971.38,1972.8,1969.22,1971.61,503.39
2026-02-22 03:45:00+00:00,1971.54,1973.48,1970.44,1972.31,577.32
2026-02-22 03:50:00+00:00,1972.31,1973.56,1972.01,1972.54,270.94
2026-02-22 03:55:00+00:00,1972.56,1974.57,1972.21,1973.77,345.58
2026-02-22 04:00:00+00:00,1973.77,1975.32,1973.41,1975.2,740.49
2026-02-22 04:05:00+00:00,1975.2,1975.3,1973.33,1973.72,606.6
2026-02-22 04:10:00+00:00,1973.72,1974.46,1973.58,1973.9,192.37
2026-02-22 04:15:00+00:00,1973.9,1974.78,1971.83,1973.72,419.26
2026-02-22 04:20:00+00:00,1973.72,1974.11,1970.74,1971.4,394.17
2026-02-22 04:25:00+00:00,1971.38,1972.01,1970.27,1971.24,489.45
2026-02-22 04:30:00+00:00,1971.24,1972.69,1971.24,1971.73,212.86
2026-02-22 04:35:00+00:00,1971.73,1973.6,1971.36,1971.38,265.02
2026-02-22 04:40:00+00:00,1971.36,1972.42,1970.16,1971.0,542.03
2026-02-22 04:45:00+00:00,1971.0,1972.29,1970.92,1972.12,494.94
2026-02-22 04:50:00+00:00,1972.12,1973.31,1972.12,1973.18,422.43
2026-02-22 04:55:00+00:00,1973.18,1973.66,1972.12,1972.86,425.63
2026-02-22 05:00:00+00:00,1972.86,1973.87,1972.56,1972.68,266.25
2026-02-22 05:05:00+00:00,1972.68,1973.59,1972.24,1972.24,139.55
2026-02-22 05:10:00+00:00,1972.24,1972.4,1970.08,1971.4,523.69
2026-02-22 05:15:00+00:00,1971.4,1971.93,1971.02,1971.52,330.22
2026-02-22 05:20:00+00:00,1971.5,1972.84,1971.42,1972.83,176.39
2026-02-22 05:25:00+00:00,1972.83,1973.67,1972.37,1972.85,460.79
2026-02-22 05:30:00+00:00,1972.85,1973.12,1971.78,1971.97,153.89
2026-02-22 05:35:00+00:00,1971.97,1972.69,1971.95,1972.31,387.76
2026-02-22 05:40:00+00:00,1972.31,1972.97,1971.87,1972.21,169.88
2026-02-22 05:45:00+00:00,1972.21,1972.5,1970.56,1971.74,287.12
2026-02-22 05:50:00+00:00,1971.74,1973.0,1971.43,1972.34,475.38
2026-02-22 05:55:00+00:00,1972.34,1974.3,1972.01,1974.14,608.96
2026-02-22 06:00:00+00:00,1974.14,1975.32,1973.52,1975.31,538.74
2026-02-22 06:05:00+00:00,1975.32,1976.07,1975.0,1975.29,685.45
2026-02-22 06:10:00+00:00,1975.27,1975.4,1973.24,1974.99,597.17
2026-02-22 06:15:00+00:00,1974.98,1975.55,1974.04,1975.14,391.75
2026-02-22 06:20:00+00:00,1975.16,1975.16,1973.89,1974.09,235.07
2026-02-22 06:25:00+00:00,1974.07,1977.34,1974.07,1976.16,673.38
2026-02-22 06:30:00+00:00,1976.16,1978.9,1975.31,1977.29,1409.83
2026-02-22 06:35:00+00:00,1977.28,1977.28,1975.56,1975.77,722.15
2026-02-22 06:40:00+00:00,1975.77,1976.08,1975.05,1975.21,334.76
2026-02-22 06:45:00+00:00,1975.21,1976.0,1974.3,1974.58,409.62
2026-02-22 06:50:00+00:00,1974.56,1975.07,1974.04,1974.69,476.67
2026-02-22 06:55:00+00:00,1974.69,1975.26,1974.05,1975.16,524.36
2026-02-22 07:00:00+00:00,1975.16,1975.73,1974.48,1975.28,374.24
2026-02-22 07:05:00+00:00,1975.28,1975.3,1974.03,1974.98,263.66
2026-02-22 07:10:00+00:00,1974.98,1976.36,1974.95,1976.36,476.75
2026-02-22 07:15:00+00:00,1976.35,1976.36,1973.45,1974.26,448.66
2026-02-22 07:20:00+00:00,1974.26,1975.12,1973.94,1974.48,585.13
2026-02-22 07:25:00+00:00,1974.46,1976.66,1974.4,1975.32,245.42
2026-02-22 07:30:00+00:00,1975.32,1976.21,1974.8,1975.76,415.7
2026-02-22 07:35:00+00:00,1975.78,1976.17,1974.51,1976.15,352.02
2026-02-22 07:40:00+00:00,1976.17,1977.9,1976.13,1976.84,614.13
2026-02-22 07:45:00+00:00,1976.84,1977.14,1976.03,1976.04,275.66
2026-02-22 07:50:00+00:00,1976.06,1976.96,1975.0,1975.22,274.74
2026-02-22 07:55:00+00:00,1975.23,1975.95,1974.81,1975.08,252.81
2026-02-22 08:00:00+00:00,1975.08,1975.61,1974.51,1975.59,279.14
2026-02-22 08:05:00+00:00,1975.59,1975.61,1973.61,1974.2,312.67
2026-02-22 08:10:00+00:00,1974.18,1976.22,1974.18,1975.87,207.91
2026-02-22 08:15:00+00:00,1975.87,1976.33,1975.07,1975.37,478.56
2026-02-22 08:20:00+00:00,1975.39,1975.39,1973.0,1973.36,426.17
2026-02-22 08:25:00+00:00,1973.36,1973.52,1970.51,1972.32,1553.38
2026-02-22 08:30:00+00:00,1972.3,1972.66,1969.38,1971.21,1552.18
2026-02-22 08:35:00+00:00,1971.37,1973.12,1971.12,1972.78,843.9
2026-02-22 08:40:00+00:00,1972.78,1972.78,1971.4,1971.65,289.26
2026-02-22 08:45:00+00:00,1971.65,1972.11,1970.62,1970.86,267.01
2026-02-22 08:50:00+00:00,1970.87,1971.86,1970.62,1971.86,556.78
2026-02-22 08:55:00+00:00,1971.86,1973.2,1971.6,1972.5,374.48
2026-02-22 09:00:00+00:00,1972.53,1973.26,1971.12,1972.23,549.54
2026-02-22 09:05:00+00:00,1972.23,1972.52,1971.15,1972.45,1156.76
2026-02-22 09:10:00+00:00,1972.47,1972.47,1971.14,1971.79,203.26
2026-02-22 09:15:00+00:00,1971.81,1973.87,1971.62,1972.97,1992.17
2026-02-22 09:20:00+00:00,1972.97,1973.5,1971.7,1972.97,390.6
2026-02-22 09:25:00+00:00,1972.97,1973.23,1972.03,1972.6,274.68
2026-02-22 09:30:00+00:00,1972.62,1973.32,1971.8,1972.48,257.54
2026-02-22 09:35:00+00:00,1972.49,1973.87,1970.71,1972.4,545.63
2026-02-22 09:40:00+00:00,1972.53,1974.05,1971.99,1973.85,443.34
2026-02-22 09:45:00+00:00,1973.85,1975.14,1973.8,1974.67,461.34
2026-02-22 09:50:00+00:00,1974.65,1975.08,1974.36,1975.08,286.28
2026-02-22 09:55:00+00:00,1975.08,1975.38,1974.71,1974.79,285.81
2026-02-22 10:00:00+00:00,1974.79,1975.58,1974.43,1975.58,420.75
2026-02-22 10:05:00+00:00,1975.6,1976.2,1974.69,1975.67,1175.19
2026-02-22 10:10:00+00:00,1975.65,1975.67,1974.24,1974.26,216.84
2026-02-22 10:15:00+00:00,1974.24,1976.0,1973.87,1975.99,261.4
2026-02-22 10:20:00+00:00,1976.0,1978.65,1975.79,1977.46,1078.2
2026-02-22 10:25:00+00:00,1977.44,1977.56,1976.37,1977.1,364.57
2026-02-22 10:30:00+00:00,1977.08,1979.18,1976.54,1976.54,745.75
2026-02-22 10:35:00+00:00,1976.54,1977.99,1976.49,1977.57,475.78
2026-02-22 10:40:00+00:00,1977.57,1978.5,1977.57,1977.68,201.95
2026-02-22 10:45:00+00:00,1977.68,1977.79,1976.27,1977.19,305.19
2026-02-22 10:50:00+00:00,1977.19,1977.38,1976.54,1976.73,374.65
2026-02-22 10:55:00+00:00,1976.75,1976.99,1976.41,1976.43,201.89
2026-02-22 11:00:00+00:00,1976.41,1980.79,1976.41,1979.84,1647.98
2026-02-22 11:05:00+00:00,1979.84,1981.64,1979.55,1980.18,1656.19
2026-02-22 11:10:00+00:00,1980.18,1981.0,1979.21,1980.82,709.91
2026-02-22 11:15:00+00:00,1980.81,1982.19,1980.24,1980.58,1022.52
2026-02-22 11:20:00+00:00,1980.56,1981.04,1979.14,1980.4,409.54
2026-02-22 11:25:00+00:00,1980.42,1980.42,1979.3,1979.34,364.99
2026-02-22 11:30:00+00:00,1979.36,1980.87,1978.61,1980.83,490.71
2026-02-22 11:35:00+00:00,1980.83,1982.27,1978.58,1979.5,649.08
2026-02-22 11:40:00+00:00,1979.48,1980.01,1978.26,1978.55,497.29
2026-02-22 11:45:00+00:00,1978.55,1979.2,1978.24,1979.07,625.88
2026-02-22 11:50:00+00:00,1979.07,1979.87,1978.8,1979.37,222.66
2026-02-22 11:55:00+00:00,1979.39,1979.86,1978.25,1979.81,212.24
2026-02-22 12:00:00+00:00,1979.79,1980.61,1976.4,1976.81,612.23
2026-02-22 12:05:00+00:00,1976.81,1976.81,1972.23,1973.85,1984.77
2026-02-22 12:10:00+00:00,1973.85,1975.43,1971.26,1972.88,1811.29
2026-02-22 12:15:00+00:00,1972.9,1974.84,1972.29,1972.64,1829.45
2026-02-22 12:20:00+00:00,1972.64,1974.51,1970.4,1973.25,1125.65
2026-02-22 12:25:00+00:00,1973.23,1973.94,1971.66,1973.5,620.85
2026-02-22 12:30:00+00:00,1973.48,1973.5,1970.96,1970.96,688.26
2026-02-22 12:35:00+00:00,1970.97,1972.02,1961.67,1962.98,4638.83
2026-02-22 12:40:00+00:00,1962.98,1965.59,1961.75,1963.21,6112.58
2026-02-22 12:45:00+00:00,1963.45,1966.0,1960.67,1965.6,2408.83
2026-02-22 12:50:00+00:00,1965.6,1967.06,1964.61,1965.14,1708.25
2026-02-22 12:55:00+00:00,1965.14,1966.32,1964.18,1965.43,835.73
2026-02-22 13:00:00+00:00,1965.43,1967.88,1965.33,1967.26,1057.69
2026-02-22 13:05:00+00:00,1967.28,1967.3,1963.02,1965.11,1040.97
2026-02-22 13:10:00+00:00,1965.11,1966.15,1964.58,1966.15,495.81
2026-02-22 13:15:00+00:00,1966.13,1967.87,1964.76,1965.99,882.82
2026-02-22 13:20:00+00:00,1966.01,1966.63,1963.8,1965.39,912.36
2026-02-22 13:25:00+00:00,1965.39,1966.2,1963.48,1964.02,576.12
2026-02-22 13:30:00+00:00,1964.02,1964.83,1958.05,1960.71,4291.89
2026-02-22 13:35:00+00:00,1960.77,1960.85,1951.7,1951.81,6453.47
2026-02-22 13:40:00+00:00,1951.78,1952.44,1945.22,1946.64,10300.57
2026-02-22 13:45:00+00:00,1946.64,1949.65,1944.45,1949.43,7840.97
2026-02-22 13:50:00+00:00,1949.43,1950.21,1947.62,1949.99,4806.34
2026-02-22 13:55:00+00:00,1950.0,1950.36,1948.5,1950.0,1974.1
2026-02-22 14:00:00+00:00,1949.99,1950.0,1945.4,1946.3,1615.15
2026-02-22 14:05:00+00:00,1946.32,1950.53,1942.58,1947.96,3440.49
2026-02-22 14:10:00+00:00,1948.05,1951.0,1946.87,1950.4,2012.86
2026-02-22 14:15:00+00:00,1950.4,1951.88,1947.0,1948.15,1828.16
2026-02-22 14:20:00+00:00,1948.13,1952.1,1948.13,1949.79,1538.23
2026-02-22 14:25:00+00:00,1949.77,1950.26,1947.4,1949.28,781.99
2026-02-22 14:30:00+00:00,1949.12,1953.46,1948.87,1951.91,1643.03
2026-02-22 14:35:00+00:00,1951.87,1953.05,1950.24,1950.44,685.2
2026-02-22 14:40:00+00:00,1950.42,1951.77,1945.84,1946.62,2559.11
2026-02-22 14:45:00+00:00,1946.72,1948.06,1944.33,1945.94,2478.25
2026-02-22 14:50:00+00:00,1945.92,1950.57,1945.72,1948.96,2076.74
2026-02-22 14:55:00+00:00,1948.94,1950.32,1948.4,1949.77,912.13
2026-02-22 15:00:00+00:00,1949.75,1950.08,1948.26,1949.64,477.48
2026-02-22 15:05:00+00:00,1949.66,1949.87,1945.73,1948.11,1976.25
2026-02-22 15:10:00+00:00,1948.13,1949.25,1947.42,1948.08,1109.49
2026-02-22 15:15:00+00:00,1948.1,1948.13,1944.77,1945.81,2012.67
2026-02-22 15:20:00+00:00,1945.81,1948.7,1945.28,1948.7,1026.29
2026-02-22 15:25:00+00:00,1948.7,1953.23,1948.47,1953.0,2079.29
2026-02-22 15:30:00+00:00,1952.96,1954.78,1951.94,1954.66,2361.85
2026-02-22 15:35:00+00:00,1954.68,1957.5,1952.89,1957.05,2224.28
2026-02-22 15:40:00+00:00,1957.02,1957.07,1953.53,1955.7,2078.3
2026-02-22 15:45:00+00:00,1955.72,1955.97,1954.55,1954.72,894.98
2026-02-22 15:50:00+00:00,1954.72,1955.66,1954.15,1954.65,928.44
2026-02-22 15:55:00+00:00,1954.67,1955.0,1951.8,1952.88,1086.66
2026-02-22 16:00:00+00:00,1952.86,1954.69,1951.87,1952.1,753.02
2026-02-22 16:05:00+00:00,1952.1,1952.1,1949.47,1949.98,1223.28
2026-02-22 16:10:00+00:00,1949.98,1950.5,1949.0,1949.73,673.4
2026-02-22 16:15:00+00:00,1949.74,1950.51,1949.05,1950.47,653.45
2026-02-22 16:20:00+00:00,1950.47,1951.43,1949.0,1949.03,630.11
2026-02-22 16:25:00+00:00,1949.05,1949.4,1946.6,1947.01,1174.53
2026-02-22 16:30:00+00:00,1947.01,1948.74,1946.95,1947.53,585.92
2026-02-22 16:35:00+00:00,1947.53,1948.77,1946.64,1947.67,1905.58
2026-02-22 16:40:00+00:00,1947.67,1949.62,1947.65,1949.31,511.51
2026-02-22 16:45:00+00:00,1949.3,1951.31,1949.0,1951.03,766.63
2026-02-22 16:50:00+00:00,1951.03,1951.83,1950.07,1951.45,371.33
2026-02-22 16:55:00+00:00,1951.47,1952.15,1951.14,1951.65,567.1
2026-02-22 17:00:00+00:00,1951.65,1952.78,1950.49,1950.5,493.1
2026-02-22 17:05:00+00:00,1950.52,1950.65,1947.36,1947.98,695.54
2026-02-22 17:10:00+00:00,1947.96,1949.73,1947.37,1947.45,574.95
2026-02-22 17:15:00+00:00,1947.54,1948.19,1945.24,1946.64,1385.03
2026-02-22 17:20:00+00:00,1946.66,1948.05,1945.62,1947.22,497.47
2026-02-22 17:25:00+00:00,1947.2,1948.53,1947.15,1947.15,333.44
2026-02-22 17:30:00+00:00,1947.15,1948.24,1933.49,1935.56,10243.64
2026-02-22 17:35:00+00:00,1935.59,1938.87,1934.18,1936.45,3064.84
2026-02-22 17:40:00+00:00,1936.45,1939.45,1935.89,1937.91,1683.71
2026-02-22 17:45:00+00:00,1937.91,1939.03,1935.19,1937.87,1552.01
2026-02-22 17:50:00+00:00,1937.87,1940.11,1936.28,1939.88,1155.63
2026-02-22 17:55:00+00:00,1939.9,1940.57,1937.76,1939.26,1895.55
2026-02-22 18:00:00+00:00,1939.28,1939.84,1938.36,1939.4,650.2
2026-02-22 18:05:00+00:00,1939.4,1941.77,1937.5,1941.48,443.43
2026-02-22 18:10:00+00:00,1941.48,1942.4,1940.58,1941.55,613.3
2026-02-22 18:15:00+00:00,1941.64,1943.3,1941.0,1941.0,1059.53
2026-02-22 18:20:00+00:00,1941.01,1942.26,1940.46,1942.08,609.53
2026-02-22 18:25:00+00:00,1942.18,1943.28,1939.16,1940.12,452.98
2026-02-22 18:30:00+00:00,1940.1,1941.19,1939.7,1940.53,346.98
2026-02-22 18:35:00+00:00,1940.51,1941.02,1937.9,1940.45,551.54
2026-02-22 18:40:00+00:00,1940.45,1940.85,1939.14,1940.65,486.56
2026-02-22 18:45:00+00:00,1940.67,1942.15,1940.62,1941.91,347.45
2026-02-22 18:50:00+00:00,1941.91,1942.93,1941.68,1941.97,402.45
2026-02-22 18:55:00+00:00,1941.97,1942.52,1941.25,1942.05,178.26
2026-02-22 19:00:00+00:00,1942.06,1944.2,1942.04,1943.62,4648.48
2026-02-22 19:05:00+00:00,1943.62,1944.39,1943.14,1943.44,1508.14
2026-02-22 19:10:00+00:00,1943.44,1943.45,1939.55,1940.74,888.31
2026-02-22 19:15:00+00:00,1940.79,1942.47,1940.79,1941.74,313.85
2026-02-22 19:20:00+00:00,1941.77,1942.82,1940.94,1942.04,196.19
2026-02-22 19:25:00+00:00,1942.06,1942.06,1940.19,1940.82,693.94
2026-02-22 19:30:00+00:00,1940.7,1943.12,1940.11,1943.08,477.83
2026-02-22 19:35:00+00:00,1943.08,1944.63,1943.08,1944.2,619.92
2026-02-22 19:40:00+00:00,1944.18,1944.35,1943.07,1943.99,201.65
2026-02-22 19:45:00+00:00,1943.99,1944.72,1943.67,1944.05,1915.61
2026-02-22 19:50:00+00:00,1944.05,1944.3,1942.09,1943.31,172.34
2026-02-22 19:55:00+00:00,1943.11,1943.64,1942.51,1942.92,194.98
2026-02-22 20:00:00+00:00,1942.92,1943.82,1942.58,1942.58,316.64
2026-02-22 20:05:00+00:00,1942.6,1944.39,1941.68,1942.32,434.79
2026-02-22 20:10:00+00:00,1942.34,1942.53,1939.96,1940.81,1362.03
2026-02-22 20:15:00+00:00,1940.81,1943.6,1940.81,1943.25,484.71
2026-02-22 20:20:00+00:00,1943.26,1944.64,1942.77,1943.59,425.23
2026-02-22 20:25:00+00:00,1943.61,1943.87,1942.56,1943.87,165.03
2026-02-22 20:30:00+00:00,1943.87,1943.89,1942.44,1943.24,196.87
2026-02-22 20:35:00+00:00,1943.22,1944.01,1943.14,1943.65,148.7
2026-02-22 20:40:00+00:00,1943.67,1943.67,1942.37,1943.03,361.88
2026-02-22 20:45:00+00:00,1943.05,1944.99,1942.72,1944.09,235.17
2026-02-22 20:50:00+00:00,1944.09,1944.09,1938.89,1939.45,623.23
2026-02-22 20:55:00+00:00,1939.42,1940.45,1939.05,1940.0,542.31
2026-02-22 21:00:00+00:00,1940.0,1941.83,1940.0,1941.28,1202.0
2026-02-22 21:05:00+00:00,1941.26,1941.77,1940.8,1940.91,249.91
2026-02-22 21:10:00+00:00,1940.91,1942.0,1940.91,1941.81,157.59
2026-02-22 21:15:00+00:00,1941.83,1942.79,1941.81,1942.46,186.77
2026-02-22 21:20:00+00:00,1942.48,1942.91,1941.89,1942.15,179.5
2026-02-22 21:25:00+00:00,1942.15,1943.0,1939.89,1940.44,310.85
2026-02-22 21:30:00+00:00,1940.44,1942.74,1940.15,1942.54,342.08
2026-02-22 21:35:00+00:00,1942.52,1949.69,1942.48,1949.43,1625.65
2026-02-22 21:40:00+00:00,1949.45,1949.47,1947.9,1948.95,1069.09
2026-02-22 21:45:00+00:00,1948.95,1949.63,1947.31,1948.74,914.93
2026-02-22 21:50:00+00:00,1948.74,1951.29,1948.61,1949.53,1490.04
2026-02-22 21:55:00+00:00,1949.55,1950.6,1949.15,1949.43,428.94
2026-02-22 22:00:00+00:00,1949.41,1950.74,1948.24,1948.82,326.57
2026-02-22 22:05:00+00:00,1948.82,1950.26,1947.35,1947.35,280.52
2026-02-22 22:10:00+00:00,1947.35,1948.18,1945.66,1945.99,632.68
2026-02-22 22:15:00+00:00,1946.01,1947.63,1945.95,1947.35,240.78
2026-02-22 22:20:00+00:00,1947.35,1955.19,1947.35,1953.76,2110.03
2026-02-22 22:25:00+00:00,1953.76,1954.48,1952.91,1953.76,858.95
2026-02-22 22:30:00+00:00,1953.78,1957.09,1952.91,1956.41,617.98
2026-02-22 22:35:00+00:00,1956.43,1956.54,1953.06,1955.26,1000.95
2026-02-22 22:40:00+00:00,1955.26,1959.68,1953.77,1956.58,2054.98
2026-02-22 22:45:00+00:00,1956.55,1957.99,1955.53,1956.44,869.36
2026-02-22 22:50:00+00:00,1956.44,1959.63,1955.94,1959.25,716.03
2026-02-22 22:55:00+00:00,1959.25,1959.77,1957.01,1957.38,610.31
2026-02-22 23:00:00+00:00,1957.26,1959.27,1955.36,1957.96,1715.42
2026-02-22 23:05:00+00:00,1957.94,1960.05,1955.42,1955.81,1960.78
2026-02-22 23:10:00+00:00,1955.78,1956.99,1953.55,1953.69,701.07
2026-02-22 23:15:00+00:00,1953.67,1955.76,1952.43,1952.91,849.97
2026-02-22 23:20:00+00:00,1952.91,1952.91,1949.17,1951.29,1445.51
2026-02-22 23:25:00+00:00,1951.3,1953.12,1951.04,1952.42,740.75
2026-02-22 23:30:00+00:00,1952.42,1952.95,1950.0,1951.18,435.16
2026-02-22 23:35:00+00:00,1951.16,1952.59,1950.28,1950.73,356.57
2026-02-22 23:40:00+00:00,1950.75,1951.53,1947.4,1948.38,701.49
2026-02-22 23:45:00+00:00,1948.44,1951.8,1947.45,1951.39,643.9
2026-02-22 23:50:00+00:00,1951.39,1955.5,1950.36,1955.5,463.7
2026-02-22 23:55:00+00:00,1955.49,1959.0,1954.48,1956.99,1579.9
2026-02-23 00:00:00+00:00,1957.0,1957.33,1953.13,1953.8,652.47
2026-02-23 00:05:00+00:00,1953.8,1955.36,1951.0,1954.84,695.78
2026-02-23 00:10:00+00:00,1954.86,1954.86,1952.34,1953.65,369.26
2026-02-23 00:15:00+00:00,1953.65,1954.6,1951.24,1951.6,847.07
2026-02-23 00:20:00+00:00,1951.6,1951.69,1949.2,1949.27,702.28
2026-02-23 00:25:00+00:00,1949.25,1949.27,1945.1,1947.47,1430.06
2026-02-23 00:30:00+00:00,1947.48,1947.56,1943.33,1943.93,1104.04
2026-02-23 00:35:00+00:00,1943.93,1945.05,1940.44,1940.93,2148.27
2026-02-23 00:40:00+00:00,1940.9,1943.45,1940.0,1940.5,1925.94
2026-02-23 00:45:00+00:00,1940.51,1942.12,1935.97,1940.74,2426.75
2026-02-23 00:50:00+00:00,1940.67,1942.14,1939.15,1941.75,928.95
2026-02-23 00:55:00+00:00,1941.75,1942.25,1927.09,1928.13,6787.42
2026-02-23 01:00:00+00:00,1928.18,1928.2,1888.38,1908.67,28393.87
2026-02-23 01:05:00+00:00,1908.79,1908.89,1865.36,1872.72,18984.22
2026-02-23 01:10:00+00:00,1872.17,1889.25,1866.05,1884.71,19435.92
2026-02-23 01:15:00+00:00,1884.83,1884.83,1868.99,1869.19,8603.39
2026-02-23 01:20:00+00:00,1869.2,1876.16,1866.54,1871.76,9423.51
2026-02-23 01:25:00+00:00,1871.39,1879.0,1867.71,1871.9,4972.48
2026-02-23 01:30:00+00:00,1871.9,1877.45,1868.52,1876.22,3467.11
2026-02-23 01:35:00+00:00,1876.29,1879.78,1873.8,1877.8,3907.29
2026-02-23 01:40:00+00:00,1877.87,1879.0,1868.86,1871.33,2959.17
2026-02-23 01:45:00+00:00,1871.52,1873.6,1842.59,1860.98,27163.09
2026-02-23 01:50:00+00:00,1861.09,1867.5,1853.07,1855.65,5023.42
2026-02-23 01:55:00+00:00,1855.8,1864.7,1853.42,1855.04,5101.54
2026-02-23 02:00:00+00:00,1854.94,1859.0,1849.67,1857.36,5560.65
2026-02-23 02:05:00+00:00,1857.32,1863.43,1857.32,1862.8,3570.17
2026-02-23 02:10:00+00:00,1862.81,1862.81,1857.49,1861.12,3369.37
2026-02-23 02:15:00+00:00,1861.28,1862.3,1855.53,1857.24,4338.15
2026-02-23 02:20:00+00:00,1857.18,1859.71,1854.08,1855.58,1476.38
2026-02-23 02:25:00+00:00,1855.46,1862.68,1855.46,1862.61,1737.63
2026-02-23 02:30:00+00:00,1862.68,1867.5,1862.04,1866.49,3198.48
2026-02-23 02:35:00+00:00,1866.49,1866.5,1859.28,1862.29,2134.53
2026-02-23 02:40:00+00:00,1862.09,1863.11,1859.48,1862.88,1714.16
2026-02-23 02:45:00+00:00,1862.88,1863.67,1860.45,1862.5,1050.16
2026-02-23 02:50:00+00:00,1862.48,1864.25,1860.32,1861.35,989.8
2026-02-23 02:55:00+00:00,1861.37,1862.72,1858.96,1861.74,3153.24
2026-02-23 03:00:00+00:00,1861.77,1864.45,1861.0,1864.15,1144.33
2026-02-23 03:05:00+00:00,1864.22,1869.56,1863.79,1866.32,2557.81
2026-02-23 03:10:00+00:00,1866.32,1866.35,1863.1,1865.06,1385.95
2026-02-23 03:15:00+00:00,1865.04,1865.06,1856.14,1858.64,2379.03
2026-02-23 03:20:00+00:00,1858.66,1859.34,1856.58,1857.45,1238.79
2026-02-23 03:25:00+00:00,1857.47,1857.74,1854.48,1857.55,1179.83
2026-02-23 03:30:00+00:00,1857.55,1860.2,1855.71,1857.35,1391.1
2026-02-23 03:35:00+00:00,1857.35,1860.01,1856.42,1859.84,666.55
2026-02-23 03:40:00+00:00,1859.86,1864.74,1859.59,1863.84,1062.12
2026-02-23 03:45:00+00:00,1863.82,1864.0,1861.94,1862.82,1148.29
2026-02-23 03:50:00+00:00,1862.87,1865.15,1862.37,1863.35,595.25
2026-02-23 03:55:00+00:00,1863.37,1863.37,1861.13,1861.33,479.19
2026-02-23 04:00:00+00:00,1861.34,1862.17,1859.45,1860.83,1054.41
2026-02-23 04:05:00+00:00,1860.85,1862.42,1858.89,1862.01,858.64
2026-02-23 04:10:00+00:00,1862.02,1863.45,1861.27,1863.45,614.68
2026-02-23 04:15:00+00:00,1863.45,1863.45,1858.91,1861.93,1146.33
2026-02-23 04:20:00+00:00,1861.93,1861.95,1858.93,1859.83,790.5
2026-02-23 04:25:00+00:00,1859.85,1859.85,1857.84,1859.15,472.05
2026-02-23 04:30:00+00:00,1859.13,1860.49,1856.59,1857.85,717.82
2026-02-23 04:35:00+00:00,1857.85,1857.89,1852.64,1852.93,1848.74
2026-02-23 04:40:00+00:00,1853.11,1856.15,1853.11,1855.47,1874.32
2026-02-23 04:45:00+00:00,1855.45,1856.8,1855.08,1855.31,485.86
2026-02-23 04:50:00+00:00,1855.31,1857.91,1855.3,1857.44,852.94
2026-02-23 04:55:00+00:00,1857.44,1858.72,1857.44,1858.57,559.9
2026-02-23 05:00:00+00:00,1858.55,1859.94,1858.33,1859.9,606.0
2026-02-23 05:05:00+00:00,1859.9,1862.59,1859.88,1862.55,749.28
2026-02-23 05:10:00+00:00,1862.53,1865.76,1862.26,1863.42,1826.1
2026-02-23 05:15:00+00:00,1863.42,1869.21,1863.12,1866.72,2337.62
2026-02-23 05:20:00+00:00,1866.76,1867.5,1864.93,1865.4,1248.76
2026-02-23 05:25:00+00:00,1865.4,1865.7,1861.29,1865.59,1591.76
2026-02-23 05:30:00+00:00,1865.59,1868.82,1865.57,1867.18,1385.01
2026-02-23 05:35:00+00:00,1867.18,1867.95,1864.24,1865.4,1007.07
2026-02-23 05:40:00+00:00,1865.38,1867.65,1864.49,1865.06,900.51
2026-02-23 05:45:00+00:00,1865.06,1867.0,1861.55,1862.23,1171.23
2026-02-23 05:50:00+00:00,1862.2,1863.57,1861.73,1863.39,595.65
2026-02-23 05:55:00+00:00,1863.39,1865.0,1862.9,1864.52,346.23
2026-02-23 06:00:00+00:00,1864.52,1865.75,1862.83,1865.45,829.49
2026-02-23 06:05:00+00:00,1865.45,1869.46,1865.25,1868.5,1699.73
2026-02-23 06:10:00+00:00,1868.5,1874.09,1868.06,1872.93,4901.29
2026-02-23 06:15:00+00:00,1872.93,1874.34,1871.45,1872.37,2853.79
2026-02-23 06:20:00+00:00,1872.37,1876.37,1872.15,1872.75,1863.88
2026-02-23 06:25:00+00:00,1872.75,1873.01,1871.48,1871.56,995.07
2026-02-23 06:30:00+00:00,1871.6,1874.78,1870.58,1874.56,1262.75
2026-02-23 06:35:00+00:00,1874.54,1881.47,1874.28,1880.17,2702.28
2026-02-23 06:40:00+00:00,1880.2,1880.91,1875.92,1877.0,1929.95
2026-02-23 06:45:00+00:00,1877.0,1880.98,1875.88,1879.29,1691.82
2026-02-23 06:50:00+00:00,1879.29,1880.6,1877.9,1879.61,1262.58
2026-02-23 06:55:00+00:00,1879.61,1879.72,1877.25,1877.93,1163.11
2026-02-23 07:00:00+00:00,1877.93,1883.54,1877.93,1882.72,1724.82
2026-02-23 07:05:00+00:00,1882.72,1884.0,1878.83,1879.64,1787.48
2026-02-23 07:10:00+00:00,1879.63,1882.0,1877.81,1880.54,1703.36
2026-02-23 07:15:00+00:00,1880.54,1880.77,1877.54,1878.84,640.39
2026-02-23 07:20:00+00:00,1878.81,1878.96,1875.28,1876.81,1691.81
2026-02-23 07:25:00+00:00,1876.81,1878.99,1876.0,1877.99,744.91
2026-02-23 07:30:00+00:00,1878.01,1881.09,1875.63,1880.99,1249.54
2026-02-23 07:35:00+00:00,1880.98,1885.81,1880.98,1885.41,2195.73
2026-02-23 07:40:00+00:00,1885.45,1887.57,1883.49,1884.31,3391.36
2026-02-23 07:45:00+00:00,1884.31,1886.18,1883.45,1884.6,1452.4
2026-02-23 07:50:00+00:00,1884.62,1884.75,1882.93,1883.54,982.22
2026-02-23 07:55:00+00:00,1883.54,1884.42,1882.5,1884.03,742.78
2026-02-23 08:00:00+00:00,1884.02,1885.53,1881.48,1882.71,967.42
2026-02-23 08:05:00+00:00,1882.75,1884.08,1881.6,1882.24,829.71
2026-02-23 08:10:00+00:00,1882.27,1887.17,1882.17,1886.99,952.26
2026-02-23 08:15:00+00:00,1886.99,1888.7,1884.75,1885.26,1748.15
2026-02-23 08:20:00+00:00,1885.26,1885.29,1881.3,1881.92,1001.56
2026-02-23 08:25:00+00:00,1881.88,1883.35,1881.0,1881.7,966.14
2026-02-23 08:30:00+00:00,1881.7,1883.37,1878.78,1879.65,1161.95
2026-02-23 08:35:00+00:00,1879.65,1880.0,1875.73,1877.92,1783.1
2026-02-23 08:40:00+00:00,1877.92,1878.07,1876.2,1877.38,711.96
2026-02-23 08:45:00+00:00,1877.38,1879.0,1876.59,1878.99,746.92
2026-02-23 08:50:00+00:00,1878.99,1879.38,1876.2,1877.0,839.51
2026-02-23 08:55:00+00:00,1877.0,1879.65,1877.0,1879.25,2005.37
2026-02-23 09:00:00+00:00,1879.25,1884.81,1879.23,1884.13,3978.15
2026-02-23 09:05:00+00:00,1884.13,1885.08,1882.03,1882.96,1007.07
2026-02-23 09:10:00+00:00,1883.04,1886.98,1883.02,1884.69,908.05
2026-02-23 09:15:00+00:00,1884.67,1887.0,1882.44,1882.96,935.82
2026-02-23 09:20:00+00:00,1882.94,1883.8,1881.17,1883.8,687.08
2026-02-23 09:25:00+00:00,1883.78,1888.24,1883.49,1887.05,641.18
2026-02-23 09:30:00+00:00,1887.02,1902.88,1885.67,1898.07,15657.83
2026-02-23 09:35:00+00:00,1898.1,1909.44,1898.1,1907.82,5943.81
2026-02-23 09:40:00+00:00,1907.76,1909.78,1906.44,1909.67,3403.48
2026-02-23 09:45:00+00:00,1909.7,1917.62,1909.7,1914.13,6136.78
2026-02-23 09:50:00+00:00,1914.15,1916.91,1911.53,1916.79,2442.93
2026-02-23 09:55:00+00:00,1916.79,1917.06,1913.79,1916.83,2155.56
2026-02-23 10:00:00+00:00,1916.8,1927.17,1915.27,1921.27,5910.01
2026-02-23 10:05:00+00:00,1921.27,1922.5,1916.35,1917.55,2398.81
2026-02-23 10:10:00+00:00,1917.53,1920.34,1917.53,1919.51,1059.56
2026-02-23 10:15:00+00:00,1919.49,1923.98,1918.19,1923.41,1922.98
2026-02-23 10:20:00+00:00,1923.39,1925.0,1921.5,1922.33,1689.24
2026-02-23 10:25:00+00:00,1922.33,1922.91,1918.81,1919.07,1175.77
2026-02-23 10:30:00+00:00,1919.09,1919.5,1916.13,1916.16,2201.37
2026-02-23 10:35:00+00:00,1916.14,1916.72,1912.65,1912.99,2433.15
2026-02-23 10:40:00+00:00,1913.0,1916.43,1912.84,1914.9,1551.48
2026-02-23 10:45:00+00:00,1914.9,1915.22,1912.52,1913.49,1083.24
2026-02-23 10:50:00+00:00,1913.51,1916.69,1913.49,1915.08,789.26
2026-02-23 10:55:00+00:00,1915.1,1916.12,1911.15,1913.03,1828.92
2026-02-23 11:00:00+00:00,1913.03,1914.33,1911.45,1911.45,738.69
2026-02-23 11:05:00+00:00,1911.33,1916.65,1911.06,1916.26,1032.03
2026-02-23 11:10:00+00:00,1916.26,1918.0,1915.83,1917.97,1223.79
2026-02-23 11:15:00+00:00,1917.97,1919.0,1917.14,1917.92,1053.11
2026-02-23 11:20:00+00:00,1917.92,1919.76,1914.91,1915.04,877.82
2026-02-23 11:25:00+00:00,1915.04,1916.86,1913.6,1914.0,547.07
2026-02-23 11:30:00+00:00,1914.0,1915.52,1912.9,1914.65,972.19
2026-02-23 11:35:00+00:00,1914.65,1915.07,1910.83,1912.42,3926.97
2026-02-23 11:40:00+00:00,1912.42,1913.19,1911.01,1911.81,869.23
2026-02-23 11:45:00+00:00,1911.83,1913.36,1910.3,1912.54,904.65
2026-02-23 11:50:00+00:00,1912.52,1914.3,1912.47,1913.41,2356.93
2026-02-23 11:55:00+00:00,1913.43,1914.75,1912.9,1914.42,1461.68
2026-02-23 12:00:00+00:00,1914.41,1914.96,1911.8,1913.25,557.33
2026-02-23 12:05:00+00:00,1913.27,1915.88,1913.1,1914.07,454.28
2026-02-23 12:10:00+00:00,1914.07,1915.0,1913.38,1914.99,388.6
2026-02-23 12:15:00+00:00,1914.99,1915.5,1913.2,1915.25,739.85
2026-02-23 12:20:00+00:00,1915.27,1915.27,1912.03,1913.09,1077.7
2026-02-23 12:25:00+00:00,1913.09,1914.32,1912.12,1912.6,615.14
2026-02-23 12:30:00+00:00,1912.62,1912.92,1905.08,1907.57,3537.58
2026-02-23 12:35:00+00:00,1907.64,1926.0,1907.64,1919.66,5929.48
2026-02-23 12:40:00+00:00,1919.66,1923.42,1917.24,1921.53,2701.48
2026-02-23 12:45:00+00:00,1921.53,1926.3,1920.48,1921.19,3876.78
2026-02-23 12:50:00+00:00,1921.19,1922.35,1920.19,1921.23,1104.74
2026-02-23 12:55:00+00:00,1921.25,1921.43,1918.72,1919.28,798.97
2026-02-23 13:00:00+00:00,1919.31,1921.59,1918.85,1919.47,722.15
2026-02-23 13:05:00+00:00,1919.47,1924.75,1919.25,1922.68,818.76
2026-02-23 13:10:00+00:00,1922.68,1923.15,1918.16,1918.74,959.67
2026-02-23 13:15:00+00:00,1918.74,1920.0,1918.0,1918.93,700.75
2026-02-23 13:20:00+00:00,1918.95,1920.18,1918.36,1918.65,547.27
2026-02-23 13:25:00+00:00,1918.64,1921.96,1918.0,1920.65,1985.13
2026-02-23 13:30:00+00:00,1920.65,1923.0,1920.65,1921.29,651.06
2026-02-23 13:35:00+00:00,1921.29,1922.55,1919.28,1921.2,820.95
2026-02-23 13:40:00+00:00,1921.2,1934.74,1921.19,1931.67,6890.97
2026-02-23 13:45:00+00:00,1931.65,1933.67,1927.0,1928.97,3408.6
2026-02-23 13:50:00+00:00,1928.99,1929.52,1924.87,1924.87,1439.71
2026-02-23 13:55:00+00:00,1924.89,1924.89,1919.18,1920.93,2622.55
2026-02-23 14:00:00+00:00,1920.91,1922.03,1919.17,1921.21,1152.86
2026-02-23 14:05:00+00:00,1921.21,1924.24,1921.21,1922.83,922.2
2026-02-23 14:10:00+00:00,1922.85,1924.61,1921.21,1924.53,963.59
2026-02-23 14:15:00+00:00,1924.49,1924.55,1916.72,1917.33,1438.24
2026-02-23 14:20:00+00:00,1917.32,1917.33,1913.6,1914.67,2627.3
2026-02-23 14:25:00+00:00,1914.67,1916.22,1914.08,1915.96,1635.14
2026-02-23 14:30:00+00:00,1915.96,1919.28,1910.8,1911.14,2756.62
2026-02-23 14:35:00+00:00,1911.1,1918.42,1904.0,1906.96,6972.15
2026-02-23 14:40:00+00:00,1906.96,1906.96,1894.22,1903.68,13788.88
2026-02-23 14:45:00+00:00,1903.68,1909.77,1894.73,1895.32,7318.5
2026-02-23 14:50:00+00:00,1895.26,1913.48,1894.85,1906.83,6689.48
2026-02-23 14:55:00+00:00,1906.83,1909.8,1903.78,1905.98,1885.17
2026-02-23 15:00:00+00:00,1906.08,1910.7,1898.27,1899.87,3139.82
2026-02-23 15:05:00+00:00,1899.83,1904.46,1897.88,1902.65,2517.44
2026-02-23 15:10:00+00:00,1902.64,1907.5,1900.44,1903.53,1713.96
2026-02-23 15:15:00+00:00,1903.53,1912.38,1903.09,1906.45,2144.92
2026-02-23 15:20:00+00:00,1906.45,1908.0,1901.64,1904.54,1697.81
2026-02-23 15:25:00+00:00,1904.52,1905.0,1901.53,1903.35,1059.32
2026-02-23 15:30:00+00:00,1903.36,1908.76,1901.53,1904.21,1162.7
2026-02-23 15:35:00+00:00,1904.23,1907.99,1902.83,1905.08,676.75
2026-02-23 15:40:00+00:00,1905.09,1906.23,1900.51,1904.15,1100.21
2026-02-23 15:45:00+00:00,1904.18,1906.31,1901.2,1902.11,928.66
2026-02-23 15:50:00+00:00,1902.11,1902.82,1891.7,1896.06,3462.32
2026-02-23 15:55:00+00:00,1896.08,1897.65,1894.47,1894.74,1416.11
2026-02-23 16:00:00+00:00,1894.78,1895.4,1883.72,1886.13,4396.72
2026-02-23 16:05:00+00:00,1886.15,1887.29,1880.17,1885.0,5264.33
2026-02-23 16:10:00+00:00,1885.01,1891.2,1881.08,1883.63,2800.62
2026-02-23 16:15:00+00:00,1883.7,1894.11,1883.38,1891.41,3013.88
2026-02-23 16:20:00+00:00,1891.33,1893.56,1889.17,1889.32,1493.01
2026-02-23 16:25:00+00:00,1889.32,1896.82,1889.3,1896.55,1820.89
2026-02-23 16:30:00+00:00,1896.56,1899.37,1889.32,1889.73,2103.73
2026-02-23 16:35:00+00:00,1889.62,1895.16,1887.79,1891.71,2165.46
2026-02-23 16:40:00+00:00,1891.67,1893.67,1890.49,1890.69,558.58
2026-02-23 16:45:00+00:00,1890.69,1891.54,1884.0,1886.6,1554.9
2026-02-23 16:50:00+00:00,1886.45,1887.95,1884.45,1886.22,949.46
2026-02-23 16:55:00+00:00,1886.23,1886.36,1882.74,1884.08,1182.0
2026-02-23 17:00:00+00:00,1884.12,1886.77,1881.61,1885.54,959.83
2026-02-23 17:05:00+00:00,1885.56,1887.48,1882.5,1883.15,902.48
2026-02-23 17:10:00+00:00,1883.02,1884.87,1867.51,1868.28,3508.94
2026-02-23 17:15:00+00:00,1868.51,1874.41,1860.67,1860.67,6408.9
2026-02-23 17:20:00+00:00,1860.66,1866.65,1858.17,1864.36,6506.99
2026-02-23 17:25:00+00:00,1864.38,1867.03,1856.05,1856.1,2214.8
2026-02-23 17:30:00+00:00,1856.01,1857.75,1850.88,1852.99,4248.25
2026-02-23 17:35:00+00:00,1853.09,1854.25,1840.94,1845.12,10492.32
2026-02-23 17:40:00+00:00,1845.2,1853.13,1842.88,1847.57,4329.16
2026-02-23 17:45:00+00:00,1847.6,1851.73,1845.71,1847.8,2205.06
2026-02-23 17:50:00+00:00,1847.8,1850.15,1836.34,1848.94,6745.36
2026-02-23 17:55:00+00:00,1848.93,1864.76,1848.75,1863.0,5122.48
2026-02-23 18:00:00+00:00,1862.97,1868.95,1858.99,1864.28,3032.7
2026-02-23 18:05:00+00:00,1864.28,1865.59,1857.95,1863.88,4169.78
2026-02-23 18:10:00+00:00,1863.9,1864.54,1860.0,1862.18,1084.07
2026-02-23 18:15:00+00:00,1862.09,1862.5,1855.3,1856.45,1394.49
2026-02-23 18:20:00+00:00,1856.41,1863.13,1856.0,1861.51,1749.79
2026-02-23 18:25:00+00:00,1861.49,1862.64,1857.72,1859.74,942.97
2026-02-23 18:30:00+00:00,1859.8,1864.75,1856.44,1864.75,1842.97
2026-02-23 18:35:00+00:00,1865.0,1873.0,1863.09,1871.04,4279.4
2026-02-23 18:40:00+00:00,1871.02,1871.77,1866.5,1867.24,1209.29
2026-02-23 18:45:00+00:00,1867.24,1867.24,1862.16,1864.79,1763.38
2026-02-23 18:50:00+00:00,1864.81,1865.09,1861.68,1861.9,666.25
2026-02-23 18:55:00+00:00,1861.85,1862.46,1854.15,1856.65,1910.59
2026-02-23 19:00:00+00:00,1856.75,1859.11,1855.5,1856.09,1500.41
2026-02-23 19:05:00+00:00,1856.09,1862.28,1855.83,1861.62,1144.41
2026-02-23 19:10:00+00:00,1861.62,1863.48,1860.23,1860.47,766.42
2026-02-23 19:15:00+00:00,1860.43,1861.1,1857.31,1858.71,685.11
2026-02-23 19:20:00+00:00,1858.69,1859.63,1850.15,1853.28,2905.9
2026-02-23 19:25:00+00:00,1853.28,1854.36,1852.0,1852.61,919.67
2026-02-23 19:30:00+00:00,1852.49,1856.13,1851.12,1852.29,1244.62
2026-02-23 19:35:00+00:00,1852.29,1853.36,1846.4,1847.71,1441.96
2026-02-23 19:40:00+00:00,1847.98,1854.52,1847.98,1853.7,1394.84
2026-02-23 19:45:00+00:00,1853.73,1856.59,1850.2,1851.77,1144.25
2026-02-23 19:50:00+00:00,1851.75,1855.21,1851.1,1854.18,628.0
2026-02-23 19:55:00+00:00,1854.18,1857.31,1853.57,1856.24,743.93
2026-02-23 20:00:00+00:00,1856.3,1858.81,1854.13,1858.81,891.29
2026-02-23 20:05:00+00:00,1858.81,1858.84,1853.28,1854.46,638.38
2026-02-23 20:10:00+00:00,1854.44,1854.76,1846.2,1847.14,1675.28
2026-02-23 20:15:00+00:00,1847.14,1851.36,1845.88,1849.08,1596.02
2026-02-23 20:20:00+00:00,1849.1,1853.91,1846.22,1852.43,1579.75
2026-02-23 20:25:00+00:00,1852.43,1852.99,1848.09,1849.55,619.96
2026-02-23 20:30:00+00:00,1849.55,1856.66,1849.33,1855.56,1090.27
2026-02-23 20:35:00+00:00,1855.54,1857.8,1852.85,1854.65,1063.06
2026-02-23 20:40:00+00:00,1854.66,1856.27,1852.97,1855.86,371.64
2026-02-23 20:45:00+00:00,1855.84,1857.0,1855.0,1855.96,744.08
2026-02-23 20:50:00+00:00,1855.99,1859.2,1854.25,1858.89,797.07
2026-02-23 20:55:00+00:00,1858.8,1861.48,1856.45,1859.77,2043.18
2026-02-23 21:00:00+00:00,1859.71,1866.85,1859.16,1865.82,1717.66
2026-02-23 21:05:00+00:00,1865.84,1867.9,1862.2,1862.22,1061.92
2026-02-23 21:10:00+00:00,1862.22,1867.45,1862.2,1866.28,801.74
2026-02-23 21:15:00+00:00,1866.28,1868.48,1864.74,1867.55,623.45
2026-02-23 21:20:00+00:00,1867.55,1868.0,1862.28,1863.79,623.76
2026-02-23 21:25:00+00:00,1863.77,1864.81,1862.97,1864.13,657.45
2026-02-23 21:30:00+00:00,1864.16,1864.98,1862.36,1863.33,545.02
2026-02-23 21:35:00+00:00,1863.33,1863.35,1857.97,1858.12,1402.32
2026-02-23 21:40:00+00:00,1858.15,1865.8,1857.69,1861.62,1331.79
2026-02-23 21:45:00+00:00,1861.77,1865.41,1860.54,1864.96,436.98
2026-02-23 21:50:00+00:00,1864.94,1865.32,1862.33,1862.76,475.93
2026-02-23 21:55:00+00:00,1862.74,1864.01,1861.63,1862.62,372.49
2026-02-23 22:00:00+00:00,1862.62,1866.39,1861.39,1866.34,466.32
2026-02-23 22:05:00+00:00,1866.36,1869.11,1865.35,1867.48,740.68
2026-02-23 22:10:00+00:00,1867.48,1868.25,1863.92,1866.07,876.37
2026-02-23 22:15:00+00:00,1866.09,1868.27,1864.5,1865.83,601.88
2026-02-23 22:20:00+00:00,1865.83,1867.37,1864.34,1866.53,514.81
2026-02-23 22:25:00+00:00,1866.53,1867.33,1866.12,1866.16,447.82
2026-02-23 22:30:00+00:00,1866.14,1866.59,1864.32,1866.59,298.86
2026-02-23 22:35:00+00:00,1866.75,1867.66,1865.18,1866.04,334.31
2026-02-23 22:40:00+00:00,1866.06,1866.16,1861.66,1864.63,419.4
2026-02-23 22:45:00+00:00,1864.61,1866.58,1861.93,1864.05,422.24
2026-02-23 22:50:00+00:00,1863.94,1865.0,1859.3,1859.4,308.3
2026-02-23 22:55:00+00:00,1859.4,1861.25,1858.86,1859.11,1240.34
2026-02-23 23:00:00+00:00,1859.11,1863.44,1858.5,1863.37,837.76
2026-02-23 23:05:00+00:00,1863.35,1866.0,1861.87,1865.79,870.96
2026-02-23 23:10:00+00:00,1865.79,1865.8,1864.31,1864.82,563.31
2026-02-23 23:15:00+00:00,1864.8,1865.0,1861.67,1861.93,419.49
2026-02-23 23:20:00+00:00,1861.91,1862.54,1858.67,1860.31,524.36
2026-02-23 23:25:00+00:00,1860.33,1860.73,1859.06,1860.73,326.29
2026-02-23 23:30:00+00:00,1860.73,1861.21,1860.12,1860.43,236.16
2026-02-23 23:35:00+00:00,1860.43,1861.09,1854.55,1855.84,1293.77
2026-02-23 23:40:00+00:00,1855.83,1855.98,1850.07,1850.57,1863.13
2026-02-23 23:45:00+00:00,1850.57,1855.26,1850.45,1854.05,1403.45
2026-02-23 23:50:00+00:00,1854.06,1854.19,1852.5,1852.85,606.79
2026-02-23 23:55:00+00:00,1852.83,1856.17,1852.5,1855.45,530.97
2026-02-24 00:00:00+00:00,1855.47,1858.86,1854.75,1855.35,1228.26
2026-02-24 00:05:00+00:00,1855.3,1858.43,1854.61,1858.39,402.02
2026-02-24 00:10:00+00:00,1858.39,1862.72,1858.39,1862.52,1264.5
2026-02-24 00:15:00+00:00,1862.54,1865.55,1861.9,1865.33,1636.76
2026-02-24 00:20:00+00:00,1865.33,1867.05,1862.51,1862.51,1145.42
2026-02-24 00:25:00+00:00,1862.51,1862.89,1860.73,1862.36,748.13
2026-02-24 00:30:00+00:00,1862.4,1863.8,1861.6,1862.77,504.58
2026-02-24 00:35:00+00:00,1862.75,1864.75,1861.28,1864.5,670.46
2026-02-24 00:40:00+00:00,1864.48,1866.4,1864.04,1864.04,519.31
2026-02-24 00:45:00+00:00,1864.02,1867.48,1864.0,1867.26,590.14
2026-02-24 00:50:00+00:00,1867.31,1868.72,1866.34,1867.08,749.15
2026-02-24 00:55:00+00:00,1867.08,1867.32,1864.24,1866.98,485.12
2026-02-24 01:00:00+00:00,1866.98,1867.11,1861.23,1863.32,651.82
2026-02-24 01:05:00+00:00,1863.11,1863.7,1858.2,1858.2,686.87
2026-02-24 01:10:00+00:00,1858.13,1858.13,1842.04,1844.76,4600.05
2026-02-24 01:15:00+00:00,1844.75,1846.59,1810.62,1824.67,19800.61
2026-02-24 01:20:00+00:00,1824.65,1845.15,1821.35,1840.39,6916.66
2026-02-24 01:25:00+00:00,1840.46,1852.71,1840.27,1848.73,4119.46
2026-02-24 01:30:00+00:00,1848.73,1856.57,1845.28,1852.24,3508.32
2026-02-24 01:35:00+00:00,1852.22,1854.81,1841.0,1841.59,2280.14
2026-02-24 01:40:00+00:00,1841.63,1849.76,1838.73,1846.24,2892.71
2026-02-24 01:45:00+00:00,1846.22,1848.51,1838.04,1844.86,1436.78
2026-02-24 01:50:00+00:00,1844.73,1847.31,1842.8,1844.27,1749.01
2026-02-24 01:55:00+00:00,1844.27,1844.73,1839.7,1839.78,868.16
2026-02-24 02:00:00+00:00,1839.78,1843.86,1836.19,1837.05,1280.02
2026-02-24 02:05:00+00:00,1837.05,1843.26,1835.9,1839.93,1364.2
2026-02-24 02:10:00+00:00,1840.02,1847.1,1840.02,1843.83,783.08
2026-02-24 02:15:00+00:00,1843.83,1846.39,1838.02,1842.95,667.03
2026-02-24 02:20:00+00:00,1842.93,1845.56,1842.0,1845.44,564.87
2026-02-24 02:25:00+00:00,1845.48,1847.56,1843.93,1846.47,479.15
2026-02-24 02:30:00+00:00,1846.45,1853.49,1846.32,1849.77,1415.24
2026-02-24 02:35:00+00:00,1849.79,1849.79,1842.85,1845.69,653.22
2026-02-24 02:40:00+00:00,1845.75,1845.89,1841.08,1841.57,697.78
2026-02-24 02:45:00+00:00,1841.57,1846.0,1840.5,1844.0,655.64
2026-02-24 02:50:00+00:00,1843.96,1844.29,1841.26,1842.21,512.13
2026-02-24 02:55:00+00:00,1842.19,1844.88,1841.99,1842.44,797.23
2026-02-24 03:00:00+00:00,1842.44,1842.44,1828.01,1836.14,4036.97
2026-02-24 03:05:00+00:00,1836.12,1838.0,1831.36,1834.78,1787.08
2026-02-24 03:10:00+00:00,1834.78,1836.45,1826.39,1830.73,1176.47
2026-02-24 03:15:00+00:00,1830.61,1834.06,1824.42,1833.73,2432.5
2026-02-24 03:20:00+00:00,1833.73,1835.42,1831.5,1832.16,765.04
2026-02-24 03:25:00+00:00,1832.16,1832.89,1828.66,1829.99,657.3
2026-02-24 03:30:00+00:00,1829.97,1832.85,1828.39,1829.66,773.32
2026-02-24 03:35:00+00:00,1829.66,1831.36,1827.47,1829.53,988.7
2026-02-24 03:40:00+00:00,1829.6,1833.49,1828.4,1829.06,777.25
2026-02-24 03:45:00+00:00,1829.04,1830.3,1826.73,1828.2,914.48
2026-02-24 03:50:00+00:00,1828.41,1833.2,1821.91,1832.45,2128.91
2026-02-24 03:55:00+00:00,1832.45,1833.7,1829.37,1830.91,743.65
2026-02-24 04:00:00+00:00,1830.92,1832.83,1829.31,1831.16,1202.14
2026-02-24 04:05:00+00:00,1831.16,1832.92,1824.09,1826.14,1319.94
2026-02-24 04:10:00+00:00,1825.93,1829.85,1815.5,1815.51,3387.83
2026-02-24 04:15:00+00:00,1815.7,1817.96,1812.48,1816.96,5564.37
2026-02-24 04:20:00+00:00,1816.94,1832.7,1816.91,1828.73,4202.68
2026-02-24 04:25:00+00:00,1828.73,1831.89,1826.21,1828.33,1188.76
2026-02-24 04:30:00+00:00,1828.33,1828.33,1820.32,1824.35,1919.22
2026-02-24 04:35:00+00:00,1824.33,1830.24,1824.27,1829.57,957.98
2026-02-24 04:40:00+00:00,1829.57,1831.15,1827.52,1828.7,824.37
2026-02-24 04:45:00+00:00,1828.7,1830.0,1827.0,1828.55,826.97
2026-02-24 04:50:00+00:00,1828.57,1829.21,1826.27,1828.49,539.5
2026-02-24 04:55:00+00:00,1828.49,1829.93,1826.67,1829.78,469.55
2026-02-24 05:00:00+00:00,1829.77,1831.8,1826.86,1831.31,801.09
2026-02-24 05:05:00+00:00,1831.4,1836.97,1831.4,1836.34,2336.41
2026-02-24 05:10:00+00:00,1836.36,1838.84,1835.88,1837.57,2256.88
2026-02-24 05:15:00+00:00,1837.59,1837.81,1828.23,1829.28,2234.02
2026-02-24 05:20:00+00:00,1829.31,1830.21,1814.81,1815.34,3213.0
2026-02-24 05:25:00+00:00,1815.4,1820.72,1812.87,1817.61,3719.9
2026-02-24 05:30:00+00:00,1817.56,1824.54,1815.88,1822.77,1502.54
2026-02-24 05:35:00+00:00,1822.81,1824.9,1820.0,1823.36,1151.15
2026-02-24 05:40:00+00:00,1823.36,1823.38,1820.0,1822.08,840.41
2026-02-24 05:45:00+00:00,1822.08,1824.54,1820.97,1822.68,650.19
2026-02-24 05:50:00+00:00,1822.7,1826.79,1821.69,1826.23,1326.2
2026-02-24 05:55:00+00:00,1826.25,1826.61,1825.0,1825.2,593.88
2026-02-24 06:00:00+00:00,1825.2,1826.25,1818.77,1819.25,1119.19
2026-02-24 06:05:00+00:00,1819.25,1827.95,1819.23,1827.67,1413.98
2026-02-24 06:10:00+00:00,1827.81,1827.95,1822.09,1823.86,806.64
2026-02-24 06:15:00+00:00,1823.86,1828.33,1822.98,1827.1,464.64
2026-02-24 06:20:00+00:00,1827.13,1828.33,1824.66,1828.31,777.97
2026-02-24 06:25:00+00:00,1828.33,1829.64,1825.85,1827.74,1461.44
2026-02-24 06:30:00+00:00,1827.76,1830.17,1826.94,1829.45,626.34
2026-02-24 06:35:00+00:00,1829.51,1829.97,1823.83,1825.74,960.76
2026-02-24 06:40:00+00:00,1825.76,1827.93,1825.3,1826.34,451.52
2026-02-24 06:45:00+00:00,1826.34,1827.0,1823.59,1826.38,680.35
2026-02-24 06:50:00+00:00,1826.38,1826.84,1820.4,1820.82,999.95
2026-02-24 06:55:00+00:00,1820.8,1820.8,1817.04,1819.92,1830.2
2026-02-24 07:00:00+00:00,1819.9,1822.47,1814.26,1814.68,1272.44
2026-02-24 07:05:00+00:00,1814.73,1828.2,1814.54,1828.13,2495.93
2026-02-24 07:10:00+00:00,1828.16,1828.4,1825.18,1826.93,1856.96
2026-02-24 07:15:00+00:00,1826.96,1828.08,1821.78,1823.14,1362.53
2026-02-24 07:20:00+00:00,1823.12,1825.38,1819.38,1824.91,1232.68
2026-02-24 07:25:00+00:00,1824.77,1829.65,1823.52,1829.08,2102.22
2026-02-24 07:30:00+00:00,1829.09,1830.92,1826.92,1827.83,967.87
2026-02-24 07:35:00+00:00,1827.66,1828.69,1826.2,1827.96,484.62
2026-02-24 07:40:00+00:00,1827.94,1827.96,1821.4,1823.11,1135.71
2026-02-24 07:45:00+00:00,1823.16,1823.17,1820.98,1822.76,618.83
2026-02-24 07:50:00+00:00,1822.76,1824.91,1821.72,1822.62,363.25
2026-02-24 07:55:00+00:00,1822.62,1825.15,1822.52,1824.64,464.15
2026-02-24 08:00:00+00:00,1824.66,1824.77,1817.48,1820.87,1852.36
2026-02-24 08:05:00+00:00,1820.87,1824.0,1818.53,1824.0,1232.03
2026-02-24 08:10:00+00:00,1823.99,1825.56,1822.06,1824.12,855.69
2026-02-24 08:15:00+00:00,1824.12,1825.0,1820.4,1821.8,632.16
2026-02-24 08:20:00+00:00,1821.75,1829.45,1821.13,1829.2,625.48
2026-02-24 08:25:00+00:00,1829.18,1830.09,1827.31,1829.14,1142.06
2026-02-24 08:30:00+00:00,1829.16,1834.83,1828.04,1832.59,2038.2
2026-02-24 08:35:00+00:00,1832.59,1835.44,1830.28,1833.84,1621.16
2026-02-24 08:40:00+00:00,1833.84,1835.0,1831.36,1832.14,872.46
2026-02-24 08:45:00+00:00,1832.14,1833.01,1830.11,1830.17,590.15
2026-02-24 08:50:00+00:00,1830.17,1831.81,1828.59,1831.17,1011.37
2026-02-24 08:55:00+00:00,1831.15,1831.92,1830.12,1830.49,836.21
2026-02-24 09:00:00+00:00,1830.48,1833.59,1827.09,1828.83,591.5
2026-02-24 09:05:00+00:00,1828.85,1830.49,1823.92,1824.3,1527.48
2026-02-24 09:10:00+00:00,1824.28,1827.11,1823.55,1826.68,1342.52
2026-02-24 09:15:00+00:00,1826.68,1827.22,1823.14,1823.33,548.28
2026-02-24 09:20:00+00:00,1823.33,1825.17,1822.19,1822.81,1041.44
2026-02-24 09:25:00+00:00,1822.83,1823.61,1820.78,1823.47,858.06
2026-02-24 09:30:00+00:00,1823.45,1824.21,1817.05,1817.47,1296.28
2026-02-24 09:35:00+00:00,1817.49,1820.9,1814.0,1818.97,5171.07
2026-02-24 09:40:00+00:00,1818.94,1825.14,1818.75,1821.63,917.04
2026-02-24 09:45:00+00:00,1821.63,1821.96,1818.28,1821.66,653.01
2026-02-24 09:50:00+00:00,1821.75,1824.56,1821.48,1823.09,600.96
2026-02-24 09:55:00+00:00,1823.09,1826.25,1821.42,1826.25,1097.58
2026-02-24 10:00:00+00:00,1826.24,1826.25,1822.88,1823.94,775.37
2026-02-24 10:05:00+00:00,1823.96,1824.5,1821.75,1824.39,358.8
2026-02-24 10:10:00+00:00,1824.41,1827.12,1822.98,1824.86,986.66
2026-02-24 10:15:00+00:00,1824.86,1826.87,1822.75,1826.2,969.22
2026-02-24 10:20:00+00:00,1826.18,1827.37,1825.44,1826.13,450.03
2026-02-24 10:25:00+00:00,1826.13,1826.86,1824.39,1825.32,1348.04
2026-02-24 10:30:00+00:00,1825.32,1826.79,1822.14,1823.31,616.8
2026-02-24 10:35:00+00:00,1823.27,1825.82,1820.27,1820.85,472.41
2026-02-24 10:40:00+00:00,1820.64,1822.09,1819.43,1821.96,1391.57
2026-02-24 10:45:00+00:00,1821.97,1823.11,1821.73,1822.46,869.95
2026-02-24 10:50:00+00:00,1822.46,1829.0,1822.44,1826.57,2223.3
2026-02-24 10:55:00+00:00,1826.57,1826.57,1824.54,1824.88,288.58
2026-02-24 11:00:00+00:00,1824.9,1826.56,1824.07,1824.07,307.47
2026-02-24 11:05:00+00:00,1824.07,1824.09,1819.15,1819.37,823.03
2026-02-24 11:10:00+00:00,1819.45,1821.54,1818.5,1820.19,3137.22
2026-02-24 11:15:00+00:00,1820.19,1821.42,1819.79,1820.97,1461.52
2026-02-24 11:20:00+00:00,1820.97,1821.65,1820.0,1820.01,2524.54
2026-02-24 11:25:00+00:00,1820.01,1822.38,1820.0,1820.97,378.29
2026-02-24 11:30:00+00:00,1820.97,1821.55,1817.5,1820.12,3749.89
2026-02-24 11:35:00+00:00,1820.1,1823.26,1818.31,1822.76,1502.36
2026-02-24 11:40:00+00:00,1822.74,1823.22,1820.85,1821.14,1567.23
2026-02-24 11:45:00+00:00,1821.16,1823.55,1818.97,1823.23,1780.24
2026-02-24 11:50:00+00:00,1823.26,1824.34,1821.93,1823.04,975.28
2026-02-24 11:55:00+00:00,1823.02,1826.01,1822.38,1825.75,808.32
2026-02-24 12:00:00+00:00,1825.73,1826.23,1820.77,1823.28,2502.11
2026-02-24 12:05:00+00:00,1823.3,1825.89,1822.92,1824.98,959.75
2026-02-24 12:10:00+00:00,1825.07,1829.34,1824.23,1826.5,2548.85
2026-02-24 12:15:00+00:00,1826.5,1826.99,1824.1,1824.56,833.18
2026-02-24 12:20:00+00:00,1824.58,1826.38,1824.0,1825.97,650.97
2026-02-24 12:25:00+00:00,1825.97,1828.22,1825.45,1827.39,344.4
2026-02-24 12:30:00+00:00,1827.39,1828.11,1824.3,1824.79,561.05
2026-02-24 12:35:00+00:00,1824.79,1825.7,1820.23,1820.62,1854.51
2026-02-24 12:40:00+00:00,1820.61,1823.19,1819.9,1822.84,2278.27
2026-02-24 12:45:00+00:00,1822.86,1823.87,1820.18,1822.96,1172.63
2026-02-24 12:50:00+00:00,1822.96,1827.02,1822.63,1824.43,989.62
2026-02-24 12:55:00+00:00,1824.45,1824.64,1822.56,1823.07,477.96
2026-02-24 13:00:00+00:00,1823.07,1826.25,1821.63,1824.21,658.72
2026-02-24 13:05:00+00:00,1824.21,1825.65,1821.19,1825.64,615.34
2026-02-24 13:10:00+00:00,1825.64,1826.64,1823.27,1823.91,514.98
2026-02-24 13:15:00+00:00,1823.91,1825.07,1821.22,1822.66,577.89
2026-02-24 13:20:00+00:00,1822.56,1822.87,1817.75,1819.71,1701.63
2026-02-24 13:25:00+00:00,1819.79,1821.72,1818.49,1819.93,753.38
2026-02-24 13:30:00+00:00,1819.92,1822.0,1799.45,1809.88,14420.78
2026-02-24 13:35:00+00:00,1809.87,1815.0,1806.53,1813.79,5911.69
2026-02-24 13:40:00+00:00,1813.78,1821.38,1813.52,1816.77,3403.25
2026-02-24 13:45:00+00:00,1816.79,1819.7,1814.2,1814.33,1955.8
2026-02-24 13:50:00+00:00,1814.33,1817.99,1812.11,1816.74,1918.57
2026-02-24 13:55:00+00:00,1816.72,1818.81,1814.51,1814.66,1902.14
2026-02-24 14:00:00+00:00,1814.64,1816.73,1812.31,1812.33,1453.27
2026-02-24 14:05:00+00:00,1812.51,1818.0,1811.29,1812.71,1643.16
2026-02-24 14:10:00+00:00,1812.69,1816.33,1812.31,1814.15,1013.76
2026-02-24 14:15:00+00:00,1814.24,1815.08,1805.09,1810.0,2482.89
2026-02-24 14:20:00+00:00,1810.02,1816.12,1809.58,1813.89,1194.13
2026-02-24 14:25:00+00:00,1813.89,1814.41,1812.0,1813.8,807.72
2026-02-24 14:30:00+00:00,1813.85,1815.5,1802.51,1805.87,3850.73
2026-02-24 14:35:00+00:00,1805.95,1823.65,1804.45,1821.08,4811.98
2026-02-24 14:40:00+00:00,1821.08,1830.95,1819.2,1826.8,6404.74
2026-02-24 14:45:00+00:00,1826.98,1840.29,1825.73,1838.7,6086.41
2026-02-24 14:50:00+00:00,1838.73,1846.92,1834.08,1839.42,9921.74
2026-02-24 14:55:00+00:00,1839.4,1840.99,1832.22,1833.65,2785.32
2026-02-24 15:00:00+00:00,1833.71,1835.87,1827.29,1831.13,2388.64
2026-02-24 15:05:00+00:00,1831.13,1838.26,1830.89,1835.56,2135.98
2026-02-24 15:10:00+00:00,1835.64,1839.2,1834.89,1838.5,1949.37
2026-02-24 15:15:00+00:00,1838.48,1845.28,1836.48,1842.53,3126.16
2026-02-24 15:20:00+00:00,1842.55,1848.98,1839.21,1846.59,2312.91
2026-02-24 15:25:00+00:00,1846.61,1848.45,1840.67,1847.83,2433.13
2026-02-24 15:30:00+00:00,1847.82,1848.84,1844.54,1845.66,2739.01
2026-02-24 15:35:00+00:00,1845.59,1846.37,1841.76,1843.56,1479.45
2026-02-24 15:40:00+00:00,1843.58,1844.76,1839.49,1841.74,1557.81
2026-02-24 15:45:00+00:00,1841.61,1846.5,1840.89,1844.04,844.92
2026-02-24 15:50:00+00:00,1844.06,1844.5,1839.62,1842.16,1019.66
2026-02-24 15:55:00+00:00,1842.16,1847.52,1842.03,1846.29,1279.03
2026-02-24 16:00:00+00:00,1846.29,1862.38,1845.76,1858.36,8651.28
2026-02-24 16:05:00+00:00,1858.28,1859.18,1853.3,1856.03,3576.09
2026-02-24 16:10:00+00:00,1856.04,1857.8,1851.0,1855.61,2962.73
2026-02-24 16:15:00+00:00,1855.59,1858.67,1852.26,1855.7,1445.4
2026-02-24 16:20:00+00:00,1855.73,1855.73,1848.67,1849.3,1554.16
2026-02-24 16:25:00+00:00,1849.3,1851.67,1845.36,1848.53,1969.3
2026-02-24 16:30:00+00:00,1848.53,1849.22,1839.4,1839.4,2854.83
2026-02-24 16:35:00+00:00,1839.4,1845.8,1836.79,1844.68,3505.93
2026-02-24 16:40:00+00:00,1844.65,1852.39,1844.46,1850.48,2605.43
2026-02-24 16:45:00+00:00,1850.5,1850.86,1844.56,1844.95,1048.96
2026-02-24 16:50:00+00:00,1844.93,1846.91,1843.06,1845.58,874.61
2026-02-24 16:55:00+00:00,1845.58,1858.54,1844.86,1857.51,1624.47
2026-02-24 17:00:00+00:00,1857.52,1861.03,1855.8,1858.11,2432.44
2026-02-24 17:05:00+00:00,1858.11,1864.22,1857.22,1860.16,2480.0
2026-02-24 17:10:00+00:00,1860.25,1863.26,1858.24,1859.38,1806.65
2026-02-24 17:15:00+00:00,1859.38,1862.78,1856.01,1860.82,2491.55
2026-02-24 17:20:00+00:00,1860.83,1861.02,1857.4,1858.85,2425.43
2026-02-24 17:25:00+00:00,1858.83,1859.73,1854.48,1855.07,1394.9
2026-02-24 17:30:00+00:00,1855.11,1856.73,1854.27,1855.34,702.96
2026-02-24 17:35:00+00:00,1855.34,1856.89,1853.13,1856.45,1051.7
2026-02-24 17:40:00+00:00,1856.44,1856.46,1852.31,1852.46,762.42
2026-02-24 17:45:00+00:00,1852.46,1854.44,1850.6,1850.63,755.85
2026-02-24 17:50:00+00:00,1850.61,1851.93,1848.79,1850.65,766.34
2026-02-24 17:55:00+00:00,1850.67,1857.34,1849.88,1854.3,816.25
2026-02-24 18:00:00+00:00,1854.18,1859.26,1853.03,1853.35,919.86
2026-02-24 18:05:00+00:00,1853.3,1854.09,1849.02,1849.58,1141.7
2026-02-24 18:10:00+00:00,1849.6,1851.05,1844.23,1845.87,1332.04
2026-02-24 18:15:00+00:00,1845.87,1852.33,1844.38,1851.83,1236.49
2026-02-24 18:20:00+00:00,1851.83,1853.62,1850.5,1851.3,1872.31
2026-02-24 18:25:00+00:00,1851.28,1852.36,1849.46,1849.87,534.0
2026-02-24 18:30:00+00:00,1849.99,1854.72,1849.17,1853.92,619.68
2026-02-24 18:35:00+00:00,1853.84,1855.4,1851.74,1855.35,926.65
2026-02-24 18:40:00+00:00,1855.4,1859.02,1854.73,1855.55,723.84
2026-02-24 18:45:00+00:00,1855.57,1858.63,1855.35,1858.45,810.45
2026-02-24 18:50:00+00:00,1858.45,1859.31,1856.8,1857.4,632.38
2026-02-24 18:55:00+00:00,1857.4,1857.66,1853.55,1853.98,389.1
2026-02-24 19:00:00+00:00,1853.98,1858.4,1853.36,1856.44,408.41
2026-02-24 19:05:00+00:00,1856.45,1861.51,1853.9,1853.9,1652.98
2026-02-24 19:10:00+00:00,1853.92,1853.92,1847.41,1848.57,1511.99
2026-02-24 19:15:00+00:00,1848.57,1849.59,1845.72,1847.23,1249.34
2026-02-24 19:20:00+00:00,1847.23,1852.43,1846.91,1850.84,1177.32
2026-02-24 19:25:00+00:00,1850.84,1851.43,1848.12,1848.66,491.02
2026-02-24 19:30:00+00:00,1848.63,1851.61,1847.97,1849.89,714.5
2026-02-24 19:35:00+00:00,1849.91,1851.82,1848.93,1851.67,332.61
2026-02-24 19:40:00+00:00,1851.67,1853.8,1851.39,1852.9,614.61
2026-02-24 19:45:00+00:00,1852.92,1853.78,1852.3,1853.05,177.55
2026-02-24 19:50:00+00:00,1853.03,1855.86,1850.6,1851.25,911.33
2026-02-24 19:55:00+00:00,1851.27,1853.13,1851.15,1851.46,245.73
2026-02-24 20:00:00+00:00,1851.46,1853.01,1850.04,1851.88,290.52
2026-02-24 20:05:00+00:00,1851.9,1853.59,1848.19,1848.65,675.6
2026-02-24 20:10:00+00:00,1848.65,1851.69,1848.45,1851.48,374.94
2026-02-24 20:15:00+00:00,1851.46,1855.74,1851.29,1852.58,398.52
2026-02-24 20:20:00+00:00,1852.58,1855.93,1852.56,1855.93,359.81
2026-02-24 20:25:00+00:00,1855.93,1857.88,1855.43,1856.09,500.03
2026-02-24 20:30:00+00:00,1856.11,1858.79,1853.05,1857.06,364.77
2026-02-24 20:35:00+00:00,1857.04,1858.11,1856.01,1856.41,337.26
2026-02-24 20:40:00+00:00,1856.45,1859.31,1856.43,1859.05,288.23
2026-02-24 20:45:00+00:00,1859.05,1859.58,1855.77,1855.96,509.48
2026-02-24 20:50:00+00:00,1855.99,1861.28,1855.48,1857.31,846.53
2026-02-24 20:55:00+00:00,1857.28,1857.68,1855.45,1857.53,207.51
2026-02-24 21:00:00+00:00,1857.39,1857.42,1848.66,1849.99,1133.19
2026-02-24 21:05:00+00:00,1850.15,1851.75,1849.26,1851.47,450.28
2026-02-24 21:10:00+00:00,1851.49,1853.28,1850.12,1852.13,537.82
2026-02-24 21:15:00+00:00,1852.16,1852.31,1844.46,1847.78,1132.66
2026-02-24 21:20:00+00:00,1847.76,1850.23,1847.21,1849.93,607.35
2026-02-24 21:25:00+00:00,1849.95,1850.47,1845.52,1846.72,420.79
2026-02-24 21:30:00+00:00,1846.72,1849.01,1845.14,1846.91,1019.75
2026-02-24 21:35:00+00:00,1846.89,1852.24,1846.85,1850.86,623.56
2026-02-24 21:40:00+00:00,1850.84,1852.5,1850.77,1851.96,250.89
2026-02-24 21:45:00+00:00,1851.97,1853.28,1850.51,1850.91,592.57
2026-02-24 21:50:00+00:00,1850.94,1851.87,1849.34,1851.48,291.75
2026-02-24 21:55:00+00:00,1851.5,1853.84,1851.46,1852.96,514.36
2026-02-24 22:00:00+00:00,1852.96,1858.98,1851.72,1858.78,1349.75
2026-02-24 22:05:00+00:00,1858.78,1859.84,1856.86,1859.49,961.33
2026-02-24 22:10:00+00:00,1859.51,1863.36,1858.84,1860.68,1179.9
2026-02-24 22:15:00+00:00,1860.68,1861.05,1856.62,1857.48,642.19
2026-02-24 22:20:00+00:00,1857.48,1859.04,1857.45,1857.72,264.01
2026-02-24 22:25:00+00:00,1857.72,1858.82,1855.72,1858.06,315.42
2026-02-24 22:30:00+00:00,1858.04,1858.32,1856.33,1857.26,295.97
2026-02-24 22:35:00+00:00,1857.26,1858.63,1855.87,1858.06,233.29
2026-02-24 22:40:00+00:00,1858.06,1859.16,1856.1,1856.54,265.47
2026-02-24 22:45:00+00:00,1856.56,1858.84,1855.9,1857.07,202.79
2026-02-24 22:50:00+00:00,1857.05,1857.54,1853.68,1855.95,258.11
2026-02-24 22:55:00+00:00,1855.88,1860.0,1855.88,1859.71,428.5
2026-02-24 23:00:00+00:00,1859.71,1859.75,1855.01,1855.03,416.62
2026-02-24 23:05:00+00:00,1855.01,1855.46,1851.06,1852.26,1464.44
2026-02-24 23:10:00+00:00,1852.26,1855.89,1851.8,1855.69,694.97
2026-02-24 23:15:00+00:00,1855.69,1856.97,1853.96,1855.05,323.71
2026-02-24 23:20:00+00:00,1855.05,1857.73,1854.42,1856.1,688.59
2026-02-24 23:25:00+00:00,1856.12,1857.25,1855.62,1856.78,149.95
2026-02-24 23:30:00+00:00,1856.76,1857.8,1855.56,1856.47,349.06
2026-02-24 23:35:00+00:00,1856.5,1859.56,1856.42,1858.71,531.28
2026-02-24 23:40:00+00:00,1858.73,1858.87,1856.33,1856.48,397.66
2026-02-24 23:45:00+00:00,1856.46,1856.82,1851.71,1851.96,646.58
2026-02-24 23:50:00+00:00,1851.98,1853.05,1851.0,1851.3,443.83
2026-02-24 23:55:00+00:00,1851.3,1852.41,1850.55,1851.1,410.43
2026-02-25 00:00:00+00:00,1851.1,1851.84,1848.84,1849.49,1296.14
2026-02-25 00:05:00+00:00,1849.49,1850.38,1847.55,1847.61,286.85
2026-02-25 00:10:00+00:00,1847.61,1849.37,1846.7,1846.96,353.71
2026-02-25 00:15:00+00:00,1846.96,1851.47,1846.79,1850.51,916.67
2026-02-25 00:20:00+00:00,1850.53,1850.65,1846.6,1848.77,459.3
2026-02-25 00:25:00+00:00,1848.75,1849.46,1845.57,1846.19,386.58
2026-02-25 00:30:00+00:00,1846.17,1849.64,1846.08,1847.72,333.56
2026-02-25 00:35:00+00:00,1847.71,1852.29,1847.65,1851.88,389.79
2026-02-25 00:40:00+00:00,1851.9,1855.68,1849.97,1855.21,491.97
2026-02-25 00:45:00+00:00,1855.23,1855.25,1852.3,1853.43,408.92
2026-02-25 00:50:00+00:00,1853.42,1854.64,1852.21,1853.24,684.84
2026-02-25 00:55:00+00:00,1853.26,1853.63,1850.14,1850.86,237.79
2026-02-25 01:00:00+00:00,1850.86,1854.67,1849.45,1853.04,391.58
2026-02-25 01:05:00+00:00,1853.04,1865.0,1852.79,1864.21,2588.8
2026-02-25 01:10:00+00:00,1864.1,1916.88,1863.11,1903.59,23608.99
2026-02-25 01:15:00+00:00,1903.32,1913.63,1898.06,1908.59,5840.52
2026-02-25 01:20:00+00:00,1908.62,1922.91,1906.54,1914.54,7699.38
2026-02-25 01:25:00+00:00,1914.64,1918.64,1908.17,1909.36,3467.56
2026-02-25 01:30:00+00:00,1909.36,1916.5,1908.26,1913.86,1965.83
2026-02-25 01:35:00+00:00,1913.86,1921.79,1912.99,1920.23,2768.83
2026-02-25 01:40:00+00:00,1920.3,1921.0,1911.28,1912.53,1107.07
2026-02-25 01:45:00+00:00,1912.54,1919.16,1911.95,1918.76,1759.63
2026-02-25 01:50:00+00:00,1918.76,1919.09,1914.94,1916.28,1090.68
2026-02-25 01:55:00+00:00,1916.28,1919.62,1916.28,1918.01,1031.5
2026-02-25 02:00:00+00:00,1918.0,1926.22,1917.22,1918.7,2945.96
2026-02-25 02:05:00+00:00,1918.6,1943.55,1917.41,1930.87,7327.23
2026-02-25 02:10:00+00:00,1930.83,1935.25,1929.84,1934.1,1820.64
2026-02-25 02:15:00+00:00,1934.08,1936.11,1927.25,1929.2,1779.89
2026-02-25 02:20:00+00:00,1929.2,1934.02,1928.43,1929.35,865.75
2026-02-25 02:25:00+00:00,1929.37,1932.58,1927.64,1930.96,812.12
2026-02-25 02:30:00+00:00,1930.98,1932.84,1924.66,1925.19,900.94
2026-02-25 02:35:00+00:00,1925.18,1927.22,1923.91,1923.93,1100.58
2026-02-25 02:40:00+00:00,1923.91,1924.65,1920.77,1921.85,1303.85
2026-02-25 02:45:00+00:00,1921.87,1925.15,1921.86,1924.7,631.85
2026-02-25 02:50:00+00:00,1924.68,1927.53,1922.62,1923.34,759.65
2026-02-25 02:55:00+00:00,1923.34,1924.53,1919.17,1920.06,1345.07
2026-02-25 03:00:00+00:00,1920.06,1922.1,1915.95,1918.22,1870.45
2026-02-25 03:05:00+00:00,1918.22,1920.7,1917.3,1917.8,1075.69
2026-02-25 03:10:00+00:00,1917.8,1918.85,1915.45,1916.84,1038.65
2026-02-25 03:15:00+00:00,1916.84,1917.56,1909.51,1910.08,1979.47
2026-02-25 03:20:00+00:00,1910.03,1912.24,1904.92,1907.43,2609.45
2026-02-25 03:25:00+00:00,1907.47,1911.23,1907.43,1909.49,1203.88
2026-02-25 03:30:00+00:00,1909.48,1911.4,1905.44,1909.63,1192.14
2026-02-25 03:35:00+00:00,1909.61,1910.05,1903.63,1904.63,1462.61
2026-02-25 03:40:00+00:00,1904.63,1907.33,1902.71,1906.92,1984.27
2026-02-25 03:45:00+00:00,1906.92,1909.09,1905.61,1906.37,880.02
2026-02-25 03:50:00+00:00,1906.36,1908.78,1905.76,1906.31,2177.58
2026-02-25 03:55:00+00:00,1906.24,1907.11,1904.84,1905.51,594.05
2026-02-25 04:00:00+00:00,1905.51,1906.2,1894.06,1900.0,3151.34
2026-02-25 04:05:00+00:00,1899.99,1901.53,1899.1,1900.3,1241.53
2026-02-25 04:10:00+00:00,1900.3,1906.82,1899.5,1905.02,2335.04
2026-02-25 04:15:00+00:00,1905.04,1909.3,1902.66,1906.24,1282.1
2026-02-25 04:20:00+00:00,1906.31,1912.44,1905.09,1911.25,3098.69
2026-02-25 04:25:00+00:00,1911.23,1911.65,1908.92,1911.5,1366.8
2026-02-25 04:30:00+00:00,1911.57,1913.62,1911.15,1912.86,903.24
2026-02-25 04:35:00+00:00,1912.88,1913.69,1910.25,1912.07,902.27
2026-02-25 04:40:00+00:00,1912.05,1913.8,1912.05,1912.75,501.09
2026-02-25 04:45:00+00:00,1912.75,1913.25,1908.85,1909.51,718.78
2026-02-25 04:50:00+00:00,1909.51,1909.53,1906.12,1906.6,809.41
2026-02-25 04:55:00+00:00,1906.59,1906.6,1904.89,1905.41,947.72
2026-02-25 05:00:00+00:00,1905.43,1906.71,1903.0,1906.43,1232.61
2026-02-25 05:05:00+00:00,1906.41,1907.67,1903.62,1905.43,699.89
2026-02-25 05:10:00+00:00,1905.43,1905.45,1901.2,1901.99,437.51
2026-02-25 05:15:00+00:00,1901.99,1903.32,1900.67,1900.68,1083.71
2026-02-25 05:20:00+00:00,1900.68,1900.68,1887.75,1889.84,4124.71
2026-02-25 05:25:00+00:00,1889.82,1893.51,1889.63,1892.47,2633.39
2026-02-25 05:30:00+00:00,1892.45,1894.16,1883.7,1884.79,2455.61
2026-02-25 05:35:00+00:00,1884.77,1886.74,1877.21,1882.92,4835.82
2026-02-25 05:40:00+00:00,1882.94,1885.57,1879.19,1884.1,1475.24
2026-02-25 05:45:00+00:00,1884.1,1891.0,1882.91,1889.0,3064.71
2026-02-25 05:50:00+00:00,1889.01,1889.92,1888.03,1888.11,1072.65
2026-02-25 05:55:00+00:00,1888.11,1889.1,1886.64,1886.99,573.22
2026-02-25 06:00:00+00:00,1886.99,1889.83,1886.64,1889.13,752.81
2026-02-25 06:05:00+00:00,1889.12,1889.64,1887.73,1889.26,461.19
2026-02-25 06:10:00+00:00,1889.26,1889.78,1888.13,1889.43,739.25
2026-02-25 06:15:00+00:00,1889.43,1890.66,1886.5,1890.65,1470.96
2026-02-25 06:20:00+00:00,1890.66,1895.3,1890.21,1892.78,1390.04
2026-02-25 06:25:00+00:00,1892.76,1894.06,1891.58,1891.6,666.63
2026-02-25 06:30:00+00:00,1891.6,1893.03,1890.17,1891.42,316.42
2026-02-25 06:35:00+00:00,1891.42,1893.32,1890.21,1892.01,280.87
2026-02-25 06:40:00+00:00,1892.01,1893.05,1890.78,1890.78,300.3
2026-02-25 06:45:00+00:00,1890.8,1890.9,1888.28,1888.3,833.24
2026-02-25 06:50:00+00:00,1888.3,1888.61,1884.5,1885.37,1023.64
2026-02-25 06:55:00+00:00,1885.39,1885.68,1883.93,1884.22,750.07
2026-02-25 07:00:00+00:00,1884.22,1886.4,1883.2,1885.29,833.99
2026-02-25 07:05:00+00:00,1885.27,1887.1,1881.39,1887.1,785.72
2026-02-25 07:10:00+00:00,1887.29,1889.42,1886.36,1887.58,1139.27
2026-02-25 07:15:00+00:00,1887.6,1893.0,1886.24,1890.87,1176.52
2026-02-25 07:20:00+00:00,1890.85,1891.11,1889.06,1889.1,425.88
2026-02-25 07:25:00+00:00,1889.1,1891.68,1888.21,1891.0,398.26
2026-02-25 07:30:00+00:00,1891.0,1894.54,1890.61,1892.55,688.59
2026-02-25 07:35:00+00:00,1892.55,1892.78,1889.64,1889.69,363.72
2026-02-25 07:40:00+00:00,1889.67,1890.53,1887.45,1889.21,404.27
2026-02-25 07:45:00+00:00,1889.21,1890.0,1888.03,1888.92,443.06
2026-02-25 07:50:00+00:00,1888.94,1892.88,1888.94,1891.47,313.74
2026-02-25 07:55:00+00:00,1891.47,1893.52,1890.79,1892.35,537.77
2026-02-25 08:00:00+00:00,1892.37,1893.38,1889.62,1891.23,406.18
2026-02-25 08:05:00+00:00,1891.24,1893.06,1890.08,1890.66,327.55
2026-02-25 08:10:00+00:00,1890.68,1890.69,1889.3,1890.41,274.11
2026-02-25 08:15:00+00:00,1890.41,1893.07,1889.62,1891.99,279.22
2026-02-25 08:20:00+00:00,1891.97,1897.77,1891.66,1896.93,2429.73
2026-02-25 08:25:00+00:00,1896.93,1897.43,1894.57,1895.34,729.43
2026-02-25 08:30:00+00:00,1895.36,1899.68,1895.34,1899.68,1602.21
2026-02-25 08:35:00+00:00,1899.68,1906.71,1898.07,1903.93,2625.16
2026-02-25 08:40:00+00:00,1903.99,1905.92,1902.78,1905.01,1453.21
2026-02-25 08:45:00+00:00,1905.0,1906.66,1902.89,1904.54,1005.9
2026-02-25 08:50:00+00:00,1904.53,1911.45,1903.45,1910.74,1753.15
2026-02-25 08:55:00+00:00,1910.74,1913.11,1907.99,1909.48,1808.48
2026-02-25 09:00:00+00:00,1909.48,1912.59,1907.53,1911.33,911.24
2026-02-25 09:05:00+00:00,1911.35,1911.92,1906.75,1910.08,803.26
2026-02-25 09:10:00+00:00,1910.08,1916.9,1910.06,1913.29,1573.38
2026-02-25 09:15:00+00:00,1913.27,1913.7,1911.43,1913.67,996.29
2026-02-25 09:20:00+00:00,1913.69,1915.67,1911.77,1911.78,734.12
2026-02-25 09:25:00+00:00,1911.8,1912.18,1910.27,1912.16,844.68
2026-02-25 09:30:00+00:00,1912.18,1912.48,1910.0,1911.45,787.2
2026-02-25 09:35:00+00:00,1911.45,1911.64,1908.02,1908.75,1102.78
2026-02-25 09:40:00+00:00,1908.73,1910.23,1908.13,1910.21,554.4
2026-02-25 09:45:00+00:00,1910.21,1912.2,1909.65,1911.8,727.23
2026-02-25 09:50:00+00:00,1911.82,1914.36,1911.66,1914.29,1125.31
2026-02-25 09:55:00+00:00,1914.29,1914.94,1912.83,1914.33,707.9
2026-02-25 10:00:00+00:00,1914.35,1916.71,1911.75,1913.25,2213.39
2026-02-25 10:05:00+00:00,1913.25,1916.28,1912.03,1915.86,536.39
2026-02-25 10:10:00+00:00,1915.86,1917.47,1912.11,1916.5,706.85
2026-02-25 10:15:00+00:00,1916.5,1922.19,1914.25,1916.98,4002.66
2026-02-25 10:20:00+00:00,1916.88,1916.88,1913.27,1913.36,733.81
2026-02-25 10:25:00+00:00,1913.36,1913.36,1911.1,1911.53,874.24
2026-02-25 10:30:00+00:00,1911.53,1911.6,1910.48,1911.49,533.4
2026-02-25 10:35:00+00:00,1911.49,1914.81,1911.49,1914.23,2076.95
2026-02-25 10:40:00+00:00,1914.18,1915.04,1912.43,1914.13,402.36
2026-02-25 10:45:00+00:00,1914.11,1915.85,1912.9,1914.65,587.49
2026-02-25 10:50:00+00:00,1914.65,1915.41,1912.0,1912.08,516.0
2026-02-25 10:55:00+00:00,1912.08,1912.59,1909.53,1911.75,696.81
2026-02-25 11:00:00+00:00,1911.75,1911.92,1909.98,1911.32,539.81
2026-02-25 11:05:00+00:00,1911.31,1914.48,1907.6,1914.32,1529.65
2026-02-25 11:10:00+00:00,1914.32,1918.08,1914.03,1914.24,1216.3
2026-02-25 11:15:00+00:00,1914.26,1915.68,1913.39,1913.65,859.86
2026-02-25 11:20:00+00:00,1913.65,1921.75,1913.47,1918.7,2125.12
2026-02-25 11:25:00+00:00,1918.72,1920.35,1917.79,1918.79,585.13
2026-02-25 11:30:00+00:00,1918.79,1920.89,1918.61,1919.72,997.1
2026-02-25 11:35:00+00:00,1919.72,1924.76,1918.93,1924.28,2102.57
2026-02-25 11:40:00+00:00,1924.28,1924.72,1921.79,1922.24,862.59
2026-02-25 11:45:00+00:00,1922.24,1922.94,1921.32,1922.01,383.42
2026-02-25 11:50:00+00:00,1921.88,1923.38,1921.26,1921.94,504.15
2026-02-25 11:55:00+00:00,1921.94,1927.81,1920.87,1925.5,923.0
2026-02-25 12:00:00+00:00,1925.23,1928.52,1922.99,1923.85,3881.48
2026-02-25 12:05:00+00:00,1923.86,1927.48,1921.37,1927.27,1197.79
2026-02-25 12:10:00+00:00,1927.27,1928.4,1926.31,1927.6,635.66
2026-02-25 12:15:00+00:00,1927.68,1938.73,1925.88,1936.26,3432.69
2026-02-25 12:20:00+00:00,1936.26,1941.3,1935.04,1935.69,5704.49
2026-02-25 12:25:00+00:00,1935.89,1938.03,1934.44,1937.37,2021.76
2026-02-25 12:30:00+00:00,1937.39,1941.05,1936.07,1939.35,2745.13
2026-02-25 12:35:00+00:00,1939.37,1942.9,1936.28,1936.99,1879.55
2026-02-25 12:40:00+00:00,1936.99,1940.0,1936.99,1938.08,1043.56
2026-02-25 12:45:00+00:00,1938.1,1944.13,1937.43,1944.13,2041.45
2026-02-25 12:50:00+00:00,1944.24,1955.79,1943.58,1952.09,10321.6
2026-02-25 12:55:00+00:00,1952.16,1953.12,1948.86,1952.72,2266.04
2026-02-25 13:00:00+00:00,1952.74,1960.98,1951.58,1954.52,7640.38
2026-02-25 13:05:00+00:00,1954.5,1959.63,1952.35,1955.12,2098.39
2026-02-25 13:10:00+00:00,1955.12,1956.85,1954.45,1955.21,1295.52
2026-02-25 13:15:00+00:00,1955.15,1958.12,1954.34,1955.49,2936.12
2026-02-25 13:20:00+00:00,1955.47,1958.3,1952.34,1956.49,1952.55
2026-02-25 13:25:00+00:00,1956.49,1966.0,1956.14,1961.45,5836.74
2026-02-25 13:30:00+00:00,1961.53,1964.78,1960.01,1961.49,1751.6
2026-02-25 13:35:00+00:00,1961.49,1965.13,1960.15,1963.81,2667.37
2026-02-25 13:40:00+00:00,1963.82,1968.5,1962.85,1964.02,2815.37
2026-02-25 13:45:00+00:00,1963.94,1976.29,1963.58,1974.82,3553.13
2026-02-25 13:50:00+00:00,1974.85,1974.94,1963.5,1963.71,4307.43
2026-02-25 13:55:00+00:00,1963.69,1965.76,1962.24,1963.78,2161.96
2026-02-25 14:00:00+00:00,1963.8,1967.53,1963.8,1966.53,1912.43
2026-02-25 14:05:00+00:00,1966.53,1968.89,1964.14,1966.85,2682.93
2026-02-25 14:10:00+00:00,1966.85,1969.79,1966.26,1968.29,1723.39
2026-02-25 14:15:00+00:00,1968.27,1972.46,1966.76,1967.0,1477.44
2026-02-25 14:20:00+00:00,1967.0,1972.5,1966.87,1971.34,1085.46
2026-02-25 14:25:00+00:00,1971.37,1975.08,1970.6,1971.11,1495.76
2026-02-25 14:30:00+00:00,1970.98,1982.42,1969.87,1973.06,9867.0
2026-02-25 14:35:00+00:00,1973.12,1975.02,1962.5,1962.51,3135.76
2026-02-25 14:40:00+00:00,1962.51,1971.03,1961.62,1967.66,4081.36
2026-02-25 14:45:00+00:00,1967.66,1993.0,1967.65,1989.17,12965.73
2026-02-25 14:50:00+00:00,1989.17,1996.93,1986.0,1986.48,5460.48
2026-02-25 14:55:00+00:00,1986.46,2000.0,1986.27,1996.78,3665.8
2026-02-25 15:00:00+00:00,1996.78,2006.85,1995.57,1997.69,10118.34
2026-02-25 15:05:00+00:00,1997.93,1998.27,1985.72,1989.02,6304.91
2026-02-25 15:10:00+00:00,1989.05,1992.39,1988.6,1988.77,1622.26
2026-02-25 15:15:00+00:00,1988.75,1994.6,1988.12,1989.77,1799.8
2026-02-25 15:20:00+00:00,1989.77,1993.89,1986.87,1992.68,1733.66
2026-02-25 15:25:00+00:00,1992.7,2001.39,1992.64,1999.58,2748.08
2026-02-25 15:30:00+00:00,1999.57,2019.4,1996.08,2010.87,8395.69
2026-02-25 15:35:00+00:00,2010.99,2026.0,2010.99,2017.88,12273.12
2026-02-25 15:40:00+00:00,2017.72,2022.54,2016.0,2022.19,2518.48
2026-02-25 15:45:00+00:00,2022.19,2027.62,2019.5,2021.7,4673.67
2026-02-25 15:50:00+00:00,2021.78,2022.13,2016.74,2017.18,2243.57
2026-02-25 15:55:00+00:00,2017.16,2018.06,2007.4,2012.88,4778.2
2026-02-25 16:00:00+00:00,2013.0,2018.92,2012.56,2015.34,3537.34
2026-02-25 16:05:00+00:00,2015.12,2021.13,2012.8,2015.29,1892.29
2026-02-25 16:10:00+00:00,2015.31,2022.04,2015.21,2018.58,1369.02
2026-02-25 16:15:00+00:00,2018.58,2036.0,2018.2,2029.86,5541.1
2026-02-25 16:20:00+00:00,2029.86,2036.3,2026.47,2034.88,3160.75
2026-02-25 16:25:00+00:00,2034.89,2041.69,2030.04,2030.19,5275.08
2026-02-25 16:30:00+00:00,2030.3,2034.96,2025.81,2027.22,2594.75
2026-02-25 16:35:00+00:00,2027.22,2033.06,2027.13,2029.33,1184.25
2026-02-25 16:40:00+00:00,2029.33,2034.87,2028.94,2033.87,1089.07
2026-02-25 16:45:00+00:00,2033.88,2042.77,2033.88,2040.36,2644.64
2026-02-25 16:50:00+00:00,2040.17,2041.38,2037.72,2039.64,1655.49
2026-02-25 16:55:00+00:00,2039.66,2048.42,2038.55,2045.54,7811.3
2026-02-25 17:00:00+00:00,2045.61,2068.57,2043.41,2057.28,14239.31
2026-02-25 17:05:00+00:00,2057.14,2060.92,2052.99,2056.3,3710.24
2026-02-25 17:10:00+00:00,2056.28,2072.02,2056.26,2064.56,6467.46
2026-02-25 17:15:00+00:00,2064.54,2064.74,2054.82,2055.13,3071.48
2026-02-25 17:20:00+00:00,2055.07,2066.16,2055.07,2065.22,2717.87
2026-02-25 17:25:00+00:00,2065.2,2068.41,2061.29,2065.3,1759.2
2026-02-25 17:30:00+00:00,2065.32,2068.26,2059.0,2062.27,1940.09
2026-02-25 17:35:00+00:00,2062.27,2071.78,2061.86,2066.52,2692.63
2026-02-25 17:40:00+00:00,2066.52,2076.73,2066.38,2075.9,3423.61
2026-02-25 17:45:00+00:00,2075.89,2083.5,2073.84,2075.71,4011.41
2026-02-25 17:50:00+00:00,2075.98,2080.88,2071.82,2072.18,1786.37
2026-02-25 17:55:00+00:00,2072.18,2074.46,2068.52,2073.18,1695.34
2026-02-25 18:00:00+00:00,2072.81,2073.97,2056.09,2057.56,7750.74
2026-02-25 18:05:00+00:00,2057.54,2066.72,2057.35,2066.59,2364.21
2026-02-25 18:10:00+00:00,2066.61,2072.27,2066.07,2068.12,4241.14
2026-02-25 18:15:00+00:00,2068.12,2070.99,2060.79,2062.95,1542.09
2026-02-25 18:20:00+00:00,2062.98,2069.47,2062.8,2065.38,1541.26
2026-02-25 18:25:00+00:00,2065.38,2080.5,2064.79,2076.51,2231.96
2026-02-25 18:30:00+00:00,2076.53,2076.89,2069.12,2071.7,2784.68
2026-02-25 18:35:00+00:00,2071.67,2075.64,2070.95,2071.07,1701.13
2026-02-25 18:40:00+00:00,2071.03,2074.48,2069.2,2070.09,851.19
2026-02-25 18:45:00+00:00,2070.09,2072.0,2065.0,2070.67,1900.44
2026-02-25 18:50:00+00:00,2070.65,2074.88,2069.31,2071.42,1913.16
2026-02-25 18:55:00+00:00,2071.44,2074.82,2070.49,2073.25,808.08
2026-02-25 19:00:00+00:00,2073.23,2074.21,2067.38,2070.08,1516.26
2026-02-25 19:05:00+00:00,2070.11,2072.86,2064.9,2064.9,1010.85
2026-02-25 19:10:00+00:00,2064.8,2066.55,2059.24,2065.87,3978.57
2026-02-25 19:15:00+00:00,2065.85,2068.81,2063.12,2064.31,701.34
2026-02-25 19:20:00+00:00,2064.31,2069.14,2064.01,2068.04,800.65
2026-02-25 19:25:00+00:00,2068.04,2068.17,2064.83,2067.01,870.52
2026-02-25 19:30:00+00:00,2066.99,2067.68,2060.1,2061.31,956.86
2026-02-25 19:35:00+00:00,2061.33,2065.47,2061.03,2063.19,481.61
2026-02-25 19:40:00+00:00,2063.19,2066.08,2062.04,2065.54,409.5
2026-02-25 19:45:00+00:00,2065.54,2072.53,2064.4,2071.95,2627.43
2026-02-25 19:50:00+00:00,2071.97,2072.65,2068.37,2070.36,887.58
2026-02-25 19:55:00+00:00,2070.38,2071.23,2068.48,2070.17,455.31
2026-02-25 20:00:00+00:00,2070.42,2073.51,2066.34,2068.35,1354.61
2026-02-25 20:05:00+00:00,2068.35,2070.42,2067.37,2068.61,661.79
2026-02-25 20:10:00+00:00,2068.61,2068.78,2061.21,2062.48,1843.72
2026-02-25 20:15:00+00:00,2062.44,2065.55,2061.96,2064.5,730.66
2026-02-25 20:20:00+00:00,2064.5,2066.63,2060.95,2062.77,459.05
2026-02-25 20:25:00+00:00,2062.75,2065.43,2058.98,2059.09,849.93
2026-02-25 20:30:00+00:00,2059.11,2070.73,2057.46,2070.03,2957.49
2026-02-25 20:35:00+00:00,2070.03,2070.1,2066.14,2069.09,746.41
2026-02-25 20:40:00+00:00,2069.11,2070.85,2067.24,2069.13,434.62
2026-02-25 20:45:00+00:00,2069.16,2076.65,2068.44,2073.98,1674.93
2026-02-25 20:50:00+00:00,2074.0,2083.03,2073.87,2077.12,2990.0
2026-02-25 20:55:00+00:00,2076.97,2079.76,2070.78,2074.02,3212.8
2026-02-25 21:00:00+00:00,2073.84,2075.13,2071.3,2071.61,1219.61
2026-02-25 21:05:00+00:00,2071.67,2077.07,2071.67,2074.97,810.14
2026-02-25 21:10:00+00:00,2075.0,2075.41,2069.49,2071.06,500.26
2026-02-25 21:15:00+00:00,2071.06,2073.43,2069.19,2071.96,515.17
2026-02-25 21:20:00+00:00,2071.94,2076.36,2070.97,2074.32,333.12
2026-02-25 21:25:00+00:00,2074.32,2074.32,2066.36,2066.86,822.8
2026-02-25 21:30:00+00:00,2066.83,2091.66,2065.15,2091.66,5880.37
2026-02-25 21:35:00+00:00,2091.66,2147.98,2087.02,2117.72,23433.24
2026-02-25 21:40:00+00:00,2118.0,2121.04,2106.5,2110.49,4416.84
2026-02-25 21:45:00+00:00,2110.45,2112.0,2093.93,2100.81,5650.18
2026-02-25 21:50:00+00:00,2100.83,2108.04,2098.8,2101.02,3564.68
2026-02-25 21:55:00+00:00,2101.17,2102.71,2092.32,2099.62,1896.52
2026-02-25 22:00:00+00:00,2099.62,2111.72,2099.62,2108.5,3138.43
2026-02-25 22:05:00+00:00,2108.42,2110.94,2105.0,2109.89,1547.48
2026-02-25 22:10:00+00:00,2109.89,2114.81,2109.0,2109.0,1152.1
2026-02-25 22:15:00+00:00,2109.0,2111.96,2104.3,2105.68,1673.65
2026-02-25 22:20:00+00:00,2105.7,2106.9,2102.28,2103.86,549.83
2026-02-25 22:25:00+00:00,2103.75,2104.09,2097.33,2099.07,1009.26
2026-02-25 22:30:00+00:00,2099.07,2104.25,2095.54,2102.72,1051.71
2026-02-25 22:35:00+00:00,2102.68,2104.86,2094.96,2095.17,1275.38
2026-02-25 22:40:00+00:00,2095.02,2095.02,2084.07,2089.37,2476.73
2026-02-25 22:45:00+00:00,2089.39,2093.98,2088.73,2089.9,776.41
2026-02-25 22:50:00+00:00,2089.92,2089.92,2073.02,2074.61,4133.63
2026-02-25 22:55:00+00:00,2074.58,2084.75,2074.58,2082.51,1098.29
2026-02-25 23:00:00+00:00,2082.44,2082.78,2072.99,2078.77,1291.6
2026-02-25 23:05:00+00:00,2079.0,2086.4,2077.64,2083.19,1722.03
2026-02-25 23:10:00+00:00,2083.19,2083.89,2080.0,2081.0,526.83
2026-02-25 23:15:00+00:00,2081.0,2081.37,2068.24,2068.46,1107.21
2026-02-25 23:20:00+00:00,2068.58,2071.29,2066.0,2066.78,1790.27
2026-02-25 23:25:00+00:00,2066.83,2072.12,2066.24,2068.86,1418.89
2026-02-25 23:30:00+00:00,2068.91,2070.81,2060.83,2062.55,1940.97
2026-02-25 23:35:00+00:00,2062.53,2068.48,2049.0,2051.51,2066.11
2026-02-25 23:40:00+00:00,2051.51,2052.92,2033.62,2041.32,6346.07
2026-02-25 23:45:00+00:00,2041.33,2044.93,2037.47,2037.48,1661.42
2026-02-25 23:50:00+00:00,2037.48,2054.38,2037.21,2052.01,2728.5
2026-02-25 23:55:00+00:00,2051.85,2056.89,2051.63,2056.75,1214.79
2026-02-26 00:00:00+00:00,2056.73,2056.73,2046.84,2050.22,1733.64
2026-02-26 00:05:00+00:00,2050.29,2064.32,2049.66,2063.54,1853.72
2026-02-26 00:10:00+00:00,2063.56,2065.8,2059.82,2061.96,1621.17
2026-02-26 00:15:00+00:00,2061.96,2070.12,2061.6,2064.57,2433.5
2026-02-26 00:20:00+00:00,2064.57,2075.81,2064.57,2072.54,1728.63
2026-02-26 00:25:00+00:00,2072.56,2072.56,2066.82,2066.82,1684.55
2026-02-26 00:30:00+00:00,2066.82,2072.12,2066.08,2071.0,1726.07
2026-02-26 00:35:00+00:00,2070.99,2073.67,2053.57,2054.44,2763.66
2026-02-26 00:40:00+00:00,2054.41,2059.14,2050.02,2057.61,1942.73
2026-02-26 00:45:00+00:00,2057.61,2061.6,2055.27,2059.55,1583.08
2026-02-26 00:50:00+00:00,2059.55,2063.19,2054.87,2061.7,779.3
2026-02-26 00:55:00+00:00,2061.63,2063.0,2059.48,2061.52,887.94
2026-02-26 01:00:00+00:00,2061.52,2064.46,2053.19,2063.18,1267.75
2026-02-26 01:05:00+00:00,2063.2,2065.66,2058.89,2059.83,1891.42
2026-02-26 01:10:00+00:00,2059.82,2062.05,2058.69,2061.62,875.35
2026-02-26 01:15:00+00:00,2061.62,2062.41,2057.5,2059.99,666.11
2026-02-26 01:20:00+00:00,2059.99,2061.6,2055.5,2059.52,505.24
2026-02-26 01:25:00+00:00,2059.52,2061.02,2053.7,2055.03,845.83
2026-02-26 01:30:00+00:00,2055.02,2055.02,2048.65,2052.52,1027.27
2026-02-26 01:35:00+00:00,2052.53,2058.44,2051.76,2057.99,796.77
2026-02-26 01:40:00+00:00,2057.99,2064.16,2056.95,2057.04,1358.67
2026-02-26 01:45:00+00:00,2057.07,2057.73,2052.38,2057.38,944.08
2026-02-26 01:50:00+00:00,2057.24,2059.75,2055.43,2056.93,504.04
2026-02-26 01:55:00+00:00,2056.94,2060.7,2056.67,2057.74,466.73
2026-02-26 02:00:00+00:00,2057.72,2058.35,2044.82,2047.91,2372.82
2026-02-26 02:05:00+00:00,2047.91,2049.17,2043.5,2047.11,1341.04
2026-02-26 02:10:00+00:00,2047.1,2047.33,2038.04,2041.31,1922.81
2026-02-26 02:15:00+00:00,2041.31,2053.21,2041.23,2047.31,4022.19
2026-02-26 02:20:00+00:00,2047.33,2048.57,2043.44,2044.63,513.36
2026-02-26 02:25:00+00:00,2044.63,2046.93,2043.02,2044.93,457.81
2026-02-26 02:30:00+00:00,2044.93,2052.4,2044.93,2050.34,810.38
2026-02-26 02:35:00+00:00,2050.36,2052.0,2046.19,2048.08,427.04
2026-02-26 02:40:00+00:00,2048.11,2054.95,2045.92,2053.68,788.56
2026-02-26 02:45:00+00:00,2053.68,2055.56,2048.56,2048.62,780.63
2026-02-26 02:50:00+00:00,2048.62,2052.57,2048.46,2050.98,514.42
2026-02-26 02:55:00+00:00,2051.0,2055.57,2050.21,2052.51,734.34
2026-02-26 03:00:00+00:00,2052.53,2055.57,2049.12,2051.45,716.67
2026-02-26 03:05:00+00:00,2051.45,2051.47,2046.35,2047.94,749.03
2026-02-26 03:10:00+00:00,2047.89,2050.05,2047.54,2049.69,303.41
2026-02-26 03:15:00+00:00,2049.69,2051.45,2048.71,2050.69,379.78
2026-02-26 03:20:00+00:00,2050.69,2050.71,2047.65,2048.58,503.03
2026-02-26 03:25:00+00:00,2048.56,2051.45,2048.56,2050.32,384.55
2026-02-26 03:30:00+00:00,2050.29,2059.24,2049.12,2056.25,1416.09
2026-02-26 03:35:00+00:00,2056.23,2056.62,2053.09,2053.09,561.67
2026-02-26 03:40:00+00:00,2053.02,2057.69,2052.76,2055.75,477.42
2026-02-26 03:45:00+00:00,2055.77,2057.64,2055.59,2056.71,455.36
2026-02-26 03:50:00+00:00,2056.73,2056.73,2054.38,2054.5,241.11
2026-02-26 03:55:00+00:00,2054.52,2056.11,2053.23,2053.55,677.56
2026-02-26 04:00:00+00:00,2053.53,2055.04,2050.95,2054.35,676.43
2026-02-26 04:05:00+00:00,2054.34,2061.47,2053.5,2060.69,894.0
2026-02-26 04:10:00+00:00,2060.69,2067.41,2060.36,2061.7,2789.45
2026-02-26 04:15:00+00:00,2061.72,2065.06,2061.66,2063.46,987.41
2026-02-26 04:20:00+00:00,2063.46,2063.46,2056.75,2061.24,984.26
2026-02-26 04:25:00+00:00,2061.22,2064.64,2060.74,2063.92,726.24
2026-02-26 04:30:00+00:00,2063.9,2078.01,2063.46,2073.57,3768.61
2026-02-26 04:35:00+00:00,2073.64,2081.11,2071.91,2075.17,3076.25
2026-02-26 04:40:00+00:00,2075.15,2081.92,2074.26,2074.86,2079.06
2026-02-26 04:45:00+00:00,2074.88,2077.3,2072.42,2076.17,1562.17
2026-02-26 04:50:00+00:00,2076.15,2077.3,2074.15,2076.9,403.33
2026-02-26 04:55:00+00:00,2076.83,2078.43,2073.73,2074.24,548.26
2026-02-26 05:00:00+00:00,2074.24,2074.63,2069.55,2073.62,1767.29
2026-02-26 05:05:00+00:00,2073.6,2073.6,2064.09,2065.58,1122.63
2026-02-26 05:10:00+00:00,2065.57,2066.24,2058.94,2061.92,2241.81
2026-02-26 05:15:00+00:00,2061.9,2063.01,2055.88,2059.97,1668.47
2026-02-26 05:20:00+00:00,2059.8,2063.26,2057.12,2062.14,1023.5
2026-02-26 05:25:00+00:00,2062.12,2065.97,2060.77,2063.3,1110.72
2026-02-26 05:30:00+00:00,2063.28,2066.32,2060.81,2064.07,514.32
2026-02-26 05:35:00+00:00,2064.0,2064.0,2057.84,2060.21,1132.92
2026-02-26 05:40:00+00:00,2060.19,2065.13,2059.56,2064.49,588.42
2026-02-26 05:45:00+00:00,2064.25,2068.72,2061.88,2067.01,758.74
2026-02-26 05:50:00+00:00,2067.01,2067.59,2065.0,2065.67,539.17
2026-02-26 05:55:00+00:00,2065.67,2067.52,2063.58,2065.39,516.89
2026-02-26 06:00:00+00:00,2065.41,2065.41,2060.0,2061.26,989.0
2026-02-26 06:05:00+00:00,2061.27,2074.38,2061.26,2070.54,1656.86
2026-02-26 06:10:00+00:00,2070.56,2075.25,2070.54,2072.51,979.68
2026-02-26 06:15:00+00:00,2072.42,2073.26,2067.91,2069.35,684.46
2026-02-26 06:20:00+00:00,2069.41,2070.44,2067.41,2069.03,419.86
2026-02-26 06:25:00+00:00,2069.03,2069.23,2064.0,2064.0,518.64
2026-02-26 06:30:00+00:00,2064.0,2064.74,2060.48,2063.12,1225.78
2026-02-26 06:35:00+00:00,2063.12,2063.12,2060.41,2062.33,605.87
2026-02-26 06:40:00+00:00,2062.33,2063.28,2060.51,2060.93,397.65
2026-02-26 06:45:00+00:00,2060.95,2062.99,2058.76,2061.77,780.94
2026-02-26 06:50:00+00:00,2061.77,2066.14,2060.72,2060.75,652.26
2026-02-26 06:55:00+00:00,2060.79,2063.08,2060.79,2061.76,281.87
2026-02-26 07:00:00+00:00,2061.76,2066.0,2061.02,2065.26,420.05
2026-02-26 07:05:00+00:00,2065.24,2066.35,2063.17,2066.27,301.06
2026-02-26 07:10:00+00:00,2066.29,2067.48,2063.83,2064.77,421.56
2026-02-26 07:15:00+00:00,2064.73,2065.12,2060.81,2061.32,495.59
2026-02-26 07:20:00+00:00,2061.32,2065.66,2060.1,2061.9,516.09
2026-02-26 07:25:00+00:00,2061.85,2063.19,2060.33,2062.62,218.18
2026-02-26 07:30:00+00:00,2062.64,2063.45,2059.72,2060.69,363.43
2026-02-26 07:35:00+00:00,2060.71,2062.25,2056.37,2057.12,1175.41
2026-02-26 07:40:00+00:00,2057.14,2058.72,2055.57,2057.86,1119.28
2026-02-26 07:45:00+00:00,2057.68,2059.12,2056.24,2057.48,972.48
2026-02-26 07:50:00+00:00,2057.46,2057.72,2051.0,2053.68,1827.31
2026-02-26 07:55:00+00:00,2053.68,2054.81,2052.35,2052.59,677.77
2026-02-26 08:00:00+00:00,2052.61,2055.85,2051.56,2053.44,1085.61
2026-02-26 08:05:00+00:00,2053.44,2054.46,2046.58,2046.92,2360.94
2026-02-26 08:10:00+00:00,2046.97,2052.83,2046.4,2051.59,2340.96
2026-02-26 08:15:00+00:00,2051.59,2052.4,2047.02,2049.38,995.81
2026-02-26 08:20:00+00:00,2049.38,2058.56,2049.07,2053.22,2890.08
2026-02-26 08:25:00+00:00,2053.11,2053.5,2045.04,2047.58,1424.37
2026-02-26 08:30:00+00:00,2047.57,2050.09,2044.05,2046.27,1237.89
2026-02-26 08:35:00+00:00,2046.22,2052.19,2045.16,2051.87,770.04
2026-02-26 08:40:00+00:00,2051.87,2051.87,2046.55,2048.83,937.11
2026-02-26 08:45:00+00:00,2048.85,2054.96,2047.21,2053.61,884.52
2026-02-26 08:50:00+00:00,2053.63,2057.44,2053.48,2054.52,1236.3
2026-02-26 08:55:00+00:00,2054.52,2055.29,2052.37,2053.53,358.66
2026-02-26 09:00:00+00:00,2053.53,2055.49,2051.96,2054.07,523.39
2026-02-26 09:05:00+00:00,2054.05,2060.73,2054.05,2059.22,1646.63
2026-02-26 09:10:00+00:00,2059.5,2072.83,2058.23,2068.5,3174.42
2026-02-26 09:15:00+00:00,2068.5,2069.94,2064.89,2065.9,2246.24
2026-02-26 09:20:00+00:00,2065.9,2067.39,2065.21,2065.76,951.95
2026-02-26 09:25:00+00:00,2065.76,2066.58,2063.75,2064.69,606.79
2026-02-26 09:30:00+00:00,2064.65,2068.53,2063.1,2067.9,1112.26
2026-02-26 09:35:00+00:00,2067.88,2076.36,2067.01,2073.98,3019.39
2026-02-26 09:40:00+00:00,2074.0,2074.75,2071.79,2072.49,702.16
2026-02-26 09:45:00+00:00,2072.49,2074.74,2071.35,2072.52,651.45
2026-02-26 09:50:00+00:00,2072.54,2074.12,2070.79,2073.89,662.17
2026-02-26 09:55:00+00:00,2073.89,2074.62,2072.9,2074.02,393.44
2026-02-26 10:00:00+00:00,2074.04,2077.01,2073.12,2076.41,983.9
2026-02-26 10:05:00+00:00,2076.41,2081.0,2074.55,2078.67,1883.82
2026-02-26 10:10:00+00:00,2078.71,2082.59,2072.71,2073.06,2366.19
2026-02-26 10:15:00+00:00,2073.06,2073.41,2069.0,2072.38,1974.67
2026-02-26 10:20:00+00:00,2072.38,2072.64,2070.16,2071.91,625.49
2026-02-26 10:25:00+00:00,2071.91,2071.93,2065.66,2065.79,1073.34
2026-02-26 10:30:00+00:00,2065.77,2071.11,2064.0,2068.78,1580.47
2026-02-26 10:35:00+00:00,2068.79,2071.3,2068.21,2070.14,515.53
2026-02-26 10:40:00+00:00,2070.07,2071.66,2067.76,2071.56,373.91
2026-02-26 10:45:00+00:00,2071.47,2072.31,2064.34,2064.34,538.04
2026-02-26 10:50:00+00:00,2064.31,2065.21,2061.36,2062.07,1639.99
2026-02-26 10:55:00+00:00,2062.05,2065.64,2061.06,2064.57,743.57
2026-02-26 11:00:00+00:00,2064.57,2066.65,2062.05,2063.77,2158.31
2026-02-26 11:05:00+00:00,2063.77,2064.76,2060.4,2060.49,510.59
2026-02-26 11:10:00+00:00,2060.47,2065.81,2060.47,2063.46,448.59
2026-02-26 11:15:00+00:00,2063.46,2063.89,2056.21,2056.96,1387.05
2026-02-26 11:20:00+00:00,2057.07,2059.94,2056.61,2058.49,1042.47
2026-02-26 11:25:00+00:00,2058.51,2060.52,2057.37,2058.6,1257.33
2026-02-26 11:30:00+00:00,2058.55,2061.52,2057.58,2060.96,535.28
2026-02-26 11:35:00+00:00,2060.99,2061.76,2059.39,2059.71,493.24
2026-02-26 11:40:00+00:00,2059.73,2060.64,2057.02,2058.18,421.67
2026-02-26 11:45:00+00:00,2058.2,2058.81,2052.9,2055.25,1436.23
2026-02-26 11:50:00+00:00,2055.24,2055.79,2053.85,2055.7,1043.35
2026-02-26 11:55:00+00:00,2055.68,2058.24,2055.57,2056.68,2158.95
2026-02-26 12:00:00+00:00,2056.66,2062.36,2054.42,2061.57,1971.47
2026-02-26 12:05:00+00:00,2061.55,2063.57,2060.21,2063.35,814.86
2026-02-26 12:10:00+00:00,2063.35,2063.92,2061.44,2061.9,751.62
2026-02-26 12:15:00+00:00,2061.9,2066.71,2060.9,2065.17,1524.36
2026-02-26 12:20:00+00:00,2065.17,2067.9,2064.82,2067.17,1158.71
2026-02-26 12:25:00+00:00,2067.19,2067.62,2063.7,2064.32,655.41
2026-02-26 12:30:00+00:00,2064.35,2065.75,2062.92,2064.69,859.35
2026-02-26 12:35:00+00:00,2064.69,2067.77,2061.75,2067.02,909.2
2026-02-26 12:40:00+00:00,2067.04,2069.05,2064.9,2064.94,946.39
2026-02-26 12:45:00+00:00,2064.92,2070.51,2062.16,2068.81,1991.29
2026-02-26 12:50:00+00:00,2068.79,2069.71,2067.43,2068.91,872.18
2026-02-26 12:55:00+00:00,2068.91,2069.57,2067.51,2069.14,306.34
2026-02-26 13:00:00+00:00,2069.14,2069.7,2065.32,2066.34,402.38
2026-02-26 13:05:00+00:00,2066.34,2068.48,2065.62,2066.03,425.18
2026-02-26 13:10:00+00:00,2066.03,2066.96,2062.88,2064.12,1251.03
2026-02-26 13:15:00+00:00,2064.12,2065.42,2061.51,2062.58,688.77
2026-02-26 13:20:00+00:00,2062.61,2064.66,2059.99,2063.53,1019.1
2026-02-26 13:25:00+00:00,2063.58,2074.03,2061.66,2071.02,3621.78
2026-02-26 13:30:00+00:00,2071.04,2071.04,2065.86,2068.03,1088.61
2026-02-26 13:35:00+00:00,2068.05,2068.05,2065.49,2067.22,531.41
2026-02-26 13:40:00+00:00,2067.23,2068.85,2066.42,2067.43,307.93
2026-02-26 13:45:00+00:00,2067.41,2072.71,2066.36,2069.3,619.3
2026-02-26 13:50:00+00:00,2069.3,2069.3,2065.6,2065.9,605.44
2026-02-26 13:55:00+00:00,2065.9,2065.98,2061.78,2064.2,1060.81
2026-02-26 14:00:00+00:00,2064.22,2064.93,2059.69,2063.0,1043.89
2026-02-26 14:05:00+00:00,2062.96,2063.1,2056.7,2058.45,6852.88
2026-02-26 14:10:00+00:00,2058.43,2068.16,2058.43,2065.44,2051.98
2026-02-26 14:15:00+00:00,2065.46,2066.08,2061.88,2063.45,668.68
2026-02-26 14:20:00+00:00,2063.45,2070.71,2061.57,2069.15,1699.99
2026-02-26 14:25:00+00:00,2069.15,2070.51,2067.51,2068.21,1098.47
2026-02-26 14:30:00+00:00,2068.15,2071.93,2054.15,2069.64,4506.72
2026-02-26 14:35:00+00:00,2069.69,2077.22,2059.82,2060.72,4463.44
2026-02-26 14:40:00+00:00,2060.4,2066.66,2057.67,2058.88,4069.7
2026-02-26 14:45:00+00:00,2058.82,2060.19,2034.0,2039.53,13874.97
2026-02-26 14:50:00+00:00,2039.59,2045.06,2039.0,2042.27,3061.78
2026-02-26 14:55:00+00:00,2042.71,2055.62,2041.86,2050.31,6131.39
2026-02-26 15:00:00+00:00,2050.25,2053.33,2043.57,2048.72,5668.07
2026-02-26 15:05:00+00:00,2048.63,2052.33,2041.1,2041.32,1748.15
2026-02-26 15:10:00+00:00,2041.39,2051.0,2037.47,2041.45,3750.03
2026-02-26 15:15:00+00:00,2041.57,2041.75,2017.36,2022.6,11573.05
2026-02-26 15:20:00+00:00,2022.72,2028.19,2017.12,2019.94,4132.26
2026-02-26 15:25:00+00:00,2019.72,2032.45,2016.01,2021.8,4765.88
2026-02-26 15:30:00+00:00,2021.77,2028.55,2010.53,2012.99,4724.01
2026-02-26 15:35:00+00:00,2012.71,2024.25,2012.19,2024.25,4828.14
2026-02-26 15:40:00+00:00,2024.37,2032.52,2022.71,2028.13,2716.68
2026-02-26 15:45:00+00:00,2028.05,2035.7,2022.62,2034.75,2520.29
2026-02-26 15:50:00+00:00,2034.73,2034.96,2029.81,2032.76,2588.97
2026-02-26 15:55:00+00:00,2032.74,2033.76,2026.85,2032.45,1403.69
2026-02-26 16:00:00+00:00,2032.47,2036.9,2027.36,2028.1,2781.83
2026-02-26 16:05:00+00:00,2028.19,2029.33,2021.77,2023.62,1797.78
2026-02-26 16:10:00+00:00,2023.64,2026.34,2019.34,2025.75,1456.33
2026-02-26 16:15:00+00:00,2025.76,2031.91,2024.77,2026.15,1921.29
2026-02-26 16:20:00+00:00,2026.15,2031.6,2025.58,2030.53,897.06
2026-02-26 16:25:00+00:00,2030.55,2036.79,2029.01,2032.68,1264.85
2026-02-26 16:30:00+00:00,2032.66,2033.6,2016.93,2020.2,1625.16
2026-02-26 16:35:00+00:00,2020.21,2020.51,2006.93,2013.97,6815.15
2026-02-26 16:40:00+00:00,2013.97,2016.54,2009.64,2010.85,2089.19
2026-02-26 16:45:00+00:00,2010.83,2012.57,1988.06,2000.69,13891.95
2026-02-26 16:50:00+00:00,2000.58,2000.58,1981.84,1984.19,9634.49
2026-02-26 16:55:00+00:00,1984.17,1988.83,1977.75,1982.96,4492.38
2026-02-26 17:00:00+00:00,1982.94,1991.38,1981.23,1990.55,6362.59
2026-02-26 17:05:00+00:00,1990.46,1994.19,1988.55,1991.69,2859.31
2026-02-26 17:10:00+00:00,1991.69,1995.74,1988.45,1988.51,1170.99
2026-02-26 17:15:00+00:00,1988.46,1998.06,1986.02,1992.32,2263.34
2026-02-26 17:20:00+00:00,1992.34,1992.56,1985.02,1988.77,1375.08
2026-02-26 17:25:00+00:00,1988.79,1992.55,1987.19,1991.23,795.84
2026-02-26 17:30:00+00:00,1991.29,1996.6,1990.58,1994.03,1810.08
2026-02-26 17:35:00+00:00,1994.05,1994.48,1983.9,1986.0,1487.31
2026-02-26 17:40:00+00:00,1986.01,1989.39,1984.79,1986.9,575.97
2026-02-26 17:45:00+00:00,1986.9,1989.8,1983.06,1983.96,826.05
2026-02-26 17:50:00+00:00,1983.94,1989.5,1981.32,1988.55,1435.4
2026-02-26 17:55:00+00:00,1988.57,1989.17,1984.99,1987.34,643.59
2026-02-26 18:00:00+00:00,1987.31,1991.24,1986.16,1988.67,815.34
2026-02-26 18:05:00+00:00,1988.65,1990.18,1974.66,1981.08,4256.74
2026-02-26 18:10:00+00:00,1981.03,1985.0,1977.54,1982.13,2378.62
2026-02-26 18:15:00+00:00,1982.16,1993.18,1981.12,1991.73,2433.4
2026-02-26 18:20:00+00:00,1991.73,1992.18,1984.32,1986.91,1284.14
2026-02-26 18:25:00+00:00,1986.93,1987.0,1982.02,1985.6,828.36
2026-02-26 18:30:00+00:00,1985.62,1998.4,1984.73,1996.94,3532.25
2026-02-26 18:35:00+00:00,1996.97,2006.91,1995.0,2002.99,3437.51
2026-02-26 18:40:00+00:00,2002.95,2008.24,1998.92,2007.16,1797.47
2026-02-26 18:45:00+00:00,2007.16,2007.51,2001.88,2003.42,1126.21
2026-02-26 18:50:00+00:00,2003.42,2004.27,1999.66,2002.38,766.64
2026-02-26 18:55:00+00:00,2002.38,2005.6,2001.54,2003.06,562.2
2026-02-26 19:00:00+00:00,2003.08,2030.92,2002.54,2024.61,4415.0
2026-02-26 19:05:00+00:00,2024.54,2024.56,2017.11,2019.03,3658.8
2026-02-26 19:10:00+00:00,2019.01,2023.76,2017.42,2019.15,999.07
2026-02-26 19:15:00+00:00,2019.22,2024.76,2019.22,2023.72,1179.51
2026-02-26 19:20:00+00:00,2023.7,2031.19,2022.68,2028.56,1714.32
2026-02-26 19:25:00+00:00,2028.49,2028.84,2023.06,2024.67,850.13
2026-02-26 19:30:00+00:00,2024.67,2028.52,2022.52,2027.72,954.93
2026-02-26 19:35:00+00:00,2027.67,2028.0,2023.81,2024.56,494.65
2026-02-26 19:40:00+00:00,2024.54,2024.56,2019.75,2021.35,868.68
2026-02-26 19:45:00+00:00,2021.36,2027.37,2021.36,2025.47,557.57
2026-02-26 19:50:00+00:00,2025.47,2027.58,2024.12,2027.4,408.73
2026-02-26 19:55:00+00:00,2027.47,2033.11,2025.5,2029.01,1555.97
2026-02-26 20:00:00+00:00,2029.01,2041.0,2029.0,2039.65,2831.84
2026-02-26 20:05:00+00:00,2039.65,2039.65,2032.8,2032.8,1928.88
2026-02-26 20:10:00+00:00,2032.84,2034.32,2031.17,2032.01,899.71
2026-02-26 20:15:00+00:00,2032.07,2037.12,2032.07,2036.14,1035.78
2026-02-26 20:20:00+00:00,2036.23,2036.72,2027.62,2028.6,1325.48
2026-02-26 20:25:00+00:00,2028.62,2029.52,2026.27,2026.99,835.31
2026-02-26 20:30:00+00:00,2026.99,2030.34,2024.5,2030.3,1780.07
2026-02-26 20:35:00+00:00,2030.36,2030.44,2023.37,2024.95,1115.57
2026-02-26 20:40:00+00:00,2025.02,2028.01,2025.02,2027.98,396.39
2026-02-26 20:45:00+00:00,2027.98,2028.65,2026.28,2026.65,663.35
2026-02-26 20:50:00+00:00,2026.62,2027.46,2022.08,2022.92,633.75
2026-02-26 20:55:00+00:00,2022.94,2027.04,2020.85,2022.71,603.71
2026-02-26 21:00:00+00:00,2022.64,2028.21,2021.0,2027.13,754.23
2026-02-26 21:05:00+00:00,2027.13,2028.71,2020.93,2020.95,921.47
2026-02-26 21:10:00+00:00,2020.93,2023.36,2016.68,2022.97,1039.19
2026-02-26 21:15:00+00:00,2022.99,2027.63,2022.15,2026.92,769.29
2026-02-26 21:20:00+00:00,2026.89,2028.77,2026.28,2027.8,594.76
2026-02-26 21:25:00+00:00,2027.78,2030.9,2025.48,2030.8,796.57
2026-02-26 21:30:00+00:00,2030.8,2030.89,2027.34,2029.0,379.5
2026-02-26 21:35:00+00:00,2029.0,2029.64,2025.77,2026.58,432.6
2026-02-26 21:40:00+00:00,2026.58,2028.84,2024.65,2028.18,798.56
2026-02-26 21:45:00+00:00,2028.18,2034.03,2026.35,2033.47,892.67
2026-02-26 21:50:00+00:00,2033.47,2033.49,2029.0,2029.89,410.64
2026-02-26 21:55:00+00:00,2029.84,2030.61,2027.73,2029.5,364.09
2026-02-26 22:00:00+00:00,2029.48,2030.35,2026.83,2030.28,550.35
2026-02-26 22:05:00+00:00,2030.26,2030.97,2028.79,2030.97,393.76
2026-02-26 22:10:00+00:00,2030.95,2033.46,2030.5,2031.3,956.63
2026-02-26 22:15:00+00:00,2031.32,2031.93,2028.76,2028.78,369.78
2026-02-26 22:20:00+00:00,2028.76,2029.07,2026.23,2027.88,361.21
2026-02-26 22:25:00+00:00,2027.86,2028.81,2026.62,2028.41,170.97
2026-02-26 22:30:00+00:00,2028.41,2030.18,2027.88,2029.71,454.11
2026-02-26 22:35:00+00:00,2029.69,2034.22,2029.68,2032.65,587.73
2026-02-26 22:40:00+00:00,2032.57,2035.75,2031.48,2035.75,696.83
2026-02-26 22:45:00+00:00,2035.83,2036.74,2033.01,2035.83,335.99
2026-02-26 22:50:00+00:00,2035.83,2035.83,2031.08,2033.37,369.46
2026-02-26 22:55:00+00:00,2033.37,2033.43,2030.19,2031.98,1373.3
2026-02-26 23:00:00+00:00,2031.96,2032.21,2025.03,2027.15,604.21
2026-02-26 23:05:00+00:00,2027.15,2027.6,2023.0,2026.28,865.88
2026-02-26 23:10:00+00:00,2026.28,2030.41,2025.57,2029.0,284.32
2026-02-26 23:15:00+00:00,2029.0,2029.19,2026.2,2028.25,210.2
2026-02-26 23:20:00+00:00,2028.27,2031.66,2028.25,2030.3,247.2
2026-02-26 23:25:00+00:00,2030.3,2032.14,2029.86,2030.3,214.59
2026-02-26 23:30:00+00:00,2030.32,2030.73,2028.61,2030.73,969.32
2026-02-26 23:35:00+00:00,2030.9,2031.07,2026.6,2027.83,507.83
2026-02-26 23:40:00+00:00,2027.81,2028.66,2025.0,2026.32,502.56
2026-02-26 23:45:00+00:00,2026.22,2027.48,2025.1,2025.49,260.25
2026-02-26 23:50:00+00:00,2025.47,2027.46,2023.28,2026.27,570.08
2026-02-26 23:55:00+00:00,2026.35,2028.64,2025.41,2026.71,311.62
2026-02-27 00:00:00+00:00,2026.72,2026.72,2022.63,2022.99,540.41
2026-02-27 00:05:00+00:00,2022.99,2029.72,2022.99,2028.45,563.5
2026-02-27 00:10:00+00:00,2028.48,2029.1,2022.29,2024.89,516.21
2026-02-27 00:15:00+00:00,2024.91,2026.13,2020.18,2022.31,675.47
2026-02-27 00:20:00+00:00,2022.33,2024.8,2019.91,2022.2,478.09
2026-02-27 00:25:00+00:00,2022.18,2022.3,2017.22,2021.73,1353.27
2026-02-27 00:30:00+00:00,2021.71,2022.16,2019.6,2021.93,544.54
2026-02-27 00:35:00+00:00,2021.91,2023.27,2013.01,2015.33,1519.32
2026-02-27 00:40:00+00:00,2015.35,2017.48,2012.5,2012.94,787.67
2026-02-27 00:45:00+00:00,2012.89,2012.89,2007.5,2012.37,1449.46
2026-02-27 00:50:00+00:00,2012.37,2017.26,2011.07,2011.22,988.66
2026-02-27 00:55:00+00:00,2011.23,2014.09,2010.0,2013.65,651.22
2026-02-27 01:00:00+00:00,2013.63,2014.65,2007.66,2009.05,1142.17
2026-02-27 01:05:00+00:00,2009.07,2013.39,2000.0,2003.64,2367.34
2026-02-27 01:10:00+00:00,2003.64,2007.72,2002.45,2007.58,908.78
2026-02-27 01:15:00+00:00,2007.58,2011.48,2005.01,2005.65,1216.59
2026-02-27 01:20:00+00:00,2005.65,2007.97,2002.99,2007.11,778.5
2026-02-27 01:25:00+00:00,2007.09,2010.75,2004.76,2007.44,811.98
2026-02-27 01:30:00+00:00,2007.41,2016.63,2005.94,2016.63,1054.33
2026-02-27 01:35:00+00:00,2016.6,2018.39,2014.1,2017.0,1888.27
2026-02-27 01:40:00+00:00,2016.99,2018.33,2011.54,2011.54,1442.56
2026-02-27 01:45:00+00:00,2011.54,2017.63,2010.27,2015.53,2042.01
2026-02-27 01:50:00+00:00,2015.53,2018.27,2014.34,2018.17,332.95
2026-02-27 01:55:00+00:00,2018.15,2021.61,2015.12,2020.83,1715.94
2026-02-27 02:00:00+00:00,2020.86,2025.01,2019.05,2023.65,1389.62
2026-02-27 02:05:00+00:00,2023.65,2025.81,2021.89,2021.91,559.94
2026-02-27 02:10:00+00:00,2021.91,2022.52,2018.61,2019.94,844.45
2026-02-27 02:15:00+00:00,2019.89,2029.36,2018.08,2029.1,1281.22
2026-02-27 02:20:00+00:00,2029.1,2031.64,2025.0,2025.82,1902.78
2026-02-27 02:25:00+00:00,2025.82,2027.88,2022.59,2025.27,664.31
2026-02-27 02:30:00+00:00,2025.29,2030.18,2025.16,2029.36,531.82
2026-02-27 02:35:00+00:00,2029.36,2033.52,2028.14,2029.5,1324.61
2026-02-27 02:40:00+00:00,2029.7,2029.82,2025.2,2028.53,345.15
2026-02-27 02:45:00+00:00,2028.57,2030.45,2026.65,2029.44,467.97
2026-02-27 02:50:00+00:00,2029.44,2030.22,2025.41,2026.7,1362.17
2026-02-27 02:55:00+00:00,2026.7,2028.18,2024.52,2025.13,423.18
2026-02-27 03:00:00+00:00,2025.14,2026.42,2023.17,2024.75,809.77
2026-02-27 03:05:00+00:00,2024.77,2024.77,2019.25,2022.94,1678.21
2026-02-27 03:10:00+00:00,2023.04,2023.6,2019.27,2020.71,813.73
2026-02-27 03:15:00+00:00,2020.71,2022.81,2020.1,2022.45,390.48
2026-02-27 03:20:00+00:00,2022.43,2023.77,2018.44,2019.8,528.99
2026-02-27 03:25:00+00:00,2019.78,2020.67,2018.09,2019.65,471.62
2026-02-27 03:30:00+00:00,2019.67,2026.25,2019.67,2025.7,891.41
2026-02-27 03:35:00+00:00,2025.63,2028.81,2024.01,2026.62,1144.3
2026-02-27 03:40:00+00:00,2026.62,2030.2,2025.87,2029.34,604.66
2026-02-27 03:45:00+00:00,2029.36,2031.82,2026.78,2030.66,647.44
2026-02-27 03:50:00+00:00,2030.64,2036.31,2030.64,2034.24,2733.8
2026-02-27 03:55:00+00:00,2034.24,2048.61,2034.24,2044.25,5046.83
2026-02-27 04:00:00+00:00,2044.25,2057.94,2042.1,2052.24,5972.86
2026-02-27 04:05:00+00:00,2052.4,2053.58,2046.87,2050.74,2861.84
2026-02-27 04:10:00+00:00,2050.74,2055.33,2050.66,2051.83,1930.99
2026-02-27 04:15:00+00:00,2051.83,2062.5,2051.31,2059.42,3707.28
2026-02-27 04:20:00+00:00,2059.46,2061.59,2055.19,2058.16,1938.72
2026-02-27 04:25:00+00:00,2058.18,2058.4,2055.04,2055.64,972.63
2026-02-27 04:30:00+00:00,2055.62,2056.4,2047.3,2048.99,2542.37
2026-02-27 04:35:00+00:00,2048.96,2049.27,2045.92,2046.01,1336.56
2026-02-27 04:40:00+00:00,2046.01,2047.73,2044.53,2046.35,752.59
2026-02-27 04:45:00+00:00,2046.33,2048.88,2044.64,2046.55,669.39
2026-02-27 04:50:00+00:00,2046.55,2049.37,2045.17,2047.44,629.24
2026-02-27 04:55:00+00:00,2047.4,2048.64,2040.0,2041.77,1723.06
2026-02-27 05:00:00+00:00,2041.59,2045.5,2041.0,2044.23,1086.72
2026-02-27 05:05:00+00:00,2044.21,2045.97,2042.66,2042.96,595.11
2026-02-27 05:10:00+00:00,2042.97,2047.36,2042.79,2045.41,821.13
2026-02-27 05:15:00+00:00,2045.42,2047.95,2044.82,2045.82,682.65
2026-02-27 05:20:00+00:00,2045.82,2048.43,2037.62,2040.92,1438.61
2026-02-27 05:25:00+00:00,2040.94,2044.68,2040.2,2043.5,630.59
2026-02-27 05:30:00+00:00,2043.5,2046.09,2043.04,2044.46,334.2
2026-02-27 05:35:00+00:00,2044.46,2046.0,2042.57,2045.79,766.04
2026-02-27 05:40:00+00:00,2045.78,2045.97,2044.24,2045.27,370.21
2026-02-27 05:45:00+00:00,2045.27,2045.52,2043.0,2043.11,628.57
2026-02-27 05:50:00+00:00,2043.11,2044.12,2041.48,2041.65,755.92
2026-02-27 05:55:00+00:00,2041.63,2042.43,2039.24,2040.65,1302.65
2026-02-27 06:00:00+00:00,2040.67,2041.83,2038.86,2041.17,586.94
2026-02-27 06:05:00+00:00,2041.13,2041.16,2036.9,2037.46,841.42
2026-02-27 06:10:00+00:00,2037.48,2038.2,2035.11,2036.42,828.61
2026-02-27 06:15:00+00:00,2036.42,2038.2,2032.71,2033.96,1184.37
2026-02-27 06:20:00+00:00,2033.97,2035.0,2031.57,2032.16,1559.51
2026-02-27 06:25:00+00:00,2032.18,2032.99,2027.39,2031.63,5596.96
2026-02-27 06:30:00+00:00,2031.67,2034.0,2030.74,2033.3,1137.1
2026-02-27 06:35:00+00:00,2033.32,2037.97,2033.25,2037.94,4394.31
2026-02-27 06:40:00+00:00,2037.95,2038.95,2035.89,2036.14,921.29
2026-02-27 06:45:00+00:00,2036.22,2038.9,2034.36,2036.56,521.27
2026-02-27 06:50:00+00:00,2036.55,2036.75,2033.29,2035.5,465.62
2026-02-27 06:55:00+00:00,2035.5,2036.07,2035.02,2035.02,502.24
2026-02-27 07:00:00+00:00,2035.04,2036.43,2032.61,2033.29,777.14
2026-02-27 07:05:00+00:00,2033.27,2040.1,2033.27,2037.99,689.55
2026-02-27 07:10:00+00:00,2038.01,2038.61,2036.41,2036.41,309.87
2026-02-27 07:15:00+00:00,2036.43,2036.43,2032.46,2033.98,632.92
2026-02-27 07:20:00+00:00,2034.0,2034.77,2030.89,2033.18,691.99
2026-02-27 07:25:00+00:00,2033.16,2035.45,2029.11,2030.19,630.02
2026-02-27 07:30:00+00:00,2030.21,2031.82,2030.19,2031.57,701.26
2026-02-27 07:35:00+00:00,2031.59,2031.98,2022.24,2024.43,2833.17
2026-02-27 07:40:00+00:00,2024.43,2025.13,2021.01,2023.83,1211.1
2026-02-27 07:45:00+00:00,2023.82,2027.19,2022.08,2026.87,797.3
2026-02-27 07:50:00+00:00,2026.87,2029.47,2026.56,2029.05,1127.25
2026-02-27 07:55:00+00:00,2029.11,2032.49,2028.87,2031.53,995.44
2026-02-27 08:00:00+00:00,2031.55,2033.67,2030.3,2032.43,950.88
2026-02-27 08:05:00+00:00,2032.51,2040.0,2032.41,2040.0,1731.08
2026-02-27 08:10:00+00:00,2040.0,2044.95,2037.7,2037.71,2548.08
2026-02-27 08:15:00+00:00,2037.71,2040.0,2035.65,2035.78,1924.01
2026-02-27 08:20:00+00:00,2035.74,2038.81,2033.34,2036.57,1250.35
2026-02-27 08:25:00+00:00,2036.58,2036.65,2033.74,2036.28,595.65
2026-02-27 08:30:00+00:00,2036.26,2040.72,2033.04,2033.44,1561.18
2026-02-27 08:35:00+00:00,2033.44,2033.44,2027.24,2030.09,1670.97
2026-02-27 08:40:00+00:00,2030.31,2033.85,2030.31,2032.84,792.33
2026-02-27 08:45:00+00:00,2032.84,2035.18,2032.0,2033.41,520.0
2026-02-27 08:50:00+00:00,2033.41,2034.78,2028.87,2033.0,751.12
2026-02-27 08:55:00+00:00,2033.0,2033.42,2031.98,2032.67,317.77
2026-02-27 09:00:00+00:00,2032.76,2034.08,2031.25,2033.47,628.28
2026-02-27 09:05:00+00:00,2033.47,2035.51,2031.6,2034.35,864.21
2026-02-27 09:10:00+00:00,2034.35,2035.92,2031.05,2035.3,1001.92
2026-02-27 09:15:00+00:00,2035.28,2038.66,2034.5,2038.17,482.65
2026-02-27 09:20:00+00:00,2038.19,2041.3,2030.58,2033.52,1520.05
2026-02-27 09:25:00+00:00,2033.5,2036.9,2033.36,2036.88,437.87
2026-02-27 09:30:00+00:00,2036.88,2037.56,2035.74,2036.65,623.9
2026-02-27 09:35:00+00:00,2036.67,2036.74,2025.66,2027.97,1723.64
2026-02-27 09:40:00+00:00,2027.99,2028.92,2017.4,2018.9,1984.47
2026-02-27 09:45:00+00:00,2018.83,2018.84,2011.6,2015.84,5953.2
2026-02-27 09:50:00+00:00,2015.71,2018.14,2007.5,2008.72,2059.88
2026-02-27 09:55:00+00:00,2008.68,2013.88,2008.57,2009.01,1509.04
2026-02-27 10:00:00+00:00,2009.01,2012.8,2004.51,2005.8,2291.62
2026-02-27 10:05:00+00:00,2005.57,2010.78,2003.24,2003.57,1665.27
2026-02-27 10:10:00+00:00,2003.77,2004.49,1983.66,1985.58,10694.21
2026-02-27 10:15:00+00:00,1985.68,1996.6,1984.67,1994.2,3495.93
2026-02-27 10:20:00+00:00,1994.2,1995.35,1988.57,1992.77,3538.41
2026-02-27 10:25:00+00:00,1992.77,1993.79,1988.44,1990.48,977.84
2026-02-27 10:30:00+00:00,1990.46,1998.62,1989.87,1993.74,1922.28
2026-02-27 10:35:00+00:00,1993.6,1995.04,1991.04,1991.12,1127.04
2026-02-27 10:40:00+00:00,1991.14,1993.71,1990.39,1992.15,994.61
2026-02-27 10:45:00+00:00,1992.14,1992.41,1986.88,1988.93,1358.47
2026-02-27 10:50:00+00:00,1988.93,1988.93,1977.48,1979.11,5572.81
2026-02-27 10:55:00+00:00,1979.07,1982.14,1978.87,1979.82,2086.12
2026-02-27 11:00:00+00:00,1979.89,1983.0,1979.35,1981.4,1104.57
2026-02-27 11:05:00+00:00,1981.39,1983.13,1979.16,1981.4,1257.74
2026-02-27 11:10:00+00:00,1981.54,1982.75,1978.89,1981.11,1141.5
2026-02-27 11:15:00+00:00,1981.09,1981.09,1966.4,1967.34,6453.55
2026-02-27 11:20:00+00:00,1967.31,1973.3,1967.15,1970.55,3519.26
2026-02-27 11:25:00+00:00,1970.92,1976.92,1970.05,1973.66,2917.75
2026-02-27 11:30:00+00:00,1973.66,1974.28,1968.05,1970.46,3868.03
2026-02-27 11:35:00+00:00,1969.88,1971.04,1960.09,1960.93,5471.44
2026-02-27 11:40:00+00:00,1960.86,1963.2,1954.01,1955.8,7050.35
2026-02-27 11:45:00+00:00,1955.8,1964.22,1952.57,1962.01,4214.81
2026-02-27 11:50:00+00:00,1962.0,1962.35,1958.63,1960.2,2186.29
2026-02-27 11:55:00+00:00,1960.2,1962.79,1958.19,1961.14,1516.23
2026-02-27 12:00:00+00:00,1961.11,1961.23,1956.18,1958.8,1868.78
2026-02-27 12:05:00+00:00,1958.9,1964.29,1958.85,1962.23,1611.93
2026-02-27 12:10:00+00:00,1962.23,1962.74,1955.46,1959.82,1189.72
2026-02-27 12:15:00+00:00,1959.8,1960.45,1954.31,1958.08,982.51
2026-02-27 12:20:00+00:00,1958.19,1968.0,1958.17,1963.49,3226.4
2026-02-27 12:25:00+00:00,1963.56,1966.43,1961.45,1961.65,1703.79
2026-02-27 12:30:00+00:00,1961.63,1964.36,1960.57,1964.0,1001.6
2026-02-27 12:35:00+00:00,1964.01,1964.01,1956.99,1958.64,2217.85
2026-02-27 12:40:00+00:00,1958.66,1959.36,1955.14,1955.39,994.77
2026-02-27 12:45:00+00:00,1955.37,1956.32,1948.63,1953.06,5159.38
2026-02-27 12:50:00+00:00,1953.1,1959.98,1953.07,1957.24,1696.91
2026-02-27 12:55:00+00:00,1957.26,1959.4,1955.16,1958.99,875.41
2026-02-27 13:00:00+00:00,1958.96,1966.74,1957.27,1966.64,2516.3
2026-02-27 13:05:00+00:00,1966.62,1966.62,1958.39,1959.68,1600.72
2026-02-27 13:10:00+00:00,1959.68,1961.26,1956.08,1959.2,1610.86
2026-02-27 13:15:00+00:00,1959.34,1962.0,1958.49,1961.94,1663.78
2026-02-27 13:20:00+00:00,1961.94,1961.94,1954.46,1956.61,1376.21
2026-02-27 13:25:00+00:00,1956.79,1959.95,1955.63,1958.75,709.1
2026-02-27 13:30:00+00:00,1958.46,1958.46,1950.15,1953.82,3431.28
2026-02-27 13:35:00+00:00,1953.92,1955.18,1938.38,1948.08,10686.34
2026-02-27 13:40:00+00:00,1948.15,1954.66,1947.76,1953.35,3231.91
2026-02-27 13:45:00+00:00,1953.38,1959.11,1952.01,1957.23,2737.72
2026-02-27 13:50:00+00:00,1957.21,1964.94,1956.87,1959.46,3129.43
2026-02-27 13:55:00+00:00,1959.44,1962.94,1957.95,1962.13,1450.84
2026-02-27 14:00:00+00:00,1962.13,1963.37,1956.93,1956.99,1494.78
2026-02-27 14:05:00+00:00,1956.99,1959.89,1956.0,1956.28,877.31
2026-02-27 14:10:00+00:00,1956.58,1960.75,1955.09,1960.48,1166.89
2026-02-27 14:15:00+00:00,1960.46,1960.46,1951.07,1953.23,1658.14
2026-02-27 14:20:00+00:00,1953.21,1954.17,1947.74,1948.82,3501.45
2026-02-27 14:25:00+00:00,1948.84,1951.82,1946.12,1950.97,1812.02
2026-02-27 14:30:00+00:00,1950.97,1957.71,1947.0,1953.62,3047.68
2026-02-27 14:35:00+00:00,1953.8,1958.14,1949.09,1956.12,1755.94
2026-02-27 14:40:00+00:00,1956.13,1956.13,1943.82,1945.55,3239.15
2026-02-27 14:45:00+00:00,1945.54,1950.26,1939.03,1947.24,4199.69
2026-02-27 14:50:00+00:00,1947.1,1948.82,1940.64,1943.25,3498.68
2026-02-27 14:55:00+00:00,1943.04,1944.34,1940.0,1942.09,1319.35
2026-02-27 15:00:00+00:00,1941.91,1955.4,1939.8,1946.96,5089.77
2026-02-27 15:05:00+00:00,1946.94,1958.22,1945.97,1951.56,3663.44
2026-02-27 15:10:00+00:00,1951.55,1957.36,1948.75,1950.12,2672.93
2026-02-27 15:15:00+00:00,1950.13,1958.07,1944.35,1948.42,2592.08
2026-02-27 15:20:00+00:00,1948.27,1951.5,1943.47,1946.17,1230.4
2026-02-27 15:25:00+00:00,1946.19,1950.39,1944.66,1950.07,888.52
2026-02-27 15:30:00+00:00,1950.07,1950.62,1941.32,1944.51,2093.46
2026-02-27 15:35:00+00:00,1944.49,1948.03,1941.0,1944.32,1072.66
2026-02-27 15:40:00+00:00,1944.32,1947.64,1942.31,1946.9,943.79
2026-02-27 15:45:00+00:00,1947.04,1950.16,1944.0,1944.71,1930.21
2026-02-27 15:50:00+00:00,1944.71,1952.22,1944.71,1947.65,1379.45
2026-02-27 15:55:00+00:00,1947.67,1948.9,1945.9,1947.47,777.05
2026-02-27 16:00:00+00:00,1947.49,1947.84,1943.1,1944.64,1090.81
2026-02-27 16:05:00+00:00,1944.71,1944.89,1927.44,1935.98,14444.27
2026-02-27 16:10:00+00:00,1936.06,1937.47,1932.8,1935.72,1880.77
2026-02-27 16:15:00+00:00,1935.51,1942.31,1934.72,1938.13,1613.64
2026-02-27 16:20:00+00:00,1938.11,1943.28,1935.61,1943.27,2143.44
2026-02-27 16:25:00+00:00,1943.21,1944.32,1940.25,1941.34,1013.92
2026-02-27 16:30:00+00:00,1941.38,1943.36,1939.34,1941.33,675.17
2026-02-27 16:35:00+00:00,1941.33,1941.37,1935.3,1936.32,2610.3
2026-02-27 16:40:00+00:00,1936.33,1936.33,1929.84,1933.11,3661.68
2026-02-27 16:45:00+00:00,1933.11,1934.82,1923.38,1925.31,5271.15
2026-02-27 16:50:00+00:00,1925.33,1929.75,1923.7,1928.48,1818.08
2026-02-27 16:55:00+00:00,1928.5,1930.97,1925.5,1926.1,1255.63
2026-02-27 17:00:00+00:00,1926.07,1930.83,1925.81,1929.62,1157.59
2026-02-27 17:05:00+00:00,1929.56,1932.8,1928.05,1932.33,883.72
2026-02-27 17:10:00+00:00,1932.33,1932.39,1920.66,1923.68,2090.17
2026-02-27 17:15:00+00:00,1923.69,1926.31,1915.55,1916.48,3604.42
2026-02-27 17:20:00+00:00,1916.51,1918.24,1912.3,1916.62,3858.33
2026-02-27 17:25:00+00:00,1916.62,1917.28,1910.13,1911.7,2946.97
2026-02-27 17:30:00+00:00,1911.68,1916.11,1906.52,1913.91,10396.74
2026-02-27 17:35:00+00:00,1913.91,1922.0,1912.65,1919.67,3868.17
2026-02-27 17:40:00+00:00,1919.65,1923.88,1916.56,1921.23,2609.84
2026-02-27 17:45:00+00:00,1921.24,1921.9,1916.57,1919.52,1150.98
2026-02-27 17:50:00+00:00,1919.5,1927.47,1919.03,1924.81,2037.86
2026-02-27 17:55:00+00:00,1924.81,1933.64,1922.57,1931.08,1987.48
2026-02-27 18:00:00+00:00,1931.08,1932.13,1927.33,1928.66,2261.6
2026-02-27 18:05:00+00:00,1928.68,1930.46,1923.57,1923.84,1231.86
2026-02-27 18:10:00+00:00,1923.81,1925.88,1921.77,1923.74,1681.1
2026-02-27 18:15:00+00:00,1923.6,1926.54,1922.52,1922.88,621.61
2026-02-27 18:20:00+00:00,1922.88,1924.6,1918.09,1918.47,2145.21
2026-02-27 18:25:00+00:00,1918.45,1925.31,1916.92,1924.13,1969.51
2026-02-27 18:30:00+00:00,1924.11,1928.36,1922.14,1923.49,1303.0
2026-02-27 18:35:00+00:00,1923.49,1926.59,1921.75,1922.93,640.91
2026-02-27 18:40:00+00:00,1922.91,1926.49,1922.57,1924.27,520.75
2026-02-27 18:45:00+00:00,1924.27,1924.65,1919.18,1919.27,758.86
2026-02-27 18:50:00+00:00,1919.29,1919.45,1914.94,1915.03,1336.88
2026-02-27 18:55:00+00:00,1915.05,1917.87,1914.83,1917.12,1863.13
2026-02-27 19:00:00+00:00,1917.12,1920.59,1916.23,1919.33,818.81
2026-02-27 19:05:00+00:00,1919.35,1921.51,1911.09,1913.34,3977.59
2026-02-27 19:10:00+00:00,1913.66,1918.05,1912.25,1917.02,1289.04
2026-02-27 19:15:00+00:00,1917.0,1918.94,1914.47,1915.05,930.63
2026-02-27 19:20:00+00:00,1915.03,1920.86,1914.57,1920.23,378.43
2026-02-27 19:25:00+00:00,1920.21,1921.98,1918.23,1918.8,748.69
2026-02-27 19:30:00+00:00,1918.78,1920.7,1917.78,1918.26,570.15
2026-02-27 19:35:00+00:00,1918.28,1920.47,1917.25,1917.25,665.75
2026-02-27 19:40:00+00:00,1917.25,1920.0,1913.75,1915.21,457.61
2026-02-27 19:45:00+00:00,1915.21,1918.0,1915.21,1916.5,479.22
2026-02-27 19:50:00+00:00,1916.5,1921.74,1915.96,1921.06,1415.39
2026-02-27 19:55:00+00:00,1921.02,1922.65,1919.35,1920.21,774.6
2026-02-27 20:00:00+00:00,1920.21,1924.5,1919.55,1921.98,1038.99
2026-02-27 20:05:00+00:00,1921.96,1923.91,1919.31,1920.81,723.35
2026-02-27 20:10:00+00:00,1920.81,1925.9,1920.34,1924.85,627.05
2026-02-27 20:15:00+00:00,1924.85,1925.72,1923.73,1924.58,537.98
2026-02-27 20:20:00+00:00,1924.42,1925.31,1922.83,1924.4,358.45
2026-02-27 20:25:00+00:00,1924.41,1924.9,1922.81,1923.3,716.72
2026-02-27 20:30:00+00:00,1923.17,1923.9,1919.87,1922.03,502.27
2026-02-27 20:35:00+00:00,1922.05,1922.07,1920.28,1921.13,319.7
2026-02-27 20:40:00+00:00,1921.12,1923.45,1920.33,1921.94,656.34
2026-02-27 20:45:00+00:00,1921.92,1923.48,1920.77,1921.58,410.1
2026-02-27 20:50:00+00:00,1921.62,1923.15,1919.49,1922.62,407.63
2026-02-27 20:55:00+00:00,1922.64,1924.68,1920.86,1922.13,322.37
2026-02-27 21:00:00+00:00,1922.21,1928.7,1919.03,1928.49,1430.53
2026-02-27 21:05:00+00:00,1928.49,1932.56,1927.3,1929.49,2706.61
2026-02-27 21:10:00+00:00,1929.42,1929.56,1926.0,1926.49,374.13
2026-02-27 21:15:00+00:00,1926.5,1929.1,1926.1,1929.01,420.93
2026-02-27 21:20:00+00:00,1928.99,1932.14,1928.97,1930.84,1153.8
2026-02-27 21:25:00+00:00,1930.82,1931.33,1929.43,1929.68,656.59
2026-02-27 21:30:00+00:00,1929.68,1929.8,1925.82,1926.81,423.69
2026-02-27 21:35:00+00:00,1926.79,1926.81,1923.79,1924.7,454.51
2026-02-27 21:40:00+00:00,1924.68,1925.74,1923.79,1925.46,243.48
2026-02-27 21:45:00+00:00,1925.47,1926.1,1923.15,1923.74,377.34
2026-02-27 21:50:00+00:00,1923.74,1924.32,1917.13,1917.19,1299.06
2026-02-27 21:55:00+00:00,1917.22,1920.8,1916.16,1920.43,1644.21
2026-02-27 22:00:00+00:00,1920.42,1921.72,1918.0,1918.01,1267.38
2026-02-27 22:05:00+00:00,1918.01,1919.24,1916.16,1917.61,829.18
2026-02-27 22:10:00+00:00,1917.61,1919.18,1916.84,1918.2,328.07
2026-02-27 22:15:00+00:00,1918.18,1921.3,1918.18,1919.58,607.59
2026-02-27 22:20:00+00:00,1919.56,1920.56,1910.34,1914.24,1795.81
2026-02-27 22:25:00+00:00,1914.22,1915.67,1911.8,1912.59,685.47
2026-02-27 22:30:00+00:00,1912.51,1914.4,1886.07,1889.11,7444.73
2026-02-27 22:35:00+00:00,1889.25,1909.21,1889.25,1905.5,8383.65
2026-02-27 22:40:00+00:00,1905.41,1921.5,1905.0,1920.41,2432.86
2026-02-27 22:45:00+00:00,1920.42,1926.0,1917.97,1918.36,3002.11
2026-02-27 22:50:00+00:00,1918.33,1921.19,1918.33,1918.64,769.63
2026-02-27 22:55:00+00:00,1918.64,1920.5,1915.93,1920.2,962.04
2026-02-27 23:00:00+00:00,1920.22,1924.71,1918.82,1923.16,698.0
2026-02-27 23:05:00+00:00,1923.15,1927.96,1922.51,1926.08,1351.1
2026-02-27 23:10:00+00:00,1926.04,1926.51,1920.85,1921.96,920.56
2026-02-27 23:15:00+00:00,1921.96,1929.36,1921.61,1928.37,1276.22
2026-02-27 23:20:00+00:00,1928.32,1931.93,1927.27,1929.45,1420.93
2026-02-27 23:25:00+00:00,1929.48,1929.49,1927.38,1929.13,386.08
2026-02-27 23:30:00+00:00,1929.15,1930.12,1927.64,1929.49,222.61
2026-02-27 23:35:00+00:00,1929.6,1930.28,1928.55,1930.26,591.49
2026-02-27 23:40:00+00:00,1930.26,1930.4,1926.9,1927.13,898.71
2026-02-27 23:45:00+00:00,1927.11,1929.53,1926.81,1928.55,327.22
2026-02-27 23:50:00+00:00,1928.56,1931.64,1928.56,1930.08,504.83
2026-02-27 23:55:00+00:00,1930.08,1931.0,1928.04,1928.51,553.11
2026-02-28 00:00:00+00:00,1928.49,1930.28,1927.52,1929.78,843.11
2026-02-28 00:05:00+00:00,1929.76,1931.93,1928.51,1930.82,721.14
2026-02-28 00:10:00+00:00,1930.82,1935.76,1930.49,1935.47,2705.25
2026-02-28 00:15:00+00:00,1935.49,1935.83,1928.75,1929.87,1402.93
2026-02-28 00:20:00+00:00,1929.91,1930.12,1927.1,1927.79,532.03
2026-02-28 00:25:00+00:00,1927.79,1928.18,1923.45,1925.3,967.9
2026-02-28 00:30:00+00:00,1925.32,1927.41,1923.68,1926.91,831.19
2026-02-28 00:35:00+00:00,1926.91,1927.37,1925.99,1927.36,267.72
2026-02-28 00:40:00+00:00,1927.34,1932.68,1927.15,1931.96,691.93
2026-02-28 00:45:00+00:00,1931.96,1933.1,1930.53,1932.68,470.18
2026-02-28 00:50:00+00:00,1932.68,1933.38,1929.51,1930.86,480.51
2026-02-28 00:55:00+00:00,1930.86,1933.39,1930.68,1931.24,365.42
2026-02-28 01:00:00+00:00,1931.26,1935.17,1930.56,1934.0,455.68
2026-02-28 01:05:00+00:00,1934.01,1934.73,1930.0,1930.47,379.51
2026-02-28 01:10:00+00:00,1930.47,1930.83,1929.05,1930.03,455.53
2026-02-28 01:15:00+00:00,1930.03,1932.74,1928.56,1930.28,518.77
2026-02-28 01:20:00+00:00,1930.28,1931.52,1927.96,1931.4,574.51
2026-02-28 01:25:00+00:00,1931.42,1932.63,1923.42,1924.37,1071.66
2026-02-28 01:30:00+00:00,1924.43,1925.01,1919.0,1921.66,1485.71
2026-02-28 01:35:00+00:00,1921.68,1926.51,1921.66,1926.3,547.72
2026-02-28 01:40:00+00:00,1926.3,1926.82,1924.08,1924.72,404.28
2026-02-28 01:45:00+00:00,1924.72,1927.8,1922.97,1927.24,709.37
2026-02-28 01:50:00+00:00,1927.26,1927.91,1925.81,1926.18,319.52
2026-02-28 01:55:00+00:00,1926.18,1926.93,1923.31,1923.31,344.15
2026-02-28 02:00:00+00:00,1923.26,1924.67,1921.36,1923.74,548.25
2026-02-28 02:05:00+00:00,1923.76,1927.6,1923.69,1925.97,407.51
2026-02-28 02:10:00+00:00,1925.95,1926.92,1925.48,1925.5,257.24
2026-02-28 02:15:00+00:00,1925.48,1928.27,1925.48,1927.3,457.2
2026-02-28 02:20:00+00:00,1927.33,1929.63,1927.09,1927.37,350.93
2026-02-28 02:25:00+00:00,1927.37,1929.21,1927.37,1928.59,192.42
2026-02-28 02:30:00+00:00,1928.59,1929.33,1926.42,1927.84,282.56
2026-02-28 02:35:00+00:00,1927.84,1929.21,1926.78,1928.3,228.98
2026-02-28 02:40:00+00:00,1928.28,1928.74,1927.48,1928.19,154.39
2026-02-28 02:45:00+00:00,1928.19,1930.28,1928.19,1930.14,500.03
2026-02-28 02:50:00+00:00,1930.14,1931.11,1929.33,1929.89,401.46
2026-02-28 02:55:00+00:00,1929.91,1930.0,1928.63,1929.17,173.82
2026-02-28 03:00:00+00:00,1929.15,1929.64,1926.21,1926.22,425.17
2026-02-28 03:05:00+00:00,1926.24,1928.03,1925.9,1927.66,275.57
2026-02-28 03:10:00+00:00,1927.66,1928.98,1927.09,1927.09,222.93
2026-02-28 03:15:00+00:00,1927.05,1929.5,1927.02,1929.22,241.53
2026-02-28 03:20:00+00:00,1929.24,1929.68,1927.47,1928.02,207.84
2026-02-28 03:25:00+00:00,1928.09,1930.19,1926.66,1927.95,330.51
2026-02-28 03:30:00+00:00,1927.95,1928.06,1923.66,1923.88,964.16
2026-02-28 03:35:00+00:00,1923.88,1924.58,1919.51,1922.02,1560.92
2026-02-28 03:40:00+00:00,1922.0,1923.34,1921.0,1922.14,399.21
2026-02-28 03:45:00+00:00,1922.0,1924.63,1922.0,1922.87,932.8
2026-02-28 03:50:00+00:00,1922.87,1924.83,1922.63,1923.97,415.03
2026-02-28 03:55:00+00:00,1923.95,1924.16,1921.99,1923.34,228.74
2026-02-28 04:00:00+00:00,1923.34,1924.85,1923.24,1924.22,253.87
2026-02-28 04:05:00+00:00,1924.22,1925.11,1922.71,1922.97,400.48
2026-02-28 04:10:00+00:00,1922.97,1924.47,1921.84,1924.11,424.46
2026-02-28 04:15:00+00:00,1924.11,1924.73,1923.11,1924.35,217.6
2026-02-28 04:20:00+00:00,1924.35,1924.75,1923.91,1924.2,176.91
2026-02-28 04:25:00+00:00,1924.2,1929.7,1918.75,1919.94,521.84
2026-02-28 04:30:00+00:00,1920.03,1921.32,1913.84,1920.61,4183.41
2026-02-28 04:35:00+00:00,1920.61,1925.11,1920.61,1925.09,760.61
2026-02-28 04:40:00+00:00,1925.11,1926.47,1924.0,1925.91,498.84
2026-02-28 04:45:00+00:00,1925.91,1926.72,1924.58,1925.43,413.4
2026-02-28 04:50:00+00:00,1925.43,1925.45,1922.59,1924.89,567.05
2026-02-28 04:55:00+00:00,1924.91,1925.34,1923.5,1924.13,294.74
2026-02-28 05:00:00+00:00,1924.13,1925.13,1923.03,1925.11,267.71
2026-02-28 05:05:00+00:00,1925.13,1925.88,1924.5,1925.0,304.37
2026-02-28 05:10:00+00:00,1925.0,1926.96,1924.54,1926.76,372.83
2026-02-28 05:15:00+00:00,1926.73,1926.94,1925.0,1925.24,255.49
2026-02-28 05:20:00+00:00,1925.26,1925.43,1923.7,1923.87,345.65
2026-02-28 05:25:00+00:00,1923.87,1924.92,1921.97,1922.02,318.45
2026-02-28 05:30:00+00:00,1921.96,1921.97,1917.58,1917.63,1554.88
2026-02-28 05:35:00+00:00,1917.63,1919.82,1914.05,1918.74,1447.99
2026-02-28 05:40:00+00:00,1918.72,1919.87,1916.8,1918.47,348.25
2026-02-28 05:45:00+00:00,1918.46,1919.17,1916.78,1919.17,515.83
2026-02-28 05:50:00+00:00,1919.21,1919.69,1917.06,1917.35,622.64
2026-02-28 05:55:00+00:00,1917.37,1919.6,1917.1,1919.13,585.35
2026-02-28 06:00:00+00:00,1919.1,1919.59,1918.13,1918.26,498.15
2026-02-28 06:05:00+00:00,1918.25,1918.26,1913.87,1915.74,1157.08
2026-02-28 06:10:00+00:00,1915.74,1917.1,1908.75,1909.96,1426.67
2026-02-28 06:15:00+00:00,1909.9,1911.54,1875.71,1893.7,20191.12
2026-02-28 06:20:00+00:00,1893.85,1906.41,1890.68,1890.89,8053.66
2026-02-28 06:25:00+00:00,1890.91,1895.15,1877.57,1879.69,8374.03
2026-02-28 06:30:00+00:00,1879.48,1879.97,1863.01,1868.97,9782.81
2026-02-28 06:35:00+00:00,1869.24,1873.1,1853.58,1856.42,14421.92
2026-02-28 06:40:00+00:00,1856.4,1869.78,1856.13,1869.64,7009.17
2026-02-28 06:45:00+00:00,1869.59,1869.89,1855.45,1858.42,6872.14
2026-02-28 06:50:00+00:00,1858.39,1858.98,1850.43,1851.62,6090.6
2026-02-28 06:55:00+00:00,1851.62,1852.33,1834.92,1841.72,14225.32
2026-02-28 07:00:00+00:00,1841.72,1854.41,1834.3,1852.69,8609.01
2026-02-28 07:05:00+00:00,1852.58,1861.6,1850.62,1854.86,4805.34
2026-02-28 07:10:00+00:00,1854.93,1863.44,1852.29,1861.52,2698.62
2026-02-28 07:15:00+00:00,1861.73,1867.0,1856.08,1857.07,4923.9
2026-02-28 07:20:00+00:00,1857.07,1857.63,1846.61,1849.43,3470.23
2026-02-28 07:25:00+00:00,1849.43,1854.76,1846.83,1852.35,2036.35
2026-02-28 07:30:00+00:00,1852.3,1863.69,1850.05,1863.28,3820.57
2026-02-28 07:35:00+00:00,1863.3,1883.82,1859.66,1875.95,7432.77
2026-02-28 07:40:00+00:00,1875.57,1884.19,1874.48,1877.78,7290.67
2026-02-28 07:45:00+00:00,1877.8,1878.04,1866.9,1867.0,2416.15
2026-02-28 07:50:00+00:00,1867.07,1870.61,1864.85,1868.1,2242.62
2026-02-28 07:55:00+00:00,1868.1,1868.22,1863.78,1865.46,986.17
2026-02-28 08:00:00+00:00,1865.38,1866.4,1856.96,1864.48,2245.59
2026-02-28 08:05:00+00:00,1864.52,1867.73,1856.95,1858.25,2059.42
2026-02-28 08:10:00+00:00,1858.23,1862.0,1855.01,1855.96,2041.49
2026-02-28 08:15:00+00:00,1855.99,1864.28,1853.36,1853.66,1991.16
2026-02-28 08:20:00+00:00,1853.7,1857.34,1849.53,1855.94,3534.99
2026-02-28 08:25:00+00:00,1856.01,1860.5,1855.97,1855.97,726.38
2026-02-28 08:30:00+00:00,1855.97,1860.0,1853.28,1857.79,1005.09
2026-02-28 08:35:00+00:00,1857.79,1861.7,1856.81,1859.56,745.25
2026-02-28 08:40:00+00:00,1859.5,1863.61,1856.16,1857.16,1051.13
2026-02-28 08:45:00+00:00,1857.14,1858.07,1854.75,1856.07,2064.32
2026-02-28 08:50:00+00:00,1856.07,1856.07,1849.54,1853.15,2304.93
2026-02-28 08:55:00+00:00,1853.21,1854.14,1847.73,1851.42,1556.69
2026-02-28 09:00:00+00:00,1851.52,1854.0,1850.52,1851.69,1153.73
2026-02-28 09:05:00+00:00,1851.67,1853.29,1843.94,1844.05,1523.16
2026-02-28 09:10:00+00:00,1844.1,1857.26,1843.87,1854.63,4292.27
2026-02-28 09:15:00+00:00,1854.69,1854.8,1851.33,1852.81,1043.83
2026-02-28 09:20:00+00:00,1852.83,1861.9,1852.8,1860.0,3516.03
2026-02-28 09:25:00+00:00,1859.99,1861.58,1856.32,1857.85,4845.72
2026-02-28 09:30:00+00:00,1857.86,1857.86,1853.93,1854.52,971.82
2026-02-28 09:35:00+00:00,1854.52,1855.07,1848.5,1853.08,2086.72
2026-02-28 09:40:00+00:00,1853.08,1853.85,1851.35,1852.04,435.29
2026-02-28 09:45:00+00:00,1852.04,1854.34,1848.04,1849.26,795.23
2026-02-28 09:50:00+00:00,1849.26,1856.0,1849.03,1855.54,768.42
2026-02-28 09:55:00+00:00,1855.61,1855.61,1853.04,1853.96,385.67
2026-02-28 10:00:00+00:00,1853.94,1853.94,1847.89,1847.89,968.74
2026-02-28 10:05:00+00:00,1847.85,1852.56,1847.82,1851.68,926.11
2026-02-28 10:10:00+00:00,1851.68,1852.36,1848.43,1851.49,676.76
2026-02-28 10:15:00+00:00,1851.51,1857.77,1850.44,1855.64,5702.74
2026-02-28 10:20:00+00:00,1855.64,1858.88,1854.12,1857.11,2054.36
2026-02-28 10:25:00+00:00,1857.11,1858.48,1854.59,1855.28,2814.5
2026-02-28 10:30:00+00:00,1855.4,1866.49,1855.05,1864.38,6884.13
2026-02-28 10:35:00+00:00,1864.38,1864.87,1861.3,1862.82,2115.58
2026-02-28 10:40:00+00:00,1862.82,1863.78,1861.0,1861.21,1288.2
2026-02-28 10:45:00+00:00,1861.21,1863.1,1858.99,1862.79,1085.62
2026-02-28 10:50:00+00:00,1862.95,1865.55,1860.15,1862.72,746.58
2026-02-28 10:55:00+00:00,1862.7,1865.32,1861.72,1864.05,648.03
2026-02-28 11:00:00+00:00,1864.06,1873.84,1863.5,1870.85,3075.44
2026-02-28 11:05:00+00:00,1870.98,1870.99,1868.0,1868.23,1131.55
2026-02-28 11:10:00+00:00,1868.25,1872.51,1867.92,1872.2,1631.8
2026-02-28 11:15:00+00:00,1872.12,1872.59,1868.36,1868.9,708.58
2026-02-28 11:20:00+00:00,1868.92,1874.58,1868.8,1872.49,1037.52
2026-02-28 11:25:00+00:00,1872.49,1879.11,1870.9,1877.34,2090.63
2026-02-28 11:30:00+00:00,1877.32,1879.33,1873.53,1873.53,2308.55
2026-02-28 11:35:00+00:00,1873.53,1874.0,1868.25,1868.31,1292.43
2026-02-28 11:40:00+00:00,1868.22,1868.83,1865.51,1867.72,3354.55
2026-02-28 11:45:00+00:00,1867.74,1870.19,1865.91,1869.12,1096.84
2026-02-28 11:50:00+00:00,1869.12,1870.0,1867.63,1867.83,415.67
2026-02-28 11:55:00+00:00,1867.65,1868.0,1860.25,1862.18,2894.34
2026-02-28 12:00:00+00:00,1862.36,1865.8,1862.2,1863.86,1293.2
2026-02-28 12:05:00+00:00,1863.86,1867.99,1863.77,1864.84,1025.89
2026-02-28 12:10:00+00:00,1864.82,1866.45,1864.0,1865.31,1181.24
2026-02-28 12:15:00+00:00,1865.35,1871.23,1864.98,1870.83,872.55
2026-02-28 12:20:00+00:00,1870.75,1873.2,1868.28,1868.98,1495.84
2026-02-28 12:25:00+00:00,1868.96,1869.5,1867.45,1868.94,612.35
2026-02-28 12:30:00+00:00,1868.94,1870.98,1867.86,1868.23,431.01
2026-02-28 12:35:00+00:00,1868.25,1870.0,1866.09,1868.45,677.1
2026-02-28 12:40:00+00:00,1868.47,1869.15,1867.32,1868.07,387.04
2026-02-28 12:45:00+00:00,1868.07,1869.0,1863.6,1863.96,678.89
2026-02-28 12:50:00+00:00,1863.99,1866.08,1861.32,1864.8,826.16
2026-02-28 12:55:00+00:00,1864.8,1868.72,1863.75,1867.52,334.26
2026-02-28 13:00:00+00:00,1867.52,1871.16,1864.77,1866.11,708.01
2026-02-28 13:05:00+00:00,1866.11,1870.27,1865.77,1869.29,455.48
2026-02-28 13:10:00+00:00,1869.31,1871.64,1867.82,1871.64,555.71
2026-02-28 13:15:00+00:00,1871.64,1875.8,1868.98,1870.43,1793.07
2026-02-28 13:20:00+00:00,1870.54,1870.65,1867.94,1868.82,526.42
2026-02-28 13:25:00+00:00,1868.84,1869.95,1867.0,1867.67,422.47
2026-02-28 13:30:00+00:00,1867.67,1870.7,1866.08,1868.07,575.95
2026-02-28 13:35:00+00:00,1868.05,1868.07,1864.68,1866.45,600.2
2026-02-28 13:40:00+00:00,1866.44,1871.36,1863.98,1871.24,899.55
2026-02-28 13:45:00+00:00,1871.22,1901.39,1870.5,1890.66,11278.58
2026-02-28 13:50:00+00:00,1890.51,1909.88,1885.99,1900.2,15392.66
2026-02-28 13:55:00+00:00,1900.23,1905.65,1893.12,1904.51,5071.74
2026-02-28 14:00:00+00:00,1904.49,1914.5,1889.23,1892.61,9876.0
2026-02-28 14:05:00+00:00,1892.62,1897.81,1892.0,1897.29,5219.42
2026-02-28 14:10:00+00:00,1897.31,1907.0,1896.29,1897.67,3388.72
2026-02-28 14:15:00+00:00,1897.52,1903.71,1893.81,1901.57,2680.66
2026-02-28 14:20:00+00:00,1901.63,1901.77,1893.4,1899.97,2249.28
2026-02-28 14:25:00+00:00,1900.47,1902.14,1898.38,1900.19,1263.35
2026-02-28 14:30:00+00:00,1900.19,1900.25,1896.35,1897.44,638.78
2026-02-28 14:35:00+00:00,1897.44,1912.0,1895.17,1909.0,3871.72
2026-02-28 14:40:00+00:00,1908.99,1909.0,1904.09,1904.77,1123.29
2026-02-28 14:45:00+00:00,1904.75,1908.0,1893.38,1895.45,2923.64
2026-02-28 14:50:00+00:00,1895.51,1898.45,1884.0,1887.16,4761.31
2026-02-28 14:55:00+00:00,1887.15,1889.13,1882.2,1886.83,1803.83
2026-02-28 15:00:00+00:00,1886.81,1893.6,1886.81,1892.52,1167.03
2026-02-28 15:05:00+00:00,1892.45,1894.05,1885.49,1888.61,944.57
2026-02-28 15:10:00+00:00,1888.61,1889.24,1873.02,1874.61,2700.69
2026-02-28 15:15:00+00:00,1874.63,1882.35,1874.5,1882.35,3845.04
2026-02-28 15:20:00+00:00,1882.2,1888.75,1880.59,1888.64,2548.99
2026-02-28 15:25:00+00:00,1888.58,1901.71,1885.41,1898.72,4290.02
2026-02-28 15:30:00+00:00,1898.72,1899.43,1892.44,1899.18,2247.8
2026-02-28 15:35:00+00:00,1899.18,1902.72,1892.97,1893.85,2250.07
2026-02-28 15:40:00+00:00,1893.85,1896.94,1893.56,1896.65,1182.02
2026-02-28 15:45:00+00:00,1896.65,1897.57,1893.25,1893.51,592.37
2026-02-28 15:50:00+00:00,1893.51,1895.84,1892.18,1894.62,755.4
2026-02-28 15:55:00+00:00,1894.62,1899.14,1894.62,1897.76,1056.57
2026-02-28 16:00:00+00:00,1897.74,1897.74,1892.74,1893.77,592.62
2026-02-28 16:05:00+00:00,1893.79,1898.55,1890.54,1896.93,805.28
2026-02-28 16:10:00+00:00,1896.9,1900.06,1894.39,1898.96,1278.34
2026-02-28 16:15:00+00:00,1898.96,1899.85,1893.58,1894.03,778.12
2026-02-28 16:20:00+00:00,1894.03,1901.94,1893.09,1901.56,750.67
2026-02-28 16:25:00+00:00,1901.56,1901.59,1898.38,1898.69,631.2
2026-02-28 16:30:00+00:00,1898.69,1899.64,1896.18,1899.02,601.55
2026-02-28 16:35:00+00:00,1899.02,1899.04,1894.55,1895.96,526.17
2026-02-28 16:40:00+00:00,1895.94,1908.4,1895.64,1907.73,1764.03
2026-02-28 16:45:00+00:00,1907.75,1909.05,1901.47,1903.44,1167.67
2026-02-28 16:50:00+00:00,1903.44,1904.55,1898.63,1902.98,741.44
2026-02-28 16:55:00+00:00,1903.0,1905.66,1901.03,1902.82,519.54
2026-02-28 17:00:00+00:00,1902.82,1903.44,1900.71,1901.72,586.88
2026-02-28 17:05:00+00:00,1901.72,1903.43,1899.23,1899.76,523.51
2026-02-28 17:10:00+00:00,1899.74,1900.71,1895.53,1897.82,658.42
2026-02-28 17:15:00+00:00,1897.84,1899.75,1895.5,1896.85,829.5
2026-02-28 17:20:00+00:00,1896.87,1900.34,1895.2,1899.31,1067.28
2026-02-28 17:25:00+00:00,1899.29,1903.47,1899.28,1901.94,767.32
2026-02-28 17:30:00+00:00,1901.92,1902.85,1899.33,1900.0,502.4
2026-02-28 17:35:00+00:00,1899.98,1900.18,1895.31,1896.83,1046.75
2026-02-28 17:40:00+00:00,1896.82,1897.45,1886.27,1889.64,3050.32
2026-02-28 17:45:00+00:00,1889.62,1901.2,1886.08,1899.99,2524.04
2026-02-28 17:50:00+00:00,1900.0,1902.0,1899.05,1899.69,891.68
2026-02-28 17:55:00+00:00,1899.69,1910.12,1899.68,1905.78,1803.78
2026-02-28 18:00:00+00:00,1905.78,1907.29,1902.19,1904.55,1470.29
2026-02-28 18:05:00+00:00,1904.5,1907.38,1902.5,1904.33,779.76
2026-02-28 18:10:00+00:00,1904.37,1905.51,1901.39,1902.19,722.27
2026-02-28 18:15:00+00:00,1902.15,1904.41,1901.32,1903.51,569.71
2026-02-28 18:20:00+00:00,1903.44,1904.55,1900.09,1901.48,767.26
2026-02-28 18:25:00+00:00,1901.48,1903.78,1901.18,1902.44,345.81
2026-02-28 18:30:00+00:00,1902.44,1915.01,1902.44,1910.79,3063.71
2026-02-28 18:35:00+00:00,1910.82,1930.37,1910.57,1924.0,9607.06
2026-02-28 18:40:00+00:00,1924.11,1925.89,1920.33,1925.5,1590.53
2026-02-28 18:45:00+00:00,1925.73,1929.73,1924.43,1928.58,2358.28
2026-02-28 18:50:00+00:00,1928.59,1942.91,1927.98,1942.88,5437.65
2026-02-28 18:55:00+00:00,1942.94,1946.11,1932.95,1934.88,5592.72
2026-02-28 19:00:00+00:00,1934.85,1936.76,1929.62,1930.51,2181.74
2026-02-28 19:05:00+00:00,1930.51,1930.76,1922.95,1923.5,3144.87
2026-02-28 19:10:00+00:00,1923.51,1926.94,1919.31,1924.7,2271.96
2026-02-28 19:15:00+00:00,1924.7,1929.52,1923.34,1924.57,1273.94
2026-02-28 19:20:00+00:00,1924.58,1926.66,1923.37,1924.33,750.93
2026-02-28 19:25:00+00:00,1924.29,1928.23,1924.14,1926.6,1309.47
2026-02-28 19:30:00+00:00,1926.6,1945.94,1925.53,1942.45,3714.72
2026-02-28 19:35:00+00:00,1942.46,1953.67,1942.03,1951.78,3808.4
2026-02-28 19:40:00+00:00,1951.73,1952.0,1940.46,1943.75,4790.41
2026-02-28 19:45:00+00:00,1943.75,1949.61,1943.45,1948.79,1961.11
2026-02-28 19:50:00+00:00,1948.76,1951.53,1945.36,1946.02,1083.8
2026-02-28 19:55:00+00:00,1946.02,1946.9,1940.27,1945.93,1247.85
2026-02-28 20:00:00+00:00,1945.89,1946.12,1938.71,1940.0,2269.54
2026-02-28 20:05:00+00:00,1940.0,1944.68,1937.63,1944.48,1712.51
2026-02-28 20:10:00+00:00,1944.51,1957.4,1944.51,1954.91,3671.07
2026-02-28 20:15:00+00:00,1954.99,1959.0,1950.0,1953.68,2520.9
2026-02-28 20:20:00+00:00,1953.68,1966.71,1953.13,1962.18,4502.89
2026-02-28 20:25:00+00:00,1962.15,1965.25,1958.13,1959.31,1790.59
2026-02-28 20:30:00+00:00,1959.31,1962.64,1951.79,1953.56,1957.17
2026-02-28 20:35:00+00:00,1953.86,1956.5,1949.14,1952.38,1995.99
2026-02-28 20:40:00+00:00,1952.42,1959.98,1952.42,1955.1,1260.83
2026-02-28 20:45:00+00:00,1955.1,1970.98,1953.97,1965.84,2680.08
2026-02-28 20:50:00+00:00,1965.83,1969.35,1962.11,1966.4,1799.05
2026-02-28 20:55:00+00:00,1966.37,1967.29,1963.28,1964.79,796.15
2026-02-28 21:00:00+00:00,1964.77,1966.82,1949.29,1952.32,2925.98
2026-02-28 21:05:00+00:00,1952.34,1955.14,1948.5,1951.2,1386.34
2026-02-28 21:10:00+00:00,1951.22,1957.38,1950.1,1954.81,1557.45
2026-02-28 21:15:00+00:00,1954.79,1956.16,1945.5,1946.32,909.83
2026-02-28 21:20:00+00:00,1946.3,1953.43,1945.99,1952.4,1006.86
2026-02-28 21:25:00+00:00,1952.4,1952.63,1948.02,1948.37,462.01
2026-02-28 21:30:00+00:00,1948.37,1950.53,1944.35,1947.76,979.85
2026-02-28 21:35:00+00:00,1947.78,1963.97,1947.61,1955.88,2456.03
2026-02-28 21:40:00+00:00,1955.85,1958.88,1954.28,1958.39,931.84
2026-02-28 21:45:00+00:00,1958.37,1963.18,1957.42,1959.15,888.12
2026-02-28 21:50:00+00:00,1959.15,1959.19,1951.72,1955.35,1221.3
2026-02-28 21:55:00+00:00,1955.33,1959.87,1954.04,1956.83,728.47
2026-02-28 22:00:00+00:00,1956.83,1963.86,1954.54,1961.98,886.54
2026-02-28 22:05:00+00:00,1961.82,1963.51,1959.45,1961.16,548.68
2026-02-28 22:10:00+00:00,1961.16,1964.18,1960.25,1962.16,477.97
2026-02-28 22:15:00+00:00,1962.09,1963.98,1960.86,1961.88,340.13
2026-02-28 22:20:00+00:00,1961.9,1968.25,1961.74,1963.71,1147.01
2026-02-28 22:25:00+00:00,1963.73,1966.74,1962.07,1963.39,670.71
2026-02-28 22:30:00+00:00,1963.41,1973.28,1962.38,1970.85,1761.99
2026-02-28 22:35:00+00:00,1970.78,1984.0,1970.73,1977.03,4344.07
2026-02-28 22:40:00+00:00,1977.06,1977.06,1968.09,1971.28,2175.82
2026-02-28 22:45:00+00:00,1971.26,1978.3,1969.27,1974.12,1322.96
2026-02-28 22:50:00+00:00,1974.12,1974.12,1964.61,1967.8,1054.35
2026-02-28 22:55:00+00:00,1967.8,1969.42,1963.61,1964.47,611.81
2026-02-28 23:00:00+00:00,1964.54,1966.57,1963.72,1965.0,1141.32
2026-02-28 23:05:00+00:00,1965.0,1968.88,1965.0,1968.06,574.01
2026-02-28 23:10:00+00:00,1968.06,1968.44,1960.42,1961.78,1055.93
2026-02-28 23:15:00+00:00,1961.78,1964.74,1960.6,1962.27,747.05
2026-02-28 23:20:00+00:00,1962.29,1964.42,1962.27,1962.92,425.65
2026-02-28 23:25:00+00:00,1962.79,1962.79,1958.96,1959.69,719.05
2026-02-28 23:30:00+00:00,1959.79,1962.66,1957.88,1958.26,490.71
2026-02-28 23:35:00+00:00,1958.26,1962.52,1955.82,1957.41,619.89
2026-02-28 23:40:00+00:00,1957.39,1961.08,1956.82,1960.28,561.07
2026-02-28 23:45:00+00:00,1960.26,1965.79,1960.26,1965.29,1414.34
2026-02-28 23:50:00+00:00,1965.27,1965.44,1963.05,1964.14,390.81
2026-02-28 23:55:00+00:00,1964.13,1964.45,1961.84,1963.43,414.94
2026-03-01 00:00:00+00:00,1963.43,1968.49,1963.14,1966.36,921.45
2026-03-01 00:05:00+00:00,1966.34,1966.44,1958.42,1959.46,763.93
2026-03-01 00:10:00+00:00,1959.48,1961.38,1959.15,1961.34,1172.05
2026-03-01 00:15:00+00:00,1961.32,1962.73,1959.09,1959.89,605.65
2026-03-01 00:20:00+00:00,1959.89,1964.21,1959.81,1961.11,1776.62
2026-03-01 00:25:00+00:00,1961.11,1961.66,1956.0,1957.6,876.53
2026-03-01 00:30:00+00:00,1957.58,1960.64,1956.18,1957.18,424.97
2026-03-01 00:35:00+00:00,1957.25,1960.0,1957.25,1957.64,441.42
2026-03-01 00:40:00+00:00,1957.66,1959.16,1953.61,1955.32,839.16
2026-03-01 00:45:00+00:00,1955.28,1957.83,1954.75,1955.99,374.44
2026-03-01 00:50:00+00:00,1955.97,1963.41,1955.88,1962.77,1597.79
2026-03-01 00:55:00+00:00,1962.77,1964.18,1960.95,1961.65,2527.21
2026-03-01 01:00:00+00:00,1961.62,1961.96,1954.54,1954.6,2118.96
2026-03-01 01:05:00+00:00,1954.61,1959.23,1952.79,1953.21,847.68
2026-03-01 01:10:00+00:00,1953.2,1956.01,1945.92,1948.13,4660.31
2026-03-01 01:15:00+00:00,1948.14,1949.12,1942.91,1947.45,1979.37
2026-03-01 01:20:00+00:00,1947.47,1957.5,1947.45,1955.85,1147.51
2026-03-01 01:25:00+00:00,1955.88,1956.47,1952.09,1952.83,705.23
2026-03-01 01:30:00+00:00,1952.84,1961.0,1951.1,1959.66,1730.35
2026-03-01 01:35:00+00:00,1959.64,1973.1,1959.58,1968.88,7672.28
2026-03-01 01:40:00+00:00,1968.86,1972.69,1965.74,1966.14,2003.94
2026-03-01 01:45:00+00:00,1966.14,1988.0,1966.14,1988.0,5988.21
2026-03-01 01:50:00+00:00,1987.92,2022.65,1987.74,2005.03,16653.83
2026-03-01 01:55:00+00:00,2005.01,2012.08,1999.26,2011.61,3771.14
2026-03-01 02:00:00+00:00,2011.61,2047.44,2007.61,2042.28,17164.52
2026-03-01 02:05:00+00:00,2042.08,2052.0,2032.36,2035.75,9691.46
2026-03-01 02:10:00+00:00,2035.75,2048.94,2033.0,2044.64,4706.33
2026-03-01 02:15:00+00:00,2045.16,2054.21,2038.14,2040.85,4700.09
2026-03-01 02:20:00+00:00,2041.16,2042.43,2026.8,2028.78,4445.41
2026-03-01 02:25:00+00:00,2028.78,2035.2,2028.71,2031.62,2396.03
2026-03-01 02:30:00+00:00,2031.62,2036.2,2026.24,2035.11,2384.09
2026-03-01 02:35:00+00:00,2035.19,2041.15,2033.34,2034.75,3467.41
2026-03-01 02:40:00+00:00,2034.75,2044.41,2033.17,2042.38,1434.88
2026-03-01 02:45:00+00:00,2042.38,2047.72,2030.41,2035.48,2535.53
2026-03-01 02:50:00+00:00,2035.46,2039.72,2033.29,2035.52,1922.2
2026-03-01 02:55:00+00:00,2035.55,2036.59,2031.58,2032.0,1169.91
2026-03-01 03:00:00+00:00,2031.94,2036.46,2031.68,2035.54,1120.05
2026-03-01 03:05:00+00:00,2035.53,2037.16,2033.0,2036.46,2442.13
2026-03-01 03:10:00+00:00,2036.44,2038.67,2034.0,2034.0,767.08
2026-03-01 03:15:00+00:00,2034.0,2036.55,2031.0,2032.65,1657.72
2026-03-01 03:20:00+00:00,2032.63,2034.16,2024.67,2025.73,2072.42
2026-03-01 03:25:00+00:00,2025.73,2035.09,2024.25,2033.36,1620.49
2026-03-01 03:30:00+00:00,2033.36,2033.36,2028.66,2031.8,1293.99
2026-03-01 03:35:00+00:00,2031.8,2034.05,2030.05,2030.79,533.04
2026-03-01 03:40:00+00:00,2030.84,2032.47,2029.28,2031.96,674.41
2026-03-01 03:45:00+00:00,2031.94,2033.78,2027.4,2029.78,620.58
2026-03-01 03:50:00+00:00,2029.7,2029.71,2018.32,2019.02,1046.74
2026-03-01 03:55:00+00:00,2019.02,2022.47,2016.12,2022.33,2562.76
2026-03-01 04:00:00+00:00,2022.31,2029.03,2022.31,2025.9,1398.68
2026-03-01 04:05:00+00:00,2025.9,2026.38,2018.32,2018.53,1192.69
2026-03-01 04:10:00+00:00,2018.53,2019.94,2012.11,2012.43,1036.43
2026-03-01 04:15:00+00:00,2012.4,2014.94,1998.33,2003.86,7855.26
2026-03-01 04:20:00+00:00,2003.83,2010.0,2002.44,2008.76,1748.57
2026-03-01 04:25:00+00:00,2008.75,2012.5,2006.79,2011.12,1525.88
2026-03-01 04:30:00+00:00,2011.13,2014.39,2009.64,2012.88,888.89
2026-03-01 04:35:00+00:00,2012.93,2018.22,2012.2,2012.22,1488.05
2026-03-01 04:40:00+00:00,2012.2,2015.96,2011.9,2014.43,384.47
2026-03-01 04:45:00+00:00,2014.45,2016.4,2013.99,2015.22,407.17
2026-03-01 04:50:00+00:00,2015.22,2018.05,2013.38,2015.16,583.9
2026-03-01 04:55:00+00:00,2015.17,2016.03,2013.48,2014.97,337.55
2026-03-01 05:00:00+00:00,2014.97,2018.73,2014.18,2015.15,608.45
2026-03-01 05:05:00+00:00,2015.25,2016.0,2009.21,2015.29,1129.36
2026-03-01 05:10:00+00:00,2015.27,2018.0,2011.98,2012.41,1255.9
2026-03-01 05:15:00+00:00,2012.41,2015.6,2012.27,2015.09,475.38
2026-03-01 05:20:00+00:00,2015.14,2021.57,2015.14,2021.55,1930.51
2026-03-01 05:25:00+00:00,2021.6,2022.26,2018.89,2018.95,684.68
2026-03-01 05:30:00+00:00,2018.95,2020.0,2017.41,2019.19,325.76
2026-03-01 05:35:00+00:00,2019.19,2020.45,2016.44,2018.22,490.92
2026-03-01 05:40:00+00:00,2018.23,2018.23,2013.57,2013.9,299.43
2026-03-01 05:45:00+00:00,2013.92,2014.56,2012.53,2013.3,593.72
2026-03-01 05:50:00+00:00,2013.28,2013.29,2008.71,2009.35,906.59
2026-03-01 05:55:00+00:00,2009.34,2011.1,2008.78,2010.42,867.38
2026-03-01 06:00:00+00:00,2010.42,2012.11,2004.4,2005.34,2838.39
2026-03-01 06:05:00+00:00,2005.34,2005.76,1995.5,1998.5,5757.33
2026-03-01 06:10:00+00:00,1998.31,2004.64,1991.7,2002.65,11173.88
2026-03-01 06:15:00+00:00,2002.63,2005.6,1998.23,1998.23,997.14
2026-03-01 06:20:00+00:00,1998.29,2003.95,1998.29,2002.33,1422.88
2026-03-01 06:25:00+00:00,2002.37,2003.0,1999.73,1999.75,593.47
2026-03-01 06:30:00+00:00,1999.75,2001.37,1994.36,1995.44,1339.99
2026-03-01 06:35:00+00:00,1995.44,1997.32,1993.66,1993.74,2202.92
2026-03-01 06:40:00+00:00,1993.75,1996.98,1988.47,1994.01,2354.34
2026-03-01 06:45:00+00:00,1994.04,1994.31,1988.47,1993.5,1485.71
2026-03-01 06:50:00+00:00,1993.52,1999.97,1993.52,1997.81,1418.11
2026-03-01 06:55:00+00:00,1997.83,1999.96,1997.27,1997.6,609.4
2026-03-01 07:00:00+00:00,1997.58,1998.6,1993.65,1993.86,731.47
2026-03-01 07:05:00+00:00,1993.88,1997.42,1992.05,1997.24,852.68
2026-03-01 07:10:00+00:00,1997.22,2004.04,1996.93,2002.29,1337.42
2026-03-01 07:15:00+00:00,2002.27,2002.81,2000.22,2002.01,463.63
2026-03-01 07:20:00+00:00,2002.0,2004.55,1999.14,1999.91,1341.1
2026-03-01 07:25:00+00:00,1999.87,1999.89,1996.53,1999.0,900.02
2026-03-01 07:30:00+00:00,1999.0,2002.75,1995.85,2002.2,571.25
2026-03-01 07:35:00+00:00,2002.2,2007.47,2002.14,2007.22,1728.45
2026-03-01 07:40:00+00:00,2007.24,2008.0,2003.69,2004.33,1152.07
2026-03-01 07:45:00+00:00,2004.31,2006.0,2003.36,2003.77,423.16
2026-03-01 07:50:00+00:00,2003.77,2006.0,2003.14,2004.43,426.36
2026-03-01 07:55:00+00:00,2004.45,2006.95,2004.31,2006.35,279.31
2026-03-01 08:00:00+00:00,2006.35,2007.64,1999.17,1999.55,915.02
2026-03-01 08:05:00+00:00,1999.57,2006.0,1997.92,2005.18,1144.94
2026-03-01 08:10:00+00:00,2005.18,2009.53,2004.83,2008.52,1060.12
2026-03-01 08:15:00+00:00,2008.54,2008.54,2005.55,2006.01,512.64
2026-03-01 08:20:00+00:00,2006.03,2008.5,2002.86,2007.04,603.56
2026-03-01 08:25:00+00:00,2007.01,2007.97,2005.46,2006.4,331.84
2026-03-01 08:30:00+00:00,2006.38,2006.78,2001.74,2003.03,525.83
2026-03-01 08:35:00+00:00,2003.03,2004.79,2001.73,2004.48,412.82
2026-03-01 08:40:00+00:00,2004.48,2004.73,2000.54,2000.87,536.17
2026-03-01 08:45:00+00:00,2000.87,2001.68,1995.81,1995.86,1885.15
2026-03-01 08:50:00+00:00,1995.9,1996.44,1980.32,1983.99,8086.65
2026-03-01 08:55:00+00:00,1983.99,1986.81,1981.57,1985.24,2432.56
2026-03-01 09:00:00+00:00,1985.3,1989.61,1974.49,1988.35,4965.41
2026-03-01 09:05:00+00:00,1988.35,1989.52,1983.03,1987.29,2042.51
2026-03-01 09:10:00+00:00,1987.31,1988.79,1985.25,1987.75,1205.14
2026-03-01 09:15:00+00:00,1987.73,1994.59,1987.34,1990.54,1497.77
2026-03-01 09:20:00+00:00,1990.49,1993.01,1988.97,1988.99,601.12
2026-03-01 09:25:00+00:00,1988.99,1990.24,1986.54,1990.23,851.1
2026-03-01 09:30:00+00:00,1990.21,1991.16,1981.6,1981.84,2051.43
2026-03-01 09:35:00+00:00,1981.84,1985.71,1976.58,1979.27,1928.2
2026-03-01 09:40:00+00:00,1979.17,1982.92,1978.87,1979.12,1152.37
2026-03-01 09:45:00+00:00,1979.14,1980.77,1976.1,1980.3,1068.52
2026-03-01 09:50:00+00:00,1980.28,1981.7,1978.4,1978.55,643.49
2026-03-01 09:55:00+00:00,1978.55,1980.89,1976.94,1979.94,793.46
2026-03-01 10:00:00+00:00,1979.92,1982.53,1974.51,1978.13,1543.51
2026-03-01 10:05:00+00:00,1978.16,1979.56,1971.65,1977.5,1982.92
2026-03-01 10:10:00+00:00,1977.5,1983.92,1974.03,1982.59,1780.32
2026-03-01 10:15:00+00:00,1982.61,1982.79,1977.3,1978.84,609.01
2026-03-01 10:20:00+00:00,1978.86,1980.5,1977.97,1980.2,679.28
2026-03-01 10:25:00+00:00,1980.29,1984.87,1979.36,1983.94,1401.01
2026-03-01 10:30:00+00:00,1983.94,1985.84,1982.79,1985.18,1297.9
2026-03-01 10:35:00+00:00,1985.18,1992.1,1982.5,1982.83,2222.85
2026-03-01 10:40:00+00:00,1982.61,1983.25,1979.71,1980.6,1324.38
2026-03-01 10:45:00+00:00,1980.6,1984.26,1978.21,1982.22,1016.36
2026-03-01 10:50:00+00:00,1982.01,1983.76,1979.6,1982.81,607.09
2026-03-01 10:55:00+00:00,1982.81,1984.72,1982.43,1983.89,494.19
2026-03-01 11:00:00+00:00,1983.89,1986.07,1983.83,1985.93,389.02
2026-03-01 11:05:00+00:00,1985.92,1988.37,1984.85,1986.14,1197.41
2026-03-01 11:10:00+00:00,1986.14,1986.36,1983.78,1984.71,303.64
2026-03-01 11:15:00+00:00,1984.79,1988.41,1984.69,1986.6,1011.56
2026-03-01 11:20:00+00:00,1986.6,1988.62,1985.2,1986.69,454.87
2026-03-01 11:25:00+00:00,1986.69,1988.66,1986.27,1986.51,265.48
2026-03-01 11:30:00+00:00,1986.51,1987.89,1981.02,1981.87,597.42
2026-03-01 11:35:00+00:00,1981.9,1985.36,1981.85,1984.29,618.85
2026-03-01 11:40:00+00:00,1984.29,1986.92,1982.0,1982.34,296.88
2026-03-01 11:45:00+00:00,1982.36,1985.0,1981.52,1982.97,436.89
2026-03-01 11:50:00+00:00,1982.95,1983.72,1981.45,1983.26,298.54
2026-03-01 11:55:00+00:00,1983.3,1984.05,1982.22,1982.34,203.69
2026-03-01 12:00:00+00:00,1982.36,1984.6,1981.45,1982.14,499.22
2026-03-01 12:05:00+00:00,1982.16,1987.0,1980.44,1986.73,611.9
2026-03-01 12:10:00+00:00,1986.71,1986.76,1983.63,1984.06,264.41
2026-03-01 12:15:00+00:00,1984.06,1986.49,1983.31,1986.03,252.96
2026-03-01 12:20:00+00:00,1986.03,1986.03,1980.0,1982.53,414.73
2026-03-01 12:25:00+00:00,1982.55,1983.28,1978.95,1979.88,500.32
2026-03-01 12:30:00+00:00,1979.88,1983.04,1975.28,1976.29,2154.2
2026-03-01 12:35:00+00:00,1976.26,1980.01,1976.15,1979.54,1201.82
2026-03-01 12:40:00+00:00,1979.54,1985.13,1979.16,1983.28,851.22
2026-03-01 12:45:00+00:00,1983.26,1983.28,1975.97,1977.2,1153.97
2026-03-01 12:50:00+00:00,1977.22,1978.39,1975.6,1977.36,808.73
2026-03-01 12:55:00+00:00,1977.34,1978.09,1976.58,1977.38,429.35
2026-03-01 13:00:00+00:00,1977.4,1980.44,1973.87,1976.27,870.2
2026-03-01 13:05:00+00:00,1976.31,1980.0,1976.31,1977.79,1308.41
2026-03-01 13:10:00+00:00,1977.81,1980.39,1977.5,1978.05,233.16
2026-03-01 13:15:00+00:00,1978.07,1980.89,1976.84,1976.84,522.47
2026-03-01 13:20:00+00:00,1976.83,1976.88,1968.0,1972.08,3765.49
2026-03-01 13:25:00+00:00,1972.1,1979.08,1971.78,1975.46,1079.5
2026-03-01 13:30:00+00:00,1975.48,1977.61,1973.83,1974.13,1018.43
2026-03-01 13:35:00+00:00,1974.07,1977.48,1972.46,1975.84,1042.13
2026-03-01 13:40:00+00:00,1975.84,1979.35,1975.84,1977.21,942.67
2026-03-01 13:45:00+00:00,1977.23,1979.09,1975.74,1976.97,647.17
2026-03-01 13:50:00+00:00,1976.97,2023.84,1976.96,2017.07,16284.91
2026-03-01 13:55:00+00:00,2017.01,2019.97,2005.15,2005.76,4720.81
2026-03-01 14:00:00+00:00,2005.83,2012.91,2002.07,2011.03,3320.78
2026-03-01 14:05:00+00:00,2011.09,2027.0,2009.83,2015.59,5170.9
2026-03-01 14:10:00+00:00,2015.61,2019.47,2013.52,2014.97,1398.02
2026-03-01 14:15:00+00:00,2014.94,2018.16,2009.63,2014.93,1600.27
2026-03-01 14:20:00+00:00,2015.05,2015.55,2003.1,2007.96,2104.19
2026-03-01 14:25:00+00:00,2008.03,2010.14,2004.94,2006.79,1061.68
2026-03-01 14:30:00+00:00,2006.81,2012.33,2003.54,2007.35,1368.38
2026-03-01 14:35:00+00:00,2007.39,2008.44,2002.74,2005.51,763.3
2026-03-01 14:40:00+00:00,2005.53,2007.9,1992.75,1997.73,5194.31
2026-03-01 14:45:00+00:00,1997.74,2004.22,1995.44,2001.74,2350.75
2026-03-01 14:50:00+00:00,2001.72,2002.22,1996.12,1999.86,1010.83
2026-03-01 14:55:00+00:00,1999.86,2001.97,1998.33,2000.57,629.07
2026-03-01 15:00:00+00:00,1999.58,2005.25,1998.12,2004.02,1534.13
2026-03-01 15:05:00+00:00,2004.0,2005.27,1998.81,2003.22,699.02
2026-03-01 15:10:00+00:00,2003.22,2007.91,2001.82,2007.89,1381.74
2026-03-01 15:15:00+00:00,2007.8,2012.34,2004.69,2009.4,1912.39
2026-03-01 15:20:00+00:00,2009.4,2013.35,2005.2,2006.24,892.01
2026-03-01 15:25:00+00:00,2006.22,2012.37,2006.22,2009.07,755.4
2026-03-01 15:30:00+00:00,2009.05,2013.35,2009.05,2012.86,727.51
2026-03-01 15:35:00+00:00,2012.88,2015.52,2010.22,2013.62,1787.98
2026-03-01 15:40:00+00:00,2013.62,2015.22,2011.15,2012.71,595.67
2026-03-01 15:45:00+00:00,2012.7,2012.73,2008.48,2009.8,544.28
2026-03-01 15:50:00+00:00,2009.87,2012.91,2004.03,2004.96,1254.73
2026-03-01 15:55:00+00:00,2004.94,2006.43,1991.26,1992.2,3201.78
2026-03-01 16:00:00+00:00,1992.36,2002.67,1982.81,2001.27,5825.09
2026-03-01 16:05:00+00:00,2001.28,2003.64,1999.57,2000.82,2286.86
2026-03-01 16:10:00+00:00,2000.83,2002.17,1997.47,1997.82,748.77
2026-03-01 16:15:00+00:00,1997.79,2002.34,1996.71,2001.26,871.59
2026-03-01 16:20:00+00:00,2001.26,2001.8,1994.24,1999.25,766.39
2026-03-01 16:25:00+00:00,1999.27,2007.93,1999.11,2004.87,1854.78
2026-03-01 16:30:00+00:00,2004.87,2005.84,2003.02,2004.46,565.63
2026-03-01 16:35:00+00:00,2004.48,2006.0,2001.75,2003.63,535.02
2026-03-01 16:40:00+00:00,2003.61,2003.63,1998.94,1999.11,644.36
2026-03-01 16:45:00+00:00,1999.11,1999.59,1968.05,1972.56,7571.07
2026-03-01 16:50:00+00:00,1972.51,1976.95,1959.28,1970.25,11824.98
2026-03-01 16:55:00+00:00,1970.27,1975.0,1970.25,1973.2,1507.42
2026-03-01 17:00:00+00:00,1973.2,1975.05,1965.25,1969.03,2502.43
2026-03-01 17:05:00+00:00,1968.91,1974.91,1968.48,1972.09,1224.19
2026-03-01 17:10:00+00:00,1972.07,1973.45,1966.67,1969.85,884.88
2026-03-01 17:15:00+00:00,1969.87,1970.6,1955.14,1958.74,4155.13
2026-03-01 17:20:00+00:00,1958.87,1966.39,1952.51,1964.2,3171.01
2026-03-01 17:25:00+00:00,1964.53,1967.23,1962.38,1964.5,1753.03
2026-03-01 17:30:00+00:00,1964.5,1966.84,1959.55,1966.84,1031.54
2026-03-01 17:35:00+00:00,1966.81,1970.43,1966.01,1966.91,859.39
2026-03-01 17:40:00+00:00,1966.91,1969.75,1966.0,1967.73,659.7
2026-03-01 17:45:00+00:00,1967.79,1973.57,1964.27,1970.55,1757.23
2026-03-01 17:50:00+00:00,1970.53,1974.44,1968.68,1968.68,757.39
2026-03-01 17:55:00+00:00,1968.68,1969.83,1959.01,1960.1,1662.55
2026-03-01 18:00:00+00:00,1960.08,1989.19,1959.99,1982.9,5319.28
2026-03-01 18:05:00+00:00,1983.45,1995.78,1980.42,1987.85,8528.36
2026-03-01 18:10:00+00:00,1987.78,1987.78,1981.28,1983.05,1812.68
2026-03-01 18:15:00+00:00,1983.03,1992.29,1981.73,1981.94,1630.3
2026-03-01 18:20:00+00:00,1981.99,1984.08,1979.17,1979.34,969.42
2026-03-01 18:25:00+00:00,1979.31,1981.2,1978.26,1979.5,1334.17
2026-03-01 18:30:00+00:00,1979.38,1982.6,1972.98,1981.52,1470.18
2026-03-01 18:35:00+00:00,1981.52,1982.52,1979.49,1980.26,1145.1
2026-03-01 18:40:00+00:00,1980.26,1981.71,1979.04,1980.01,973.87
2026-03-01 18:45:00+00:00,1980.0,1982.93,1979.2,1980.31,1264.29
2026-03-01 18:50:00+00:00,1980.26,1980.99,1974.94,1975.56,678.68
2026-03-01 18:55:00+00:00,1975.74,1977.14,1972.61,1974.77,1829.69
2026-03-01 19:00:00+00:00,1974.79,1975.4,1970.79,1970.81,1095.52
2026-03-01 19:05:00+00:00,1970.79,1973.93,1967.16,1973.32,1717.05
2026-03-01 19:10:00+00:00,1973.34,1973.76,1962.47,1962.91,1363.71
2026-03-01 19:15:00+00:00,1962.98,1965.79,1959.38,1964.23,1770.08
2026-03-01 19:20:00+00:00,1964.25,1965.17,1960.13,1960.89,625.6
2026-03-01 19:25:00+00:00,1960.92,1961.14,1956.2,1959.1,1454.14
2026-03-01 19:30:00+00:00,1959.1,1966.93,1956.14,1958.64,1816.55
2026-03-01 19:35:00+00:00,1958.7,1961.6,1957.93,1959.55,433.42
2026-03-01 19:40:00+00:00,1959.57,1960.6,1947.36,1949.32,1581.16
2026-03-01 19:45:00+00:00,1949.27,1954.71,1949.01,1952.72,1917.87
2026-03-01 19:50:00+00:00,1952.72,1953.58,1948.38,1953.27,1201.87
2026-03-01 19:55:00+00:00,1953.27,1955.18,1951.62,1952.92,1950.64
2026-03-01 20:00:00+00:00,1952.92,1953.27,1948.18,1952.73,772.42
2026-03-01 20:05:00+00:00,1952.72,1954.23,1941.0,1941.09,3588.91
2026-03-01 20:10:00+00:00,1941.15,1942.44,1927.31,1932.96,6671.62
2026-03-01 20:15:00+00:00,1932.92,1935.98,1927.35,1931.7,1730.58
2026-03-01 20:20:00+00:00,1931.76,1936.77,1927.0,1930.59,2079.25
2026-03-01 20:25:00+00:00,1930.57,1932.97,1923.39,1923.74,2294.58
2026-03-01 20:30:00+00:00,1923.75,1926.11,1917.17,1919.0,4978.78
2026-03-01 20:35:00+00:00,1919.17,1920.9,1911.19,1912.64,4269.41
2026-03-01 20:40:00+00:00,1912.65,1913.71,1904.2,1911.21,6626.76
2026-03-01 20:45:00+00:00,1911.16,1916.3,1906.87,1910.02,3742.5
2026-03-01 20:50:00+00:00,1909.96,1916.37,1909.69,1912.0,2035.72
2026-03-01 20:55:00+00:00,1912.01,1915.62,1908.98,1912.91,2843.14
2026-03-01 21:00:00+00:00,1912.91,1917.5,1911.7,1911.71,1753.61
2026-03-01 21:05:00+00:00,1911.74,1914.61,1911.02,1913.8,3351.16
2026-03-01 21:10:00+00:00,1913.8,1923.8,1913.78,1921.39,3108.42
2026-03-01 21:15:00+00:00,1921.39,1923.83,1919.0,1922.45,1416.65
2026-03-01 21:20:00+00:00,1922.46,1928.84,1921.88,1926.21,5727.68
2026-03-01 21:25:00+00:00,1926.21,1926.21,1919.41,1923.67,1678.85
2026-03-01 21:30:00+00:00,1923.67,1926.97,1921.9,1924.69,1121.95
2026-03-01 21:35:00+00:00,1924.67,1928.15,1924.67,1927.05,510.53
2026-03-01 21:40:00+00:00,1927.07,1929.32,1920.29,1924.25,983.55
2026-03-01 21:45:00+00:00,1924.25,1927.23,1922.73,1926.99,1561.43
2026-03-01 21:50:00+00:00,1926.97,1928.68,1925.97,1927.88,390.7
2026-03-01 21:55:00+00:00,1927.88,1930.95,1927.25,1927.83,502.41
2026-03-01 22:00:00+00:00,1927.85,1932.24,1924.87,1930.14,1190.28
2026-03-01 22:05:00+00:00,1930.16,1930.82,1926.25,1926.26,1373.21
2026-03-01 22:10:00+00:00,1926.25,1972.72,1926.13,1944.77,5636.01
2026-03-01 22:15:00+00:00,1945.0,1951.05,1941.45,1946.51,2414.22
2026-03-01 22:20:00+00:00,1946.51,1947.38,1941.33,1943.87,1111.89
2026-03-01 22:25:00+00:00,1943.89,1944.31,1930.3,1934.9,2501.01
2026-03-01 22:30:00+00:00,1934.88,1937.13,1918.52,1922.16,2240.07
2026-03-01 22:35:00+00:00,1922.16,1926.01,1913.45,1923.02,3696.68
2026-03-01 22:40:00+00:00,1923.43,1930.55,1922.49,1928.8,1562.11
2026-03-01 22:45:00+00:00,1928.73,1928.73,1918.57,1922.39,775.02
2026-03-01 22:50:00+00:00,1922.25,1929.24,1921.64,1928.49,571.96
2026-03-01 22:55:00+00:00,1928.49,1928.54,1921.64,1923.64,569.81
2026-03-01 23:00:00+00:00,1923.78,1934.65,1917.48,1934.65,2334.09
2026-03-01 23:05:00+00:00,1934.9,1946.4,1933.43,1945.54,3067.74
2026-03-01 23:10:00+00:00,1945.11,1947.44,1935.24,1935.73,2103.57
2026-03-01 23:15:00+00:00,1935.75,1938.16,1933.49,1936.11,1053.45
2026-03-01 23:20:00+00:00,1936.11,1938.0,1933.68,1937.04,663.34
2026-03-01 23:25:00+00:00,1937.02,1937.68,1930.01,1931.42,969.53
2026-03-01 23:30:00+00:00,1931.42,1935.5,1930.21,1934.05,537.84
2026-03-01 23:35:00+00:00,1934.03,1945.1,1933.56,1942.97,1035.45
2026-03-01 23:40:00+00:00,1942.97,1943.04,1936.32,1939.39,738.93
2026-03-01 23:45:00+00:00,1939.37,1942.67,1937.26,1941.21,505.47
2026-03-01 23:50:00+00:00,1941.21,1941.64,1935.5,1937.1,347.41
2026-03-01 23:55:00+00:00,1937.12,1938.67,1936.33,1938.63,241.58
2026-03-02 00:00:00+00:00,1938.61,1941.01,1936.25,1940.37,524.35
2026-03-02 00:05:00+00:00,1940.39,1946.02,1937.51,1945.91,1033.76
2026-03-02 00:10:00+00:00,1945.91,1952.94,1942.76,1942.78,1924.3
2026-03-02 00:15:00+00:00,1942.76,1945.25,1938.58,1944.21,975.39
2026-03-02 00:20:00+00:00,1944.19,1948.43,1940.87,1948.17,1322.95
2026-03-02 00:25:00+00:00,1948.08,1949.87,1941.8,1945.34,745.5
2026-03-02 00:30:00+00:00,1945.34,1951.05,1945.0,1945.45,1342.41
2026-03-02 00:35:00+00:00,1945.45,1949.87,1945.25,1948.28,639.11
2026-03-02 00:40:00+00:00,1948.28,1962.0,1946.8,1961.65,1535.25
2026-03-02 00:45:00+00:00,1962.0,1966.29,1955.79,1957.18,2889.48
2026-03-02 00:50:00+00:00,1957.18,1963.18,1954.73,1959.47,955.06
2026-03-02 00:55:00+00:00,1959.42,1961.72,1958.52,1959.87,947.96
2026-03-02 01:00:00+00:00,1959.85,1968.63,1958.61,1965.62,2042.28
2026-03-02 01:05:00+00:00,1965.61,1975.84,1960.37,1974.42,2688.95
2026-03-02 01:10:00+00:00,1974.8,1988.33,1974.8,1979.64,3968.41
2026-03-02 01:15:00+00:00,1979.64,1982.98,1974.63,1976.23,1646.19
2026-03-02 01:20:00+00:00,1976.06,1976.06,1968.05,1968.5,1799.21
2026-03-02 01:25:00+00:00,1968.59,1969.63,1964.5,1966.83,1832.91
2026-03-02 01:30:00+00:00,1966.92,1971.01,1966.32,1968.85,950.84
2026-03-02 01:35:00+00:00,1968.75,1969.87,1966.22,1969.29,458.89
2026-03-02 01:40:00+00:00,1969.29,1972.3,1966.4,1967.02,488.39
2026-03-02 01:45:00+00:00,1967.02,1968.39,1958.89,1961.04,798.43
2026-03-02 01:50:00+00:00,1961.06,1967.26,1960.41,1965.76,1001.63
2026-03-02 01:55:00+00:00,1965.82,1965.84,1962.13,1962.84,495.67
2026-03-02 02:00:00+00:00,1962.84,1964.78,1960.48,1963.05,458.24
2026-03-02 02:05:00+00:00,1963.03,1965.4,1945.77,1949.33,4471.91
2026-03-02 02:10:00+00:00,1949.33,1949.53,1938.68,1944.12,2165.62
2026-03-02 02:15:00+00:00,1944.33,1948.75,1940.82,1942.89,1112.39
2026-03-02 02:20:00+00:00,1942.91,1949.34,1940.9,1947.0,1284.38
2026-03-02 02:25:00+00:00,1947.01,1948.94,1946.5,1947.43,568.16
2026-03-02 02:30:00+00:00,1947.43,1955.0,1946.5,1953.44,1038.5
2026-03-02 02:35:00+00:00,1953.49,1962.33,1952.81,1959.06,1265.0
2026-03-02 02:40:00+00:00,1959.06,1959.85,1953.83,1954.96,970.43
2026-03-02 02:45:00+00:00,1954.96,1959.74,1952.22,1952.44,348.26
2026-03-02 02:50:00+00:00,1952.5,1954.67,1950.04,1951.66,1617.08
2026-03-02 02:55:00+00:00,1951.75,1956.8,1951.63,1954.54,519.89
2026-03-02 03:00:00+00:00,1954.51,1955.15,1947.12,1949.22,936.27
2026-03-02 03:05:00+00:00,1949.24,1956.08,1949.07,1954.58,571.91
2026-03-02 03:10:00+00:00,1954.6,1969.33,1954.41,1965.0,3878.67
2026-03-02 03:15:00+00:00,1964.99,1973.25,1964.04,1970.98,1465.7
2026-03-02 03:20:00+00:00,1970.96,1975.71,1969.94,1973.71,1941.15
2026-03-02 03:25:00+00:00,1973.57,1975.56,1969.62,1972.9,879.97
2026-03-02 03:30:00+00:00,1972.9,1977.48,1968.75,1970.8,1402.56
2026-03-02 03:35:00+00:00,1970.78,1978.88,1970.44,1973.51,1055.87
2026-03-02 03:40:00+00:00,1973.49,1975.38,1972.25,1973.41,858.43
2026-03-02 03:45:00+00:00,1973.41,1974.91,1972.26,1973.77,419.28
2026-03-02 03:50:00+00:00,1973.78,1978.02,1973.38,1973.85,1168.01
2026-03-02 03:55:00+00:00,1973.75,1974.31,1970.16,1971.07,985.57
2026-03-02 04:00:00+00:00,1971.08,1974.68,1970.0,1970.41,845.61
2026-03-02 04:05:00+00:00,1970.5,1972.13,1969.36,1970.23,823.24
2026-03-02 04:10:00+00:00,1970.23,1971.1,1968.12,1969.93,558.73
2026-03-02 04:15:00+00:00,1969.95,1973.68,1968.12,1969.61,864.2
2026-03-02 04:20:00+00:00,1969.47,1974.45,1967.5,1970.56,674.04
2026-03-02 04:25:00+00:00,1970.56,1977.98,1970.31,1977.46,865.38
2026-03-02 04:30:00+00:00,1977.44,1979.42,1971.69,1975.01,1187.08
2026-03-02 04:35:00+00:00,1974.99,1975.5,1970.73,1973.94,818.97
2026-03-02 04:40:00+00:00,1973.96,1976.04,1972.84,1973.79,539.63
2026-03-02 04:45:00+00:00,1973.67,1973.67,1968.75,1969.76,815.64
2026-03-02 04:50:00+00:00,1969.78,1971.52,1968.8,1970.67,399.12
2026-03-02 04:55:00+00:00,1970.67,1972.45,1969.59,1972.24,298.55
2026-03-02 05:00:00+00:00,1972.23,1972.65,1966.47,1967.0,1488.1
2026-03-02 05:05:00+00:00,1967.0,1967.0,1962.0,1964.67,1408.04
2026-03-02 05:10:00+00:00,1964.67,1967.69,1964.5,1966.38,433.89
2026-03-02 05:15:00+00:00,1966.4,1970.51,1966.4,1969.43,595.16
2026-03-02 05:20:00+00:00,1969.45,1971.26,1963.18,1964.92,1864.25
2026-03-02 05:25:00+00:00,1964.94,1967.89,1964.74,1967.23,566.2
2026-03-02 05:30:00+00:00,1967.26,1970.04,1967.13,1969.56,328.5
2026-03-02 05:35:00+00:00,1969.56,1972.68,1969.03,1971.0,700.55
2026-03-02 05:40:00+00:00,1970.89,1982.54,1970.68,1980.08,1414.73
2026-03-02 05:45:00+00:00,1980.1,1980.1,1974.5,1975.84,1674.13
2026-03-02 05:50:00+00:00,1975.93,1976.77,1974.28,1975.17,496.83
2026-03-02 05:55:00+00:00,1975.19,1975.54,1969.17,1970.18,458.18
2026-03-02 06:00:00+00:00,1970.18,1970.47,1962.5,1965.83,1588.81
2026-03-02 06:05:00+00:00,1965.83,1967.44,1964.89,1966.3,1474.86
2026-03-02 06:10:00+00:00,1966.37,1968.8,1965.82,1968.29,1029.3
2026-03-02 06:15:00+00:00,1968.31,1969.47,1950.51,1950.65,9846.99
2026-03-02 06:20:00+00:00,1950.65,1953.18,1940.78,1944.45,4505.53
2026-03-02 06:25:00+00:00,1944.45,1949.9,1944.33,1949.16,1719.17
2026-03-02 06:30:00+00:00,1949.26,1950.83,1946.71,1950.19,1244.89
2026-03-02 06:35:00+00:00,1950.2,1950.25,1944.5,1946.59,1024.52
2026-03-02 06:40:00+00:00,1946.59,1948.44,1945.82,1947.56,439.06
2026-03-02 06:45:00+00:00,1947.56,1948.34,1941.4,1943.25,2087.49
2026-03-02 06:50:00+00:00,1943.23,1944.3,1936.47,1942.17,3057.08
2026-03-02 06:55:00+00:00,1942.16,1945.17,1942.15,1942.5,706.16
2026-03-02 07:00:00+00:00,1942.5,1944.01,1933.22,1933.42,2271.51
2026-03-02 07:05:00+00:00,1933.45,1936.25,1925.5,1925.72,5336.11
2026-03-02 07:10:00+00:00,1925.65,1932.35,1924.53,1928.72,3924.73
2026-03-02 07:15:00+00:00,1928.72,1932.38,1926.08,1927.8,2069.45
2026-03-02 07:20:00+00:00,1927.8,1938.42,1927.42,1935.98,2117.47
2026-03-02 07:25:00+00:00,1935.94,1938.25,1934.33,1935.16,985.16
2026-03-02 07:30:00+00:00,1935.16,1937.71,1933.03,1933.6,544.82
2026-03-02 07:35:00+00:00,1933.5,1941.05,1933.5,1940.75,835.41
2026-03-02 07:40:00+00:00,1940.7,1941.16,1938.54,1940.91,1078.19
2026-03-02 07:45:00+00:00,1940.91,1940.93,1937.41,1938.61,531.24
2026-03-02 07:50:00+00:00,1938.61,1940.75,1938.61,1938.93,564.39
2026-03-02 07:55:00+00:00,1939.13,1941.25,1938.21,1940.32,296.92
2026-03-02 08:00:00+00:00,1940.38,1940.58,1931.5,1933.3,2455.54
2026-03-02 08:05:00+00:00,1933.3,1935.95,1931.24,1933.03,1684.96
2026-03-02 08:10:00+00:00,1933.03,1935.37,1919.94,1935.37,4995.02
2026-03-02 08:15:00+00:00,1935.49,1937.22,1927.0,1932.5,2072.09
2026-03-02 08:20:00+00:00,1932.35,1933.81,1924.32,1926.52,1939.25
2026-03-02 08:25:00+00:00,1926.5,1929.85,1923.5,1925.82,1027.4
2026-03-02 08:30:00+00:00,1925.8,1930.92,1925.41,1927.26,687.96
2026-03-02 08:35:00+00:00,1927.28,1934.54,1926.68,1933.46,745.89
2026-03-02 08:40:00+00:00,1933.35,1941.39,1932.99,1937.91,7042.72
2026-03-02 08:45:00+00:00,1937.91,1941.41,1936.86,1940.29,1642.87
2026-03-02 08:50:00+00:00,1940.25,1950.28,1940.03,1944.45,3208.36
2026-03-02 08:55:00+00:00,1944.38,1949.49,1944.06,1948.17,697.81
2026-03-02 09:00:00+00:00,1948.1,1953.82,1945.78,1948.86,3314.43
2026-03-02 09:05:00+00:00,1948.82,1952.26,1947.34,1952.22,1286.9
2026-03-02 09:10:00+00:00,1952.22,1958.86,1952.21,1955.15,2534.16
2026-03-02 09:15:00+00:00,1955.12,1961.4,1954.84,1959.5,2252.79
2026-03-02 09:20:00+00:00,1959.5,1966.15,1955.97,1961.13,4973.78
2026-03-02 09:25:00+00:00,1961.22,1961.85,1956.62,1957.21,1256.37
2026-03-02 09:30:00+00:00,1957.21,1962.53,1957.21,1959.74,1583.87
2026-03-02 09:35:00+00:00,1959.76,1961.84,1957.11,1958.25,1086.44
2026-03-02 09:40:00+00:00,1958.1,1958.6,1954.14,1955.7,1342.4
2026-03-02 09:45:00+00:00,1955.72,1956.21,1950.3,1952.02,6857.42
2026-03-02 09:50:00+00:00,1952.02,1953.62,1947.8,1950.44,1904.12
2026-03-02 09:55:00+00:00,1950.42,1951.6,1946.38,1946.7,746.08
2026-03-02 10:00:00+00:00,1946.72,1954.49,1944.8,1952.0,2252.21
2026-03-02 10:05:00+00:00,1952.02,1955.22,1951.15,1951.94,888.36
2026-03-02 10:10:00+00:00,1951.94,1952.58,1943.1,1946.26,1851.4
2026-03-02 10:15:00+00:00,1946.34,1949.03,1946.1,1947.74,918.51
2026-03-02 10:20:00+00:00,1947.76,1951.26,1947.08,1950.98,561.49
2026-03-02 10:25:00+00:00,1950.98,1951.91,1946.91,1951.51,410.8
2026-03-02 10:30:00+00:00,1951.49,1953.06,1949.36,1951.3,540.67
2026-03-02 10:35:00+00:00,1951.3,1954.96,1946.45,1954.44,378.73
2026-03-02 10:40:00+00:00,1954.28,1954.28,1948.19,1950.17,649.67
2026-03-02 10:45:00+00:00,1950.21,1951.81,1947.79,1950.82,311.69
2026-03-02 10:50:00+00:00,1950.73,1951.06,1945.98,1949.34,467.47
2026-03-02 10:55:00+00:00,1949.32,1951.63,1946.86,1951.28,390.34
2026-03-02 11:00:00+00:00,1951.1,1951.1,1947.55,1950.52,1152.72
2026-03-02 11:05:00+00:00,1950.53,1950.62,1936.52,1937.19,4030.0
2026-03-02 11:10:00+00:00,1937.19,1938.75,1934.88,1935.65,1944.08
2026-03-02 11:15:00+00:00,1935.76,1939.78,1934.47,1939.76,1069.61
2026-03-02 11:20:00+00:00,1939.76,1943.28,1937.18,1941.88,795.94
2026-03-02 11:25:00+00:00,1941.88,1942.5,1936.71,1937.26,864.31
2026-03-02 11:30:00+00:00,1937.28,1940.91,1934.9,1939.23,509.93
2026-03-02 11:35:00+00:00,1939.23,1946.07,1938.85,1944.47,2406.66
2026-03-02 11:40:00+00:00,1944.42,1948.49,1944.26,1945.26,682.05
2026-03-02 11:45:00+00:00,1945.26,1954.25,1945.15,1948.28,6351.83
2026-03-02 11:50:00+00:00,1948.26,1949.96,1946.71,1946.93,538.77
2026-03-02 11:55:00+00:00,1946.86,1948.37,1945.4,1946.84,550.2
2026-03-02 12:00:00+00:00,1946.7,1948.14,1943.43,1947.48,637.64
2026-03-02 12:05:00+00:00,1947.48,1947.48,1945.29,1945.82,389.81
2026-03-02 12:10:00+00:00,1945.82,1947.34,1944.19,1945.53,274.43
2026-03-02 12:15:00+00:00,1945.53,1945.53,1939.02,1940.9,2254.29
2026-03-02 12:20:00+00:00,1940.81,1942.82,1934.98,1937.15,1700.64
2026-03-02 12:25:00+00:00,1937.15,1938.48,1936.21,1937.43,790.57
2026-03-02 12:30:00+00:00,1937.37,1937.98,1934.77,1936.25,1747.53
2026-03-02 12:35:00+00:00,1936.27,1936.84,1930.0,1935.59,2409.68
2026-03-02 12:40:00+00:00,1935.57,1939.2,1934.64,1937.91,1035.2
2026-03-02 12:45:00+00:00,1937.91,1939.78,1935.85,1939.12,615.63
2026-03-02 12:50:00+00:00,1939.12,1941.27,1938.52,1938.53,736.92
2026-03-02 12:55:00+00:00,1938.55,1938.55,1935.78,1937.11,410.83
2026-03-02 13:00:00+00:00,1937.01,1937.91,1933.41,1934.06,649.83
2026-03-02 13:05:00+00:00,1934.08,1936.82,1927.87,1930.68,1421.53
2026-03-02 13:10:00+00:00,1930.65,1935.51,1930.42,1932.83,883.58
2026-03-02 13:15:00+00:00,1932.81,1939.23,1932.23,1937.07,1184.61
2026-03-02 13:20:00+00:00,1937.07,1942.26,1936.85,1941.34,853.26
2026-03-02 13:25:00+00:00,1941.34,1943.5,1929.85,1932.99,1487.67
2026-03-02 13:30:00+00:00,1932.99,1937.78,1931.07,1935.34,1696.78
2026-03-02 13:35:00+00:00,1935.36,1938.7,1931.53,1932.41,545.8
2026-03-02 13:40:00+00:00,1932.42,1934.2,1925.47,1929.12,2222.27
2026-03-02 13:45:00+00:00,1929.12,1931.75,1927.32,1927.79,1311.24
2026-03-02 13:50:00+00:00,1927.79,1928.77,1921.42,1924.5,2535.71
2026-03-02 13:55:00+00:00,1924.52,1928.31,1922.84,1926.63,2918.5
2026-03-02 14:00:00+00:00,1926.65,1926.85,1920.5,1924.9,1923.98
2026-03-02 14:05:00+00:00,1924.92,1930.87,1924.9,1929.47,1686.29
2026-03-02 14:10:00+00:00,1929.47,1933.5,1927.99,1930.78,3479.31
2026-03-02 14:15:00+00:00,1930.78,1933.74,1926.37,1927.2,932.13
2026-03-02 14:20:00+00:00,1927.18,1929.63,1924.1,1928.63,1547.01
2026-03-02 14:25:00+00:00,1928.61,1933.03,1920.62,1926.57,3457.65
2026-03-02 14:30:00+00:00,1926.56,1955.8,1925.3,1952.62,15213.86
2026-03-02 14:35:00+00:00,1952.44,1954.84,1943.3,1948.18,6010.73
2026-03-02 14:40:00+00:00,1948.18,1966.62,1946.0,1965.14,7014.79
2026-03-02 14:45:00+00:00,1965.23,1977.87,1958.88,1976.18,13170.34
2026-03-02 14:50:00+00:00,1975.97,1984.46,1972.18,1974.87,10493.02
2026-03-02 14:55:00+00:00,1974.89,1978.75,1969.88,1978.67,5271.03
2026-03-02 15:00:00+00:00,1978.18,1988.54,1973.19,1983.99,4853.71
2026-03-02 15:05:00+00:00,1983.99,2009.71,1983.5,2003.95,8993.73
2026-03-02 15:10:00+00:00,2004.02,2032.22,2003.49,2027.74,12044.66
2026-03-02 15:15:00+00:00,2027.58,2038.64,2026.15,2029.88,8441.28
2026-03-02 15:20:00+00:00,2029.85,2044.9,2029.72,2036.92,6483.94
2026-03-02 15:25:00+00:00,2036.8,2041.56,2026.84,2030.0,4969.16
2026-03-02 15:30:00+00:00,2029.99,2036.0,2020.55,2032.42,7207.66
2026-03-02 15:35:00+00:00,2032.5,2050.0,2031.12,2049.69,5835.88
2026-03-02 15:40:00+00:00,2049.83,2061.63,2044.46,2061.18,8042.62
2026-03-02 15:45:00+00:00,2061.2,2064.88,2048.08,2048.21,7128.68
2026-03-02 15:50:00+00:00,2048.11,2054.33,2034.63,2038.27,7344.83
2026-03-02 15:55:00+00:00,2038.38,2047.77,2036.94,2046.58,4466.66
2026-03-02 16:00:00+00:00,2046.58,2053.94,2042.23,2053.16,3267.56
2026-03-02 16:05:00+00:00,2053.14,2074.15,2049.44,2072.89,8173.93
2026-03-02 16:10:00+00:00,2072.8,2075.23,2066.01,2069.43,6805.96
2026-03-02 16:15:00+00:00,2069.39,2071.0,2059.8,2060.57,2625.03
2026-03-02 16:20:00+00:00,2060.57,2070.79,2058.56,2064.99,1912.45
2026-03-02 16:25:00+00:00,2064.99,2065.52,2055.82,2057.69,2444.44
2026-03-02 16:30:00+00:00,2057.6,2062.31,2043.92,2047.91,4808.18
2026-03-02 16:35:00+00:00,2047.96,2050.91,2043.53,2047.56,2857.76
2026-03-02 16:40:00+00:00,2047.63,2081.79,2047.3,2078.71,7010.24
2026-03-02 16:45:00+00:00,2078.55,2088.52,2069.14,2070.16,7597.24
2026-03-02 16:50:00+00:00,2070.16,2070.16,2062.61,2063.0,2508.86
2026-03-02 16:55:00+00:00,2063.06,2066.77,2059.62,2063.68,3557.73
2026-03-02 17:00:00+00:00,2063.28,2065.31,2056.43,2062.2,2350.93
2026-03-02 17:05:00+00:00,2062.2,2062.33,2051.72,2053.47,1455.82
2026-03-02 17:10:00+00:00,2053.49,2059.84,2049.83,2056.94,2040.39
2026-03-02 17:15:00+00:00,2057.05,2061.32,2048.99,2054.18,2234.15
2026-03-02 17:20:00+00:00,2054.12,2059.63,2053.85,2056.81,883.53
2026-03-02 17:25:00+00:00,2056.89,2057.28,2050.48,2053.44,1091.59
2026-03-02 17:30:00+00:00,2053.45,2054.9,2050.61,2051.47,667.17
2026-03-02 17:35:00+00:00,2051.47,2057.45,2039.09,2039.92,3691.31
2026-03-02 17:40:00+00:00,2040.0,2044.02,2025.21,2028.2,4767.41
2026-03-02 17:45:00+00:00,2028.22,2034.75,2024.51,2033.66,2415.16
2026-03-02 17:50:00+00:00,2033.81,2042.11,2030.94,2041.11,1868.8
2026-03-02 17:55:00+00:00,2041.3,2042.5,2036.87,2040.18,1634.21
2026-03-02 18:00:00+00:00,2040.15,2040.7,2023.28,2031.8,2552.49
2026-03-02 18:05:00+00:00,2031.84,2035.5,2030.77,2033.87,918.66
2026-03-02 18:10:00+00:00,2033.87,2038.64,2029.79,2038.11,852.62
2026-03-02 18:15:00+00:00,2038.13,2038.29,2032.36,2032.36,662.93
2026-03-02 18:20:00+00:00,2032.36,2034.0,2029.75,2032.24,421.16
2026-03-02 18:25:00+00:00,2032.23,2036.48,2029.81,2032.76,590.35
2026-03-02 18:30:00+00:00,2032.82,2037.55,2030.46,2034.6,754.15
2026-03-02 18:35:00+00:00,2034.6,2036.6,2028.69,2031.23,802.23
2026-03-02 18:40:00+00:00,2031.24,2033.37,2025.76,2033.17,1038.64
2026-03-02 18:45:00+00:00,2033.17,2034.89,2027.43,2033.91,728.4
2026-03-02 18:50:00+00:00,2033.89,2037.47,2026.4,2030.32,1081.12
2026-03-02 18:55:00+00:00,2030.3,2030.66,2024.4,2028.44,721.42
2026-03-02 19:00:00+00:00,2028.46,2032.0,2023.68,2031.74,1091.78
2026-03-02 19:05:00+00:00,2031.77,2031.86,2018.0,2025.84,2793.53
2026-03-02 19:10:00+00:00,2025.87,2027.67,2020.48,2026.88,2924.42
2026-03-02 19:15:00+00:00,2027.0,2035.9,2026.78,2032.58,1305.21
2026-03-02 19:20:00+00:00,2032.58,2037.4,2030.23,2032.76,1124.75
2026-03-02 19:25:00+00:00,2032.76,2033.49,2030.72,2032.48,375.91
2026-03-02 19:30:00+00:00,2032.5,2036.88,2029.62,2035.29,607.65
2026-03-02 19:35:00+00:00,2035.29,2040.8,2034.99,2035.01,1325.46
2026-03-02 19:40:00+00:00,2035.01,2035.17,2030.8,2030.96,671.68
2026-03-02 19:45:00+00:00,2030.98,2037.0,2030.9,2036.99,581.33
2026-03-02 19:50:00+00:00,2036.99,2047.65,2035.21,2041.04,1700.1
2026-03-02 19:55:00+00:00,2041.04,2047.24,2040.0,2042.55,1182.01
2026-03-02 20:00:00+00:00,2042.55,2056.44,2040.65,2051.98,3050.69
2026-03-02 20:05:00+00:00,2051.98,2052.85,2034.54,2037.19,1898.42
2026-03-02 20:10:00+00:00,2037.21,2037.21,2024.08,2031.02,2702.75
2026-03-02 20:15:00+00:00,2031.01,2042.0,2028.16,2036.85,1154.12
2026-03-02 20:20:00+00:00,2037.01,2037.68,2033.26,2036.49,854.75
2026-03-02 20:25:00+00:00,2036.47,2040.05,2033.76,2036.62,442.6
2026-03-02 20:30:00+00:00,2036.6,2042.92,2034.28,2040.41,882.85
2026-03-02 20:35:00+00:00,2040.22,2040.88,2037.33,2037.55,592.3
2026-03-02 20:40:00+00:00,2037.57,2042.27,2037.56,2042.21,409.06
2026-03-02 20:45:00+00:00,2041.92,2047.9,2040.52,2045.37,1728.8
2026-03-02 20:50:00+00:00,2045.38,2049.44,2039.84,2040.83,1208.36
2026-03-02 20:55:00+00:00,2040.8,2041.48,2034.06,2034.19,810.33
2026-03-02 21:00:00+00:00,2034.5,2035.74,2028.27,2030.89,1550.53
2026-03-02 21:05:00+00:00,2030.75,2035.32,2030.43,2035.08,681.28
2026-03-02 21:10:00+00:00,2035.08,2037.61,2030.53,2036.99,449.27
2026-03-02 21:15:00+00:00,2036.98,2039.25,2034.85,2037.31,754.16
2026-03-02 21:20:00+00:00,2037.33,2041.74,2034.68,2040.5,290.89
2026-03-02 21:25:00+00:00,2040.57,2040.71,2035.66,2039.36,231.92
2026-03-02 21:30:00+00:00,2039.43,2042.08,2038.0,2041.33,352.39
2026-03-02 21:35:00+00:00,2041.35,2045.79,2039.47,2044.09,707.0
2026-03-02 21:40:00+00:00,2044.15,2045.05,2042.82,2045.0,518.85
2026-03-02 21:45:00+00:00,2045.0,2046.7,2042.07,2043.91,653.41
2026-03-02 21:50:00+00:00,2043.89,2047.05,2043.17,2044.52,992.64
2026-03-02 21:55:00+00:00,2044.56,2045.9,2041.59,2042.26,434.06
2026-03-02 22:00:00+00:00,2042.26,2048.18,2042.0,2043.1,547.13
2026-03-02 22:05:00+00:00,2043.17,2049.81,2043.17,2047.72,780.51
2026-03-02 22:10:00+00:00,2047.7,2048.96,2042.0,2043.94,587.77
2026-03-02 22:15:00+00:00,2043.96,2045.09,2040.56,2042.82,765.15
2026-03-02 22:20:00+00:00,2042.86,2047.27,2042.86,2047.22,224.72
2026-03-02 22:25:00+00:00,2047.12,2051.57,2046.66,2049.19,858.52
2026-03-02 22:30:00+00:00,2049.21,2056.0,2048.36,2050.75,1552.07
2026-03-02 22:35:00+00:00,2050.75,2055.65,2050.58,2055.24,390.72
2026-03-02 22:40:00+00:00,2055.17,2057.69,2052.6,2055.0,651.57
2026-03-02 22:45:00+00:00,2055.0,2055.34,2050.36,2050.71,295.78
2026-03-02 22:50:00+00:00,2050.68,2053.5,2049.0,2052.48,392.33
2026-03-02 22:55:00+00:00,2052.45,2053.0,2048.93,2052.99,211.13
2026-03-02 23:00:00+00:00,2053.0,2054.72,2044.3,2047.28,687.68
2026-03-02 23:05:00+00:00,2047.3,2050.38,2045.76,2048.55,380.09
2026-03-02 23:10:00+00:00,2048.54,2051.93,2043.74,2044.37,301.85
2026-03-02 23:15:00+00:00,2044.42,2047.14,2042.34,2043.64,542.13
2026-03-02 23:20:00+00:00,2043.66,2044.0,2037.0,2039.77,1203.99
2026-03-02 23:25:00+00:00,2039.79,2040.52,2036.22,2036.52,549.11
2026-03-02 23:30:00+00:00,2036.52,2037.51,2028.4,2029.07,1016.81
2026-03-02 23:35:00+00:00,2029.16,2033.3,2028.4,2030.76,940.63
2026-03-02 23:40:00+00:00,2030.77,2031.36,2023.82,2026.43,758.19
2026-03-02 23:45:00+00:00,2026.36,2031.08,2023.99,2030.09,1109.44
2026-03-02 23:50:00+00:00,2030.07,2031.21,2025.17,2026.52,324.19
2026-03-02 23:55:00+00:00,2026.5,2027.9,2025.0,2026.52,731.41
2026-03-03 00:00:00+00:00,2026.5,2031.85,2025.68,2030.49,787.53
2026-03-03 00:05:00+00:00,2030.49,2034.5,2028.69,2032.27,850.52
2026-03-03 00:10:00+00:00,2032.27,2032.76,2023.48,2026.26,932.62
2026-03-03 00:15:00+00:00,2026.28,2030.69,2022.95,2023.9,926.21
2026-03-03 00:20:00+00:00,2023.9,2025.67,2021.68,2023.5,802.42
2026-03-03 00:25:00+00:00,2023.48,2026.82,2020.9,2026.62,711.04
2026-03-03 00:30:00+00:00,2026.6,2034.31,2018.1,2032.22,1506.83
2026-03-03 00:35:00+00:00,2032.16,2037.81,2031.21,2035.47,966.6
2026-03-03 00:40:00+00:00,2035.45,2038.23,2034.78,2035.3,1113.97
2026-03-03 00:45:00+00:00,2035.28,2036.79,2026.03,2028.55,885.59
2026-03-03 00:50:00+00:00,2028.55,2030.8,2026.64,2029.73,749.34
2026-03-03 00:55:00+00:00,2029.73,2035.63,2027.83,2034.29,528.71
2026-03-03 01:00:00+00:00,2034.56,2034.74,2028.0,2033.88,866.78
2026-03-03 01:05:00+00:00,2033.9,2036.86,2031.76,2035.0,564.48
2026-03-03 01:10:00+00:00,2035.0,2040.38,2034.19,2036.38,775.88
2026-03-03 01:15:00+00:00,2036.36,2037.54,2029.25,2032.02,932.61
2026-03-03 01:20:00+00:00,2031.91,2036.0,2031.02,2033.37,948.59
2026-03-03 01:25:00+00:00,2033.38,2035.04,2028.12,2028.31,572.12
2026-03-03 01:30:00+00:00,2028.29,2033.61,2021.2,2029.67,1845.0
2026-03-03 01:35:00+00:00,2029.66,2030.0,2026.03,2028.8,544.76
2026-03-03 01:40:00+00:00,2028.57,2031.49,2025.6,2029.96,433.0
2026-03-03 01:45:00+00:00,2029.76,2030.9,2025.01,2030.85,644.56
2026-03-03 01:50:00+00:00,2030.7,2030.7,2025.0,2025.1,471.78
2026-03-03 01:55:00+00:00,2025.08,2026.26,2018.75,2018.98,1071.33
2026-03-03 02:00:00+00:00,2018.96,2019.51,2003.99,2010.18,6962.34
2026-03-03 02:05:00+00:00,2010.18,2014.0,2007.15,2010.95,2342.52
2026-03-03 02:10:00+00:00,2010.87,2012.68,2007.95,2008.22,723.86
2026-03-03 02:15:00+00:00,2008.35,2009.6,2002.49,2004.94,1440.98
2026-03-03 02:20:00+00:00,2004.93,2007.31,1997.0,2006.0,3871.33
2026-03-03 02:25:00+00:00,2006.02,2013.06,2005.75,2012.78,1305.93
2026-03-03 02:30:00+00:00,2012.76,2017.6,2011.73,2014.24,1862.07
2026-03-03 02:35:00+00:00,2014.24,2014.8,2010.76,2011.61,827.0
2026-03-03 02:40:00+00:00,2011.61,2013.29,2010.45,2012.99,613.58
2026-03-03 02:45:00+00:00,2013.0,2021.53,2012.29,2017.75,1556.76
2026-03-03 02:50:00+00:00,2017.67,2017.81,2012.64,2013.03,678.48
2026-03-03 02:55:00+00:00,2013.01,2014.74,2012.32,2012.76,798.79
2026-03-03 03:00:00+00:00,2012.76,2014.6,2007.29,2008.04,1059.37
2026-03-03 03:05:00+00:00,2008.04,2011.08,2005.53,2007.38,964.7
2026-03-03 03:10:00+00:00,2007.38,2012.54,2006.91,2012.18,426.25
2026-03-03 03:15:00+00:00,2012.18,2013.39,2005.97,2007.9,532.03
2026-03-03 03:20:00+00:00,2007.9,2007.99,2004.42,2006.82,770.64
2026-03-03 03:25:00+00:00,2006.82,2010.01,2005.71,2009.62,574.65
2026-03-03 03:30:00+00:00,2009.64,2013.28,2007.35,2012.6,598.94
2026-03-03 03:35:00+00:00,2012.62,2014.17,2011.41,2012.57,481.34
2026-03-03 03:40:00+00:00,2012.57,2012.89,2008.53,2011.07,548.57
2026-03-03 03:45:00+00:00,2011.07,2011.5,2006.57,2007.34,257.14
2026-03-03 03:50:00+00:00,2007.32,2009.22,2005.45,2006.78,485.81
2026-03-03 03:55:00+00:00,2006.78,2009.15,2006.22,2007.83,268.19
2026-03-03 04:00:00+00:00,2008.09,2011.08,2007.45,2009.92,306.17
2026-03-03 04:05:00+00:00,2009.9,2011.05,2006.0,2006.79,332.95
2026-03-03 04:10:00+00:00,2006.85,2011.48,2006.85,2008.49,301.11
2026-03-03 04:15:00+00:00,2008.51,2010.37,2006.15,2010.34,254.0
2026-03-03 04:20:00+00:00,2010.34,2012.72,2008.95,2010.48,346.63
2026-03-03 04:25:00+00:00,2010.48,2010.92,2006.8,2007.42,316.31
2026-03-03 04:30:00+00:00,2007.36,2010.02,2007.32,2008.7,257.28
2026-03-03 04:35:00+00:00,2008.72,2009.7,2003.46,2005.19,732.24
2026-03-03 04:40:00+00:00,2005.21,2005.6,2000.32,2003.19,1521.56
2026-03-03 04:45:00+00:00,2003.19,2004.32,1998.23,1999.85,1673.74
2026-03-03 04:50:00+00:00,1999.87,2002.43,1997.41,1999.18,1420.07
2026-03-03 04:55:00+00:00,1999.14,2000.21,1997.61,1998.88,990.76
2026-03-03 05:00:00+00:00,1998.86,2002.08,1996.9,1999.56,1019.55
2026-03-03 05:05:00+00:00,1999.25,2005.22,1993.02,2003.7,2713.07
2026-03-03 05:10:00+00:00,2004.08,2009.64,2002.08,2009.63,1020.49
2026-03-03 05:15:00+00:00,2009.57,2018.18,2008.71,2013.54,2870.35
2026-03-03 05:20:00+00:00,2013.53,2013.54,2004.03,2007.81,1532.84
2026-03-03 05:25:00+00:00,2007.79,2008.55,2005.87,2006.02,436.76
2026-03-03 05:30:00+00:00,2005.98,2006.13,1998.03,2000.3,1832.31
2026-03-03 05:35:00+00:00,2000.28,2001.25,1995.52,1999.09,1642.86
2026-03-03 05:40:00+00:00,1998.91,2000.84,1997.74,1998.3,904.36
2026-03-03 05:45:00+00:00,1998.28,2000.0,1987.05,1988.33,3023.88
2026-03-03 05:50:00+00:00,1988.34,1992.25,1986.79,1992.25,2619.04
2026-03-03 05:55:00+00:00,1992.47,1993.2,1987.04,1992.52,1707.82
2026-03-03 06:00:00+00:00,1992.53,1995.22,1991.37,1991.72,1323.5
2026-03-03 06:05:00+00:00,1991.7,1994.56,1989.13,1992.89,807.96
2026-03-03 06:10:00+00:00,1992.87,1993.43,1989.13,1993.17,579.6
2026-03-03 06:15:00+00:00,1993.12,1993.53,1989.6,1992.68,779.86
2026-03-03 06:20:00+00:00,1992.68,1994.92,1991.05,1991.49,907.53
2026-03-03 06:25:00+00:00,1991.47,1994.94,1990.81,1993.25,528.76
2026-03-03 06:30:00+00:00,1993.28,1994.64,1990.88,1990.96,395.57
2026-03-03 06:35:00+00:00,1990.9,1995.69,1990.16,1994.22,759.8
2026-03-03 06:40:00+00:00,1994.08,1995.36,1992.63,1994.77,687.62
2026-03-03 06:45:00+00:00,1994.77,1994.77,1986.93,1989.41,911.55
2026-03-03 06:50:00+00:00,1989.41,1994.28,1989.41,1994.28,695.79
2026-03-03 06:55:00+00:00,1994.34,2000.81,1994.04,1998.37,1486.97
2026-03-03 07:00:00+00:00,1998.32,1998.5,1993.94,1998.5,1309.28
2026-03-03 07:05:00+00:00,1998.5,2000.22,1993.37,1994.74,996.46
2026-03-03 07:10:00+00:00,1994.73,2000.1,1994.01,1999.61,586.37
2026-03-03 07:15:00+00:00,1999.63,2002.88,1996.84,2000.92,1590.52
2026-03-03 07:20:00+00:00,2000.92,2001.13,1997.34,2000.0,567.72
2026-03-03 07:25:00+00:00,1999.99,2000.49,1997.74,1999.74,629.31
2026-03-03 07:30:00+00:00,1999.74,2000.39,1996.1,1996.83,518.81
2026-03-03 07:35:00+00:00,1996.77,1996.86,1993.82,1994.0,523.01
2026-03-03 07:40:00+00:00,1994.01,1997.44,1992.22,1997.22,1101.85
2026-03-03 07:45:00+00:00,1997.23,1998.8,1994.18,1994.41,757.16
2026-03-03 07:50:00+00:00,1994.34,1995.75,1992.64,1995.2,524.04
2026-03-03 07:55:00+00:00,1995.2,1996.75,1993.58,1995.42,450.54
2026-03-03 08:00:00+00:00,1995.44,1996.4,1992.03,1993.08,560.75
2026-03-03 08:05:00+00:00,1993.1,1994.88,1991.46,1994.87,661.68
2026-03-03 08:10:00+00:00,1994.88,1999.73,1983.37,1984.46,2793.83
2026-03-03 08:15:00+00:00,1984.54,1991.46,1984.35,1987.49,3061.11
2026-03-03 08:20:00+00:00,1987.49,1988.6,1982.43,1987.02,1458.09
2026-03-03 08:25:00+00:00,1986.89,1986.96,1980.8,1983.02,1794.02
2026-03-03 08:30:00+00:00,1983.02,1983.7,1975.32,1976.96,4599.03
2026-03-03 08:35:00+00:00,1977.01,1980.74,1971.64,1973.4,2512.35
2026-03-03 08:40:00+00:00,1973.42,1973.42,1957.46,1960.75,9710.62
2026-03-03 08:45:00+00:00,1960.77,1961.81,1951.35,1953.52,5839.76
2026-03-03 08:50:00+00:00,1953.52,1956.47,1952.14,1954.0,3011.16
2026-03-03 08:55:00+00:00,1953.95,1954.75,1946.87,1952.08,6212.2
2026-03-03 09:00:00+00:00,1952.18,1958.49,1949.75,1956.65,3746.97
2026-03-03 09:05:00+00:00,1956.69,1966.75,1953.58,1965.24,4269.3
2026-03-03 09:10:00+00:00,1965.22,1967.74,1963.02,1964.55,3343.76
2026-03-03 09:15:00+00:00,1964.55,1967.75,1961.31,1964.3,1489.1
2026-03-03 09:20:00+00:00,1964.27,1964.36,1955.42,1956.99,2571.27
2026-03-03 09:25:00+00:00,1956.99,1957.99,1944.3,1948.02,5509.56
2026-03-03 09:30:00+00:00,1947.99,1950.56,1938.03,1949.22,5563.06
2026-03-03 09:35:00+00:00,1949.12,1954.57,1946.27,1952.24,3253.25
2026-03-03 09:40:00+00:00,1952.24,1952.48,1948.05,1949.08,1141.24
2026-03-03 09:45:00+00:00,1949.06,1949.59,1944.32,1947.24,3161.44
2026-03-03 09:50:00+00:00,1947.24,1948.72,1943.79,1947.36,1401.44
2026-03-03 09:55:00+00:00,1947.39,1951.42,1946.94,1950.38,1511.56
2026-03-03 10:00:00+00:00,1950.32,1952.83,1945.25,1951.41,3300.73
2026-03-03 10:05:00+00:00,1951.28,1952.03,1945.45,1945.59,2458.58
2026-03-03 10:10:00+00:00,1945.52,1947.94,1944.88,1946.48,837.04
2026-03-03 10:15:00+00:00,1946.48,1950.57,1943.86,1949.53,1011.23
2026-03-03 10:20:00+00:00,1949.49,1954.97,1949.12,1951.01,1399.4
2026-03-03 10:25:00+00:00,1951.0,1951.96,1946.99,1948.86,850.93
2026-03-03 10:30:00+00:00,1948.88,1953.35,1947.81,1950.12,677.67
2026-03-03 10:35:00+00:00,1950.12,1951.62,1948.26,1948.34,570.85
2026-03-03 10:40:00+00:00,1948.35,1955.5,1948.19,1955.11,1111.15
2026-03-03 10:45:00+00:00,1955.11,1962.95,1954.03,1962.41,3056.8
2026-03-03 10:50:00+00:00,1962.39,1962.46,1957.23,1957.49,1610.56
2026-03-03 10:55:00+00:00,1957.47,1957.82,1953.3,1956.85,1057.52
2026-03-03 11:00:00+00:00,1956.85,1960.93,1955.0,1959.47,1098.15
2026-03-03 11:05:00+00:00,1959.43,1959.76,1955.68,1959.41,828.75
2026-03-03 11:10:00+00:00,1959.41,1960.22,1957.25,1958.1,807.1
2026-03-03 11:15:00+00:00,1958.13,1958.13,1951.21,1952.18,1341.56
2026-03-03 11:20:00+00:00,1952.18,1959.5,1950.88,1959.19,1091.45
2026-03-03 11:25:00+00:00,1959.2,1960.39,1955.42,1956.36,909.86
2026-03-03 11:30:00+00:00,1956.38,1959.15,1955.44,1957.45,617.28
2026-03-03 11:35:00+00:00,1957.45,1963.34,1956.62,1962.93,1533.99
2026-03-03 11:40:00+00:00,1962.91,1963.68,1960.38,1963.44,1330.46
2026-03-03 11:45:00+00:00,1963.38,1965.86,1962.4,1962.84,1241.8
2026-03-03 11:50:00+00:00,1962.82,1963.18,1961.36,1962.35,728.13
2026-03-03 11:55:00+00:00,1962.33,1962.74,1959.99,1960.26,618.96
2026-03-03 12:00:00+00:00,1960.24,1965.85,1959.77,1965.16,902.88
2026-03-03 12:05:00+00:00,1965.16,1974.57,1964.17,1973.9,4252.53
2026-03-03 12:10:00+00:00,1973.94,1989.27,1970.81,1980.52,6627.4
2026-03-03 12:15:00+00:00,1980.62,1981.48,1972.27,1973.58,2808.84
2026-03-03 12:20:00+00:00,1973.53,1974.11,1969.54,1973.42,2156.37
2026-03-03 12:25:00+00:00,1973.13,1976.53,1972.45,1973.87,1233.14
2026-03-03 12:30:00+00:00,1973.85,1974.63,1966.01,1968.74,1243.8
2026-03-03 12:35:00+00:00,1968.78,1969.98,1964.0,1968.65,1382.1
2026-03-03 12:40:00+00:00,1968.67,1968.71,1962.7,1966.63,1230.79
2026-03-03 12:45:00+00:00,1966.65,1969.04,1965.0,1967.67,713.35
2026-03-03 12:50:00+00:00,1967.69,1967.69,1962.37,1966.92,1606.27
2026-03-03 12:55:00+00:00,1966.92,1969.57,1965.76,1966.48,915.04
2026-03-03 13:00:00+00:00,1966.46,1967.69,1954.25,1954.59,3548.15
2026-03-03 13:05:00+00:00,1954.49,1959.22,1952.89,1955.01,2143.69
2026-03-03 13:10:00+00:00,1955.01,1956.51,1948.49,1949.21,1946.51
2026-03-03 13:15:00+00:00,1949.25,1958.05,1949.02,1956.26,2631.33
2026-03-03 13:20:00+00:00,1956.05,1959.15,1955.24,1956.54,1007.96
2026-03-03 13:25:00+00:00,1956.52,1957.67,1954.64,1956.17,590.94
2026-03-03 13:30:00+00:00,1956.19,1956.29,1946.94,1952.61,2470.29
2026-03-03 13:35:00+00:00,1952.63,1953.91,1949.55,1951.15,739.57
2026-03-03 13:40:00+00:00,1951.2,1952.44,1947.64,1950.47,1542.75
2026-03-03 13:45:00+00:00,1950.44,1950.44,1942.47,1943.85,3429.76
2026-03-03 13:50:00+00:00,1943.91,1951.21,1943.35,1949.16,1808.53
2026-03-03 13:55:00+00:00,1949.08,1952.02,1945.55,1951.18,1512.69
2026-03-03 14:00:00+00:00,1951.18,1960.25,1948.0,1960.25,2699.5
2026-03-03 14:05:00+00:00,1960.15,1963.09,1958.25,1960.84,2684.12
2026-03-03 14:10:00+00:00,1960.77,1960.97,1955.11,1960.02,1108.65
2026-03-03 14:15:00+00:00,1960.0,1964.25,1957.25,1961.35,1308.72
2026-03-03 14:20:00+00:00,1961.35,1971.05,1960.75,1965.36,3435.88
2026-03-03 14:25:00+00:00,1965.23,1966.08,1959.6,1960.79,1768.42
2026-03-03 14:30:00+00:00,1960.77,1976.65,1948.87,1949.91,8169.28
2026-03-03 14:35:00+00:00,1949.92,1968.98,1947.24,1956.61,6306.69
2026-03-03 14:40:00+00:00,1956.38,1959.26,1933.8,1936.28,10397.77
2026-03-03 14:45:00+00:00,1936.47,1945.89,1928.0,1935.98,9323.0
2026-03-03 14:50:00+00:00,1936.09,1952.25,1935.77,1952.22,5572.04
2026-03-03 14:55:00+00:00,1952.04,1953.16,1939.4,1941.97,3308.84
2026-03-03 15:00:00+00:00,1941.95,1947.31,1938.5,1943.99,2112.31
2026-03-03 15:05:00+00:00,1943.93,1952.53,1940.0,1942.43,2051.99
2026-03-03 15:10:00+00:00,1942.45,1946.0,1937.34,1944.88,2374.62
2026-03-03 15:15:00+00:00,1944.97,1949.76,1933.15,1933.72,3781.81
2026-03-03 15:20:00+00:00,1933.84,1943.25,1931.19,1942.57,2054.04
2026-03-03 15:25:00+00:00,1942.57,1945.69,1940.28,1941.75,1055.85
2026-03-03 15:30:00+00:00,1941.71,1955.94,1941.39,1951.36,3660.68
2026-03-03 15:35:00+00:00,1951.39,1966.56,1950.96,1966.36,2993.74
2026-03-03 15:40:00+00:00,1966.47,1971.79,1956.23,1958.77,5543.61
2026-03-03 15:45:00+00:00,1958.76,1969.68,1958.66,1966.4,2316.75
2026-03-03 15:50:00+00:00,1966.17,1967.63,1959.24,1962.56,1744.74
2026-03-03 15:55:00+00:00,1962.53,1970.09,1961.0,1968.32,997.06
2026-03-03 16:00:00+00:00,1968.1,1975.0,1964.05,1974.67,2460.8
2026-03-03 16:05:00+00:00,1974.67,1999.1,1974.28,1998.45,12227.16
2026-03-03 16:10:00+00:00,1998.42,2000.76,1985.75,1994.28,7295.78
2026-03-03 16:15:00+00:00,1994.11,2001.1,1987.21,1989.89,3853.51
2026-03-03 16:20:00+00:00,1989.88,2007.25,1988.0,2006.79,4555.7
2026-03-03 16:25:00+00:00,2006.92,2012.86,2003.96,2005.24,8802.37
2026-03-03 16:30:00+00:00,2005.24,2005.48,1983.18,1985.91,6288.51
2026-03-03 16:35:00+00:00,1985.57,1988.2,1967.0,1969.77,9682.88
2026-03-03 16:40:00+00:00,1969.75,1974.13,1957.52,1969.57,5441.73
2026-03-03 16:45:00+00:00,1969.58,1985.18,1968.14,1979.01,4518.25
2026-03-03 16:50:00+00:00,1979.42,1984.44,1977.33,1983.04,2145.56
2026-03-03 16:55:00+00:00,1983.04,1991.38,1981.52,1982.97,4002.3
2026-03-03 17:00:00+00:00,1983.17,1985.53,1968.69,1974.39,3074.64
2026-03-03 17:05:00+00:00,1974.36,1976.75,1966.63,1966.63,1421.03
2026-03-03 17:10:00+00:00,1966.63,1970.16,1958.55,1969.41,3019.95
2026-03-03 17:15:00+00:00,1969.41,1973.12,1966.41,1971.56,1456.67
2026-03-03 17:20:00+00:00,1971.57,1978.93,1963.33,1976.4,2178.93
2026-03-03 17:25:00+00:00,1976.5,1977.65,1970.52,1975.14,1139.28
2026-03-03 17:30:00+00:00,1975.0,1975.61,1958.12,1962.49,2375.45
2026-03-03 17:35:00+00:00,1962.49,1970.72,1959.0,1967.99,2954.54
2026-03-03 17:40:00+00:00,1968.3,1975.42,1967.59,1974.49,1455.94
2026-03-03 17:45:00+00:00,1974.37,1984.26,1971.25,1980.21,1283.16
2026-03-03 17:50:00+00:00,1980.21,1984.52,1978.3,1979.98,1440.55
2026-03-03 17:55:00+00:00,1979.96,1982.24,1974.01,1979.52,1668.33
2026-03-03 18:00:00+00:00,1979.48,1986.3,1977.83,1978.82,2308.66
2026-03-03 18:05:00+00:00,1978.73,1982.72,1976.08,1977.94,1309.54
2026-03-03 18:10:00+00:00,1977.58,1977.97,1968.38,1972.55,2169.0
2026-03-03 18:15:00+00:00,1972.57,1982.66,1972.35,1980.36,1045.75
2026-03-03 18:20:00+00:00,1980.35,1988.47,1980.3,1986.42,1610.3
2026-03-03 18:25:00+00:00,1986.44,1989.56,1984.5,1984.87,1076.85
2026-03-03 18:30:00+00:00,1984.85,1999.6,1984.19,1991.73,2372.09
2026-03-03 18:35:00+00:00,1991.71,1998.08,1988.79,1994.6,2345.31
2026-03-03 18:40:00+00:00,1994.6,1997.18,1989.38,1991.99,834.23
2026-03-03 18:45:00+00:00,1991.99,1992.02,1986.0,1989.99,1202.01
2026-03-03 18:50:00+00:00,1989.99,1991.98,1986.26,1989.15,753.68
2026-03-03 18:55:00+00:00,1989.09,1989.09,1983.26,1986.96,751.85
2026-03-03 19:00:00+00:00,1986.97,1989.02,1984.4,1987.54,392.02
2026-03-03 19:05:00+00:00,1987.57,1989.5,1979.1,1979.62,1371.33
2026-03-03 19:10:00+00:00,1979.69,1986.5,1976.27,1984.57,848.22
2026-03-03 19:15:00+00:00,1984.62,1986.25,1980.86,1985.97,821.4
2026-03-03 19:20:00+00:00,1986.0,1993.5,1986.0,1990.28,1567.92
2026-03-03 19:25:00+00:00,1990.28,1992.44,1983.16,1985.18,790.36
2026-03-03 19:30:00+00:00,1985.31,1987.44,1980.46,1981.34,631.38
2026-03-03 19:35:00+00:00,1981.35,1992.96,1975.82,1986.47,1868.42
2026-03-03 19:40:00+00:00,1986.62,1990.43,1981.73,1986.78,788.75
2026-03-03 19:45:00+00:00,1986.76,1990.14,1982.37,1985.59,549.84
2026-03-03 19:50:00+00:00,1985.61,1992.26,1984.78,1986.86,661.93
2026-03-03 19:55:00+00:00,1986.62,1987.98,1984.09,1985.17,935.85
2026-03-03 20:00:00+00:00,1985.52,1987.99,1983.01,1987.05,657.3
2026-03-03 20:05:00+00:00,1987.05,1988.64,1980.8,1982.96,724.54
2026-03-03 20:10:00+00:00,1982.98,1982.98,1978.66,1978.85,627.66
2026-03-03 20:15:00+00:00,1978.64,1982.46,1976.77,1978.73,786.74
2026-03-03 20:20:00+00:00,1978.89,1984.95,1978.89,1983.14,475.92
2026-03-03 20:25:00+00:00,1983.16,1985.75,1980.48,1981.12,497.1
2026-03-03 20:30:00+00:00,1981.53,1984.56,1980.09,1981.28,718.7
2026-03-03 20:35:00+00:00,1981.3,1988.35,1980.1,1981.08,455.12
2026-03-03 20:40:00+00:00,1981.31,1985.48,1981.31,1983.59,228.36
2026-03-03 20:45:00+00:00,1983.58,1984.58,1978.07,1981.87,317.47
2026-03-03 20:50:00+00:00,1981.8,1982.19,1969.13,1975.02,1960.42
2026-03-03 20:55:00+00:00,1975.1,1977.47,1972.12,1977.34,949.67
2026-03-03 21:00:00+00:00,1977.35,1977.47,1964.82,1967.66,2214.42
2026-03-03 21:05:00+00:00,1967.88,1969.49,1961.56,1967.17,683.27
2026-03-03 21:10:00+00:00,1967.35,1968.27,1966.02,1966.9,305.91
2026-03-03 21:15:00+00:00,1966.89,1967.29,1960.8,1966.34,1686.54
2026-03-03 21:20:00+00:00,1966.54,1968.64,1964.33,1966.99,329.44
2026-03-03 21:25:00+00:00,1967.01,1967.39,1958.13,1962.2,1159.36
2026-03-03 21:30:00+00:00,1962.2,1964.75,1960.51,1960.9,341.1
2026-03-03 21:35:00+00:00,1960.88,1966.33,1960.77,1961.77,439.34
2026-03-03 21:40:00+00:00,1961.79,1966.86,1961.78,1964.3,281.6
2026-03-03 21:45:00+00:00,1964.3,1965.25,1961.95,1964.52,286.82
2026-03-03 21:50:00+00:00,1964.54,1969.35,1963.86,1967.9,349.33
2026-03-03 21:55:00+00:00,1967.9,1970.14,1967.09,1967.29,431.07
2026-03-03 22:00:00+00:00,1967.36,1984.44,1967.1,1975.85,1714.94
2026-03-03 22:05:00+00:00,1975.85,1981.48,1974.28,1981.08,1928.66
2026-03-03 22:10:00+00:00,1980.99,1982.5,1978.61,1979.2,561.83
2026-03-03 22:15:00+00:00,1979.62,1980.44,1976.36,1978.67,418.97
2026-03-03 22:20:00+00:00,1978.67,1982.46,1975.61,1978.5,803.54
2026-03-03 22:25:00+00:00,1978.5,1980.72,1978.0,1979.14,224.54
2026-03-03 22:30:00+00:00,1979.16,1980.71,1976.24,1980.04,548.69
2026-03-03 22:35:00+00:00,1980.06,1984.58,1980.0,1981.17,1333.61
2026-03-03 22:40:00+00:00,1981.26,1986.92,1981.26,1985.2,540.68
2026-03-03 22:45:00+00:00,1985.18,1985.83,1980.27,1981.03,275.26
2026-03-03 22:50:00+00:00,1981.05,1984.75,1981.05,1982.89,261.77
2026-03-03 22:55:00+00:00,1982.89,1984.89,1979.12,1982.35,232.67
2026-03-03 23:00:00+00:00,1982.35,1989.68,1980.52,1985.59,477.03
2026-03-03 23:05:00+00:00,1985.55,1991.97,1984.5,1990.85,1065.46
2026-03-03 23:10:00+00:00,1990.85,2000.79,1990.05,1993.81,3860.51
2026-03-03 23:15:00+00:00,1993.81,1995.08,1988.9,1990.42,1308.57
2026-03-03 23:20:00+00:00,1990.44,1992.87,1989.29,1990.01,368.41
2026-03-03 23:25:00+00:00,1989.97,1989.98,1986.24,1987.29,849.97
2026-03-03 23:30:00+00:00,1987.29,1989.8,1984.01,1984.61,555.41
2026-03-03 23:35:00+00:00,1984.62,1987.87,1982.85,1985.31,712.88
2026-03-03 23:40:00+00:00,1985.33,1991.12,1985.31,1986.91,465.86
2026-03-03 23:45:00+00:00,1986.91,1989.0,1984.41,1986.95,341.71
2026-03-03 23:50:00+00:00,1986.93,1987.87,1980.98,1981.79,497.01
2026-03-03 23:55:00+00:00,1981.79,1982.22,1980.04,1981.86,375.19
2026-03-04 00:00:00+00:00,1981.86,1982.19,1978.56,1980.35,807.31
2026-03-04 00:05:00+00:00,1980.35,1982.52,1976.61,1980.68,498.87
2026-03-04 00:10:00+00:00,1980.66,1982.24,1978.07,1979.83,451.24
2026-03-04 00:15:00+00:00,1979.81,1985.94,1979.51,1984.62,693.25
2026-03-04 00:20:00+00:00,1984.59,1984.78,1978.4,1979.02,812.91
2026-03-04 00:25:00+00:00,1979.0,1981.44,1979.0,1979.74,279.98
2026-03-04 00:30:00+00:00,1979.76,1980.51,1967.55,1967.55,1500.51
2026-03-04 00:35:00+00:00,1967.69,1970.57,1961.34,1965.01,2475.24
2026-03-04 00:40:00+00:00,1965.03,1966.86,1961.0,1963.35,1106.09
2026-03-04 00:45:00+00:00,1963.37,1977.79,1963.35,1977.03,1710.03
2026-03-04 00:50:00+00:00,1976.99,1978.78,1975.12,1975.14,914.74
2026-03-04 00:55:00+00:00,1975.05,1978.92,1973.83,1975.75,416.84
2026-03-04 01:00:00+00:00,1975.75,1982.94,1974.85,1981.82,922.51
2026-03-04 01:05:00+00:00,1981.9,1983.0,1972.73,1978.14,1077.49
2026-03-04 01:10:00+00:00,1978.14,1980.4,1975.7,1976.89,799.21
2026-03-04 01:15:00+00:00,1976.77,1979.0,1972.92,1974.72,621.67
2026-03-04 01:20:00+00:00,1974.71,1975.0,1968.8,1971.92,830.45
2026-03-04 01:25:00+00:00,1971.9,1981.55,1969.37,1978.25,694.71
2026-03-04 01:30:00+00:00,1978.25,1988.83,1976.89,1984.59,1308.57
2026-03-04 01:35:00+00:00,1984.51,1992.6,1984.51,1992.27,2225.7
2026-03-04 01:40:00+00:00,1992.26,1997.96,1988.24,1988.99,2202.73
2026-03-04 01:45:00+00:00,1988.99,1989.36,1979.07,1979.69,1398.66
2026-03-04 01:50:00+00:00,1979.66,1984.69,1979.25,1981.74,779.79
2026-03-04 01:55:00+00:00,1981.74,1984.61,1979.6,1980.84,361.59
2026-03-04 02:00:00+00:00,1980.75,1982.0,1976.04,1977.92,1247.23
2026-03-04 02:05:00+00:00,1977.9,1978.64,1972.28,1975.65,1130.06
2026-03-04 02:10:00+00:00,1975.67,1981.71,1975.19,1975.85,914.26
2026-03-04 02:15:00+00:00,1975.87,1978.75,1972.23,1978.57,905.45
2026-03-04 02:20:00+00:00,1978.59,1980.62,1975.05,1975.16,480.71
2026-03-04 02:25:00+00:00,1975.11,1975.24,1970.95,1972.27,1103.86
2026-03-04 02:30:00+00:00,1972.25,1974.5,1968.28,1969.03,1154.62
2026-03-04 02:35:00+00:00,1969.05,1974.86,1968.51,1973.24,771.93
2026-03-04 02:40:00+00:00,1973.16,1975.0,1971.8,1972.34,552.47
2026-03-04 02:45:00+00:00,1972.34,1978.44,1970.72,1977.41,501.07
2026-03-04 02:50:00+00:00,1977.39,1981.7,1977.34,1979.11,604.7
2026-03-04 02:55:00+00:00,1979.11,1979.99,1977.06,1978.16,305.31
2026-03-04 03:00:00+00:00,1978.02,1978.63,1969.04,1970.25,956.27
2026-03-04 03:05:00+00:00,1970.23,1975.0,1969.1,1974.97,710.93
2026-03-04 03:10:00+00:00,1974.97,1977.48,1971.12,1974.91,466.2
2026-03-04 03:15:00+00:00,1974.91,1977.48,1973.29,1976.14,351.39
2026-03-04 03:20:00+00:00,1976.47,1979.43,1971.9,1972.56,572.09
2026-03-04 03:25:00+00:00,1972.6,1973.29,1961.8,1963.47,2088.99
2026-03-04 03:30:00+00:00,1963.47,1965.0,1945.06,1946.66,5534.51
2026-03-04 03:35:00+00:00,1946.66,1955.94,1943.71,1954.68,3808.92
2026-03-04 03:40:00+00:00,1954.74,1956.0,1944.38,1949.87,1804.71
2026-03-04 03:45:00+00:00,1949.89,1956.45,1946.49,1952.85,1609.81
2026-03-04 03:50:00+00:00,1952.85,1954.81,1951.61,1953.54,565.32
2026-03-04 03:55:00+00:00,1953.56,1960.44,1952.92,1959.78,816.65
2026-03-04 04:00:00+00:00,1959.75,1962.79,1951.71,1956.54,1595.56
2026-03-04 04:05:00+00:00,1956.57,1960.08,1955.83,1957.65,670.9
2026-03-04 04:10:00+00:00,1957.68,1963.63,1957.05,1959.34,733.22
2026-03-04 04:15:00+00:00,1959.34,1960.87,1951.94,1954.05,669.88
2026-03-04 04:20:00+00:00,1954.07,1955.11,1950.72,1954.08,732.05
2026-03-04 04:25:00+00:00,1954.06,1955.63,1953.02,1953.02,320.35
2026-03-04 04:30:00+00:00,1953.0,1955.94,1949.34,1954.18,930.4
2026-03-04 04:35:00+00:00,1954.2,1956.35,1950.12,1952.77,627.31
2026-03-04 04:40:00+00:00,1952.79,1957.5,1950.57,1956.62,480.03
2026-03-04 04:45:00+00:00,1956.64,1958.75,1955.0,1958.19,332.39
2026-03-04 04:50:00+00:00,1958.23,1960.26,1955.95,1959.49,923.4
2026-03-04 04:55:00+00:00,1959.5,1961.86,1958.44,1959.19,1027.07
2026-03-04 05:00:00+00:00,1959.14,1960.81,1955.68,1959.26,627.35
2026-03-04 05:05:00+00:00,1959.26,1962.35,1957.5,1960.41,713.86
2026-03-04 05:10:00+00:00,1960.5,1961.4,1958.6,1961.13,783.35
2026-03-04 05:15:00+00:00,1961.23,1964.5,1959.72,1963.69,910.83
2026-03-04 05:20:00+00:00,1963.69,1964.38,1959.07,1960.12,428.79
2026-03-04 05:25:00+00:00,1960.19,1961.5,1954.65,1959.01,1094.17
2026-03-04 05:30:00+00:00,1959.01,1961.95,1957.44,1957.78,454.78
2026-03-04 05:35:00+00:00,1957.78,1967.2,1956.36,1964.47,794.55
2026-03-04 05:40:00+00:00,1964.49,1976.24,1964.42,1971.48,2329.02
2026-03-04 05:45:00+00:00,1971.48,1974.8,1968.24,1969.66,1117.46
2026-03-04 05:50:00+00:00,1969.68,1974.87,1968.54,1974.12,729.53
2026-03-04 05:55:00+00:00,1974.14,1974.18,1969.25,1970.11,795.76
2026-03-04 06:00:00+00:00,1970.11,1970.84,1966.61,1968.5,1013.62
2026-03-04 06:05:00+00:00,1969.0,1970.38,1965.95,1968.16,668.92
2026-03-04 06:10:00+00:00,1968.17,1968.18,1963.61,1965.2,506.67
2026-03-04 06:15:00+00:00,1965.2,1966.0,1962.2,1964.63,474.58
2026-03-04 06:20:00+00:00,1964.65,1966.15,1962.05,1966.15,422.5
2026-03-04 06:25:00+00:00,1966.18,1966.89,1964.32,1966.22,492.11
2026-03-04 06:30:00+00:00,1966.22,1978.18,1966.19,1977.81,1037.4
2026-03-04 06:35:00+00:00,1977.8,1983.11,1976.36,1982.35,2050.94
2026-03-04 06:40:00+00:00,1982.33,1984.91,1979.37,1984.91,1608.77
2026-03-04 06:45:00+00:00,1984.95,1985.66,1978.42,1981.18,2024.88
2026-03-04 06:50:00+00:00,1981.05,1981.33,1977.21,1979.01,1157.34
2026-03-04 06:55:00+00:00,1979.01,1979.5,1977.36,1979.27,559.89
2026-03-04 07:00:00+00:00,1979.28,1981.24,1975.78,1976.05,1324.89
2026-03-04 07:05:00+00:00,1976.05,1978.18,1974.0,1977.13,1366.11
2026-03-04 07:10:00+00:00,1977.04,1977.04,1974.0,1974.45,411.49
2026-03-04 07:15:00+00:00,1974.45,1976.35,1973.8,1974.6,358.21
2026-03-04 07:20:00+00:00,1974.6,1981.95,1973.62,1980.33,891.44
2026-03-04 07:25:00+00:00,1980.31,1984.75,1979.02,1984.74,690.48
2026-03-04 07:30:00+00:00,1984.74,1988.42,1983.4,1987.41,1897.51
2026-03-04 07:35:00+00:00,1987.33,1988.05,1984.17,1987.5,1787.79
2026-03-04 07:40:00+00:00,1987.71,1993.33,1987.23,1992.26,2401.97
2026-03-04 07:45:00+00:00,1992.18,2009.24,1989.0,2004.84,5411.31
2026-03-04 07:50:00+00:00,2004.84,2006.26,1999.63,1999.8,3104.75
2026-03-04 07:55:00+00:00,1999.82,2006.43,1997.59,2005.6,2196.6
2026-03-04 08:00:00+00:00,2005.6,2018.84,2003.21,2005.14,5836.36
2026-03-04 08:05:00+00:00,2005.07,2017.47,2003.68,2015.8,2643.02
2026-03-04 08:10:00+00:00,2015.78,2016.31,2006.8,2009.19,2038.27
2026-03-04 08:15:00+00:00,2009.15,2009.57,2003.17,2004.55,1719.71
2026-03-04 08:20:00+00:00,2004.57,2008.47,1999.62,2003.46,2076.87
2026-03-04 08:25:00+00:00,2003.46,2006.31,2002.88,2004.8,816.4
2026-03-04 08:30:00+00:00,2004.82,2013.0,2004.43,2011.63,1380.99
2026-03-04 08:35:00+00:00,2011.61,2012.97,2010.11,2011.29,737.24
2026-03-04 08:40:00+00:00,2011.27,2029.93,2011.15,2029.85,4700.49
2026-03-04 08:45:00+00:00,2029.61,2050.62,2029.52,2049.02,9446.78
2026-03-04 08:50:00+00:00,2048.93,2052.34,2042.32,2046.02,5284.15
2026-03-04 08:55:00+00:00,2046.03,2066.0,2046.03,2063.18,7622.54
2026-03-04 09:00:00+00:00,2063.07,2067.73,2054.5,2058.08,5901.64
2026-03-04 09:05:00+00:00,2058.05,2073.85,2057.34,2064.95,5627.22
2026-03-04 09:10:00+00:00,2064.96,2069.53,2062.47,2067.92,2591.71
2026-03-04 09:15:00+00:00,2067.94,2079.21,2067.55,2069.22,5558.5
2026-03-04 09:20:00+00:00,2069.2,2077.8,2066.08,2071.81,4458.55
2026-03-04 09:25:00+00:00,2071.81,2077.6,2070.0,2075.22,2411.84
2026-03-04 09:30:00+00:00,2075.24,2082.38,2070.63,2077.24,4199.65
2026-03-04 09:35:00+00:00,2077.1,2085.86,2075.36,2080.53,5281.81
2026-03-04 09:40:00+00:00,2080.53,2087.34,2079.7,2083.17,2247.83
2026-03-04 09:45:00+00:00,2083.19,2085.0,2079.08,2084.03,1837.91
2026-03-04 09:50:00+00:00,2084.01,2088.98,2072.28,2073.06,4246.81
2026-03-04 09:55:00+00:00,2072.99,2075.34,2070.56,2074.47,2661.28
2026-03-04 10:00:00+00:00,2074.45,2082.21,2074.42,2078.29,2940.87
2026-03-04 10:05:00+00:00,2078.28,2092.05,2073.2,2087.32,3525.49
2026-03-04 10:10:00+00:00,2087.17,2088.74,2081.59,2083.92,2707.91
2026-03-04 10:15:00+00:00,2083.85,2084.99,2077.76,2079.51,3267.05
2026-03-04 10:20:00+00:00,2079.49,2083.08,2075.0,2076.45,1357.66
2026-03-04 10:25:00+00:00,2076.49,2080.26,2075.16,2079.27,1211.08
2026-03-04 10:30:00+00:00,2079.19,2080.51,2073.67,2074.07,1075.18
2026-03-04 10:35:00+00:00,2074.23,2076.89,2071.84,2073.2,1380.54
2026-03-04 10:40:00+00:00,2073.21,2076.24,2072.95,2073.45,1018.68
2026-03-04 10:45:00+00:00,2073.47,2074.38,2066.44,2068.44,2543.86
2026-03-04 10:50:00+00:00,2068.42,2075.17,2068.42,2070.27,1853.26
2026-03-04 10:55:00+00:00,2070.3,2071.83,2068.88,2071.48,784.5
2026-03-04 11:00:00+00:00,2071.7,2074.67,2067.83,2071.41,1963.31
2026-03-04 11:05:00+00:00,2071.39,2072.39,2065.57,2066.4,1364.08
2026-03-04 11:10:00+00:00,2066.41,2075.51,2066.41,2074.2,1620.25
2026-03-04 11:15:00+00:00,2074.3,2075.23,2072.58,2075.02,1009.08
2026-03-04 11:20:00+00:00,2075.3,2077.71,2068.89,2069.75,1064.49
2026-03-04 11:25:00+00:00,2069.75,2070.19,2065.39,2067.2,1202.57
2026-03-04 11:30:00+00:00,2067.18,2069.15,2057.35,2062.07,2347.55
2026-03-04 11:35:00+00:00,2062.09,2062.58,2048.5,2053.57,5949.2
2026-03-04 11:40:00+00:00,2053.65,2055.84,2046.0,2053.08,2893.66
2026-03-04 11:45:00+00:00,2052.64,2053.3,2049.89,2051.5,1037.84
2026-03-04 11:50:00+00:00,2051.48,2056.9,2050.0,2056.81,1404.18
2026-03-04 11:55:00+00:00,2056.87,2057.92,2052.64,2054.05,780.33
2026-03-04 12:00:00+00:00,2054.06,2057.92,2051.05,2051.97,824.79
2026-03-04 12:05:00+00:00,2051.97,2055.0,2047.0,2047.51,1967.62
2026-03-04 12:10:00+00:00,2047.51,2051.67,2047.5,2049.86,1134.48
2026-03-04 12:15:00+00:00,2049.88,2050.27,2041.55,2044.89,2486.28
2026-03-04 12:20:00+00:00,2044.87,2045.43,2039.32,2040.74,1350.53
2026-03-04 12:25:00+00:00,2040.76,2045.39,2038.76,2040.38,1528.64
2026-03-04 12:30:00+00:00,2040.31,2043.92,2035.59,2043.22,2286.43
2026-03-04 12:35:00+00:00,2043.25,2050.31,2038.27,2049.64,1747.08
2026-03-04 12:40:00+00:00,2049.41,2052.24,2047.76,2049.5,2294.5
2026-03-04 12:45:00+00:00,2049.48,2051.56,2046.88,2051.22,829.27
2026-03-04 12:50:00+00:00,2051.08,2052.0,2046.93,2048.36,1311.32
2026-03-04 12:55:00+00:00,2048.36,2053.97,2047.29,2053.46,2312.83
2026-03-04 13:00:00+00:00,2053.51,2057.7,2052.4,2055.01,1962.15
2026-03-04 13:05:00+00:00,2055.0,2067.55,2054.2,2065.02,4027.77
2026-03-04 13:10:00+00:00,2065.13,2067.27,2057.31,2058.69,2190.76
2026-03-04 13:15:00+00:00,2058.72,2062.51,2056.28,2057.77,1367.48
2026-03-04 13:20:00+00:00,2057.79,2059.57,2054.59,2057.0,1902.55
2026-03-04 13:25:00+00:00,2057.0,2062.29,2056.42,2058.94,1517.23
2026-03-04 13:30:00+00:00,2058.93,2062.0,2055.06,2059.29,1289.33
2026-03-04 13:35:00+00:00,2059.11,2061.02,2055.58,2060.73,1139.0
2026-03-04 13:40:00+00:00,2060.8,2064.71,2060.34,2062.65,1841.72
2026-03-04 13:45:00+00:00,2062.67,2066.56,2061.01,2062.72,1723.41
2026-03-04 13:50:00+00:00,2062.7,2063.53,2060.24,2062.0,747.93
2026-03-04 13:55:00+00:00,2062.02,2065.64,2060.71,2063.41,1879.28
2026-03-04 14:00:00+00:00,2063.43,2067.0,2061.85,2064.01,810.6
2026-03-04 14:05:00+00:00,2063.93,2076.43,2062.01,2068.48,3933.2
2026-03-04 14:10:00+00:00,2068.46,2075.15,2067.84,2073.88,1393.29
2026-03-04 14:15:00+00:00,2073.9,2081.92,2068.51,2072.3,6109.96
2026-03-04 14:20:00+00:00,2072.3,2072.61,2069.0,2069.58,1503.22
2026-03-04 14:25:00+00:00,2069.58,2079.05,2069.11,2077.67,2341.72
2026-03-04 14:30:00+00:00,2077.68,2109.0,2076.18,2105.89,14665.56
2026-03-04 14:35:00+00:00,2106.11,2106.54,2073.28,2083.44,10118.24
2026-03-04 14:40:00+00:00,2083.43,2086.0,2065.55,2065.99,5390.26
2026-03-04 14:45:00+00:00,2065.91,2077.22,2064.32,2077.01,6020.87
2026-03-04 14:50:00+00:00,2076.98,2083.76,2072.95,2080.77,4202.44
2026-03-04 14:55:00+00:00,2080.8,2082.96,2075.03,2078.95,1711.76
2026-03-04 15:00:00+00:00,2078.94,2097.76,2078.44,2082.56,7627.27
2026-03-04 15:05:00+00:00,2082.73,2096.37,2081.05,2091.95,4389.37
2026-03-04 15:10:00+00:00,2091.95,2096.42,2086.07,2088.74,2322.18
2026-03-04 15:15:00+00:00,2088.44,2103.48,2087.58,2102.95,2296.84
2026-03-04 15:20:00+00:00,2102.92,2106.16,2096.67,2099.36,3697.45
2026-03-04 15:25:00+00:00,2099.33,2141.0,2099.15,2139.37,11286.44
2026-03-04 15:30:00+00:00,2139.22,2142.0,2124.1,2127.64,11344.89
2026-03-04 15:35:00+00:00,2127.15,2135.92,2122.33,2125.27,5009.4
2026-03-04 15:40:00+00:00,2125.24,2130.0,2123.12,2126.25,2149.74
2026-03-04 15:45:00+00:00,2126.51,2135.91,2125.42,2131.67,3075.27
2026-03-04 15:50:00+00:00,2131.67,2140.48,2130.81,2136.68,2450.73
2026-03-04 15:55:00+00:00,2136.67,2156.7,2134.32,2149.28,11742.12
2026-03-04 16:00:00+00:00,2149.19,2165.5,2138.86,2146.96,9166.41
2026-03-04 16:05:00+00:00,2147.38,2152.87,2140.27,2140.77,4932.13
2026-03-04 16:10:00+00:00,2140.77,2144.03,2132.82,2134.4,4556.31
2026-03-04 16:15:00+00:00,2134.73,2143.02,2134.36,2137.99,3792.16
2026-03-04 16:20:00+00:00,2137.93,2140.0,2127.94,2132.36,3757.36
2026-03-04 16:25:00+00:00,2132.28,2146.9,2130.9,2142.9,3210.97
2026-03-04 16:30:00+00:00,2142.92,2148.02,2140.7,2146.33,1955.39
2026-03-04 16:35:00+00:00,2146.53,2149.18,2142.2,2146.09,1383.02
2026-03-04 16:40:00+00:00,2146.09,2151.53,2145.22,2145.22,1451.06
2026-03-04 16:45:00+00:00,2145.22,2148.8,2142.28,2148.11,996.85
2026-03-04 16:50:00+00:00,2148.0,2148.92,2143.12,2145.89,801.41
2026-03-04 16:55:00+00:00,2145.89,2147.69,2138.87,2141.25,805.16
2026-03-04 17:00:00+00:00,2141.22,2149.36,2137.5,2148.7,1343.37
2026-03-04 17:05:00+00:00,2148.6,2149.05,2141.36,2145.06,1095.92
2026-03-04 17:10:00+00:00,2145.27,2154.66,2145.12,2147.58,1454.67
2026-03-04 17:15:00+00:00,2147.66,2152.59,2138.98,2138.98,1821.52
2026-03-04 17:20:00+00:00,2138.92,2139.09,2129.74,2131.66,3252.64
2026-03-04 17:25:00+00:00,2131.79,2135.58,2131.03,2134.62,1513.5
2026-03-04 17:30:00+00:00,2134.58,2141.32,2134.43,2137.7,1488.32
2026-03-04 17:35:00+00:00,2137.76,2145.54,2137.03,2144.21,1377.73
2026-03-04 17:40:00+00:00,2143.98,2147.36,2142.52,2143.7,1398.79
2026-03-04 17:45:00+00:00,2143.61,2151.98,2143.32,2150.71,1213.89
2026-03-04 17:50:00+00:00,2150.73,2155.43,2145.09,2149.01,2245.37
2026-03-04 17:55:00+00:00,2148.99,2149.82,2144.67,2144.79,1080.77
2026-03-04 18:00:00+00:00,2144.87,2148.94,2143.89,2148.52,733.84
2026-03-04 18:05:00+00:00,2148.54,2153.01,2147.02,2149.54,903.91
2026-03-04 18:10:00+00:00,2149.31,2149.4,2136.41,2140.8,1995.28
2026-03-04 18:15:00+00:00,2140.8,2151.33,2140.05,2150.58,1391.78
2026-03-04 18:20:00+00:00,2150.58,2153.43,2149.5,2150.94,1541.02
2026-03-04 18:25:00+00:00,2150.92,2155.0,2150.85,2153.58,775.06
2026-03-04 18:30:00+00:00,2153.6,2158.25,2145.0,2147.36,2542.73
2026-03-04 18:35:00+00:00,2147.37,2149.19,2144.2,2146.99,659.97
2026-03-04 18:40:00+00:00,2147.0,2153.29,2146.99,2152.55,956.57
2026-03-04 18:45:00+00:00,2152.55,2159.94,2150.86,2158.0,1487.79
2026-03-04 18:50:00+00:00,2158.0,2163.24,2156.58,2159.8,1908.29
2026-03-04 18:55:00+00:00,2159.75,2162.0,2155.98,2162.0,767.54
2026-03-04 19:00:00+00:00,2161.99,2172.87,2159.88,2168.48,5466.17
2026-03-04 19:05:00+00:00,2168.5,2176.97,2167.43,2171.15,3703.52
2026-03-04 19:10:00+00:00,2171.15,2185.72,2170.79,2180.76,4446.22
2026-03-04 19:15:00+00:00,2180.85,2198.63,2176.25,2197.08,3957.31
2026-03-04 19:20:00+00:00,2196.88,2198.28,2179.01,2179.3,7459.16
2026-03-04 19:25:00+00:00,2179.42,2180.36,2173.83,2174.37,2500.08
2026-03-04 19:30:00+00:00,2174.49,2178.54,2170.29,2172.24,1498.26
2026-03-04 19:35:00+00:00,2172.24,2183.24,2170.01,2182.0,1354.29
2026-03-04 19:40:00+00:00,2181.98,2186.88,2179.09,2180.3,1241.24
2026-03-04 19:45:00+00:00,2180.48,2181.39,2177.84,2180.02,764.37
2026-03-04 19:50:00+00:00,2180.08,2184.33,2174.72,2182.92,1032.57
2026-03-04 19:55:00+00:00,2182.82,2183.38,2176.46,2176.57,732.81
2026-03-04 20:00:00+00:00,2176.55,2178.83,2172.88,2176.7,1467.02
2026-03-04 20:05:00+00:00,2176.77,2177.65,2162.51,2163.86,1905.13
2026-03-04 20:10:00+00:00,2163.92,2168.6,2162.96,2167.45,1080.84
2026-03-04 20:15:00+00:00,2167.43,2176.4,2167.43,2169.36,1116.64
2026-03-04 20:20:00+00:00,2169.25,2171.39,2164.25,2169.02,844.37
2026-03-04 20:25:00+00:00,2169.21,2172.4,2167.53,2170.81,603.15
2026-03-04 20:30:00+00:00,2170.59,2171.52,2164.68,2170.56,651.06
2026-03-04 20:35:00+00:00,2170.6,2174.6,2167.57,2168.35,651.71
2026-03-04 20:40:00+00:00,2168.33,2172.5,2167.79,2171.81,338.64
2026-03-04 20:45:00+00:00,2171.76,2172.97,2168.68,2170.37,338.11
2026-03-04 20:50:00+00:00,2170.34,2170.34,2157.59,2159.17,1973.03
2026-03-04 20:55:00+00:00,2158.81,2159.01,2149.26,2149.26,1645.02
2026-03-04 21:00:00+00:00,2149.21,2154.06,2148.51,2152.11,2348.41
2026-03-04 21:05:00+00:00,2152.07,2153.36,2143.78,2145.23,1404.9
2026-03-04 21:10:00+00:00,2145.23,2146.76,2141.4,2144.45,1336.6
2026-03-04 21:15:00+00:00,2144.45,2145.81,2141.24,2145.16,603.5
2026-03-04 21:20:00+00:00,2145.1,2148.01,2143.21,2145.57,587.77
2026-03-04 21:25:00+00:00,2145.59,2148.8,2145.56,2147.39,474.88
2026-03-04 21:30:00+00:00,2147.38,2149.09,2144.98,2146.83,289.37
2026-03-04 21:35:00+00:00,2146.83,2154.99,2145.07,2152.98,1383.96
2026-03-04 21:40:00+00:00,2153.0,2153.0,2147.98,2148.01,650.16
2026-03-04 21:45:00+00:00,2147.99,2149.88,2147.51,2148.08,312.17
2026-03-04 21:50:00+00:00,2148.06,2151.22,2146.62,2146.62,260.53
2026-03-04 21:55:00+00:00,2146.63,2149.33,2144.94,2148.84,845.53
2026-03-04 22:00:00+00:00,2148.84,2158.73,2148.84,2156.95,1056.3
2026-03-04 22:05:00+00:00,2156.93,2161.78,2156.51,2161.66,788.53
2026-03-04 22:10:00+00:00,2161.64,2163.09,2156.07,2156.23,759.16
2026-03-04 22:15:00+00:00,2156.25,2157.37,2154.06,2155.29,548.82
2026-03-04 22:20:00+00:00,2155.29,2158.78,2154.23,2155.71,288.45
2026-03-04 22:25:00+00:00,2155.71,2156.13,2151.64,2151.68,351.73
2026-03-04 22:30:00+00:00,2151.66,2153.92,2148.44,2148.85,599.49
2026-03-04 22:35:00+00:00,2148.85,2148.85,2142.16,2144.4,1389.03
2026-03-04 22:40:00+00:00,2144.26,2144.74,2134.49,2135.64,2177.4
2026-03-04 22:45:00+00:00,2135.71,2135.81,2128.38,2134.61,1980.13
2026-03-04 22:50:00+00:00,2134.63,2134.78,2127.19,2129.02,1211.49
2026-03-04 22:55:00+00:00,2128.99,2132.9,2126.01,2131.0,1601.39
2026-03-04 23:00:00+00:00,2130.98,2134.0,2127.61,2131.1,1158.56
2026-03-04 23:05:00+00:00,2131.08,2135.7,2131.08,2131.85,731.41
2026-03-04 23:10:00+00:00,2131.83,2132.7,2130.27,2131.34,824.72
2026-03-04 23:15:00+00:00,2131.32,2134.8,2129.29,2129.31,1434.11
2026-03-04 23:20:00+00:00,2128.95,2128.95,2122.38,2126.93,1891.93
2026-03-04 23:25:00+00:00,2126.92,2127.75,2123.67,2124.37,643.1
2026-03-04 23:30:00+00:00,2124.37,2124.9,2115.14,2116.95,2568.15
2026-03-04 23:35:00+00:00,2116.95,2130.77,2115.97,2128.67,3207.47
2026-03-04 23:40:00+00:00,2128.65,2131.08,2125.84,2130.29,782.16
2026-03-04 23:45:00+00:00,2130.32,2132.64,2126.86,2127.14,540.25
2026-03-04 23:50:00+00:00,2127.12,2127.58,2122.6,2124.74,1455.19
2026-03-04 23:55:00+00:00,2124.74,2128.83,2122.6,2126.14,600.72
2026-03-05 00:00:00+00:00,2126.05,2129.5,2124.41,2125.09,588.42
2026-03-05 00:05:00+00:00,2125.09,2127.97,2121.92,2122.69,436.2
2026-03-05 00:10:00+00:00,2122.79,2126.42,2120.4,2125.49,696.38
2026-03-05 00:15:00+00:00,2125.47,2132.5,2125.25,2131.03,969.5
2026-03-05 00:20:00+00:00,2130.95,2133.72,2127.63,2131.0,739.26
2026-03-05 00:25:00+00:00,2130.99,2131.0,2121.72,2125.97,851.32
2026-03-05 00:30:00+00:00,2125.97,2126.73,2123.29,2126.42,724.8
2026-03-05 00:35:00+00:00,2126.48,2129.93,2123.84,2125.51,616.51
2026-03-05 00:40:00+00:00,2125.45,2133.21,2125.37,2130.07,604.26
2026-03-05 00:45:00+00:00,2130.07,2134.39,2127.67,2131.91,820.89
2026-03-05 00:50:00+00:00,2132.26,2133.62,2125.8,2127.27,473.46
2026-03-05 00:55:00+00:00,2127.25,2129.96,2127.02,2127.08,425.42
2026-03-05 01:00:00+00:00,2127.06,2128.05,2123.04,2126.43,433.88
2026-03-05 01:05:00+00:00,2126.54,2136.92,2126.39,2136.51,770.15
2026-03-05 01:10:00+00:00,2136.6,2140.18,2131.76,2135.78,1791.4
2026-03-05 01:15:00+00:00,2135.76,2137.76,2127.61,2128.09,846.56
2026-03-05 01:20:00+00:00,2128.08,2128.93,2118.99,2123.11,1980.64
2026-03-05 01:25:00+00:00,2123.09,2128.41,2122.54,2126.41,567.62
2026-03-05 01:30:00+00:00,2126.34,2127.07,2120.24,2123.0,487.69
2026-03-05 01:35:00+00:00,2122.98,2124.85,2120.4,2121.2,363.55
2026-03-05 01:40:00+00:00,2121.2,2122.55,2109.02,2112.87,2714.74
2026-03-05 01:45:00+00:00,2112.87,2115.76,2109.4,2110.32,1021.02
2026-03-05 01:50:00+00:00,2110.36,2113.8,2107.07,2111.18,2175.3
2026-03-05 01:55:00+00:00,2111.19,2112.94,2106.57,2112.73,869.37
2026-03-05 02:00:00+00:00,2112.73,2121.0,2112.0,2119.25,1270.61
2026-03-05 02:05:00+00:00,2119.25,2130.32,2118.24,2128.09,3545.44
2026-03-05 02:10:00+00:00,2128.32,2131.97,2124.41,2130.21,1497.85
2026-03-05 02:15:00+00:00,2130.22,2133.24,2126.5,2126.5,1005.32
2026-03-05 02:20:00+00:00,2126.44,2129.01,2125.0,2125.84,405.27
2026-03-05 02:25:00+00:00,2125.83,2125.97,2123.3,2125.54,440.98
2026-03-05 02:30:00+00:00,2125.54,2125.73,2116.75,2118.91,1031.95
2026-03-05 02:35:00+00:00,2118.93,2121.47,2116.8,2117.9,454.09
2026-03-05 02:40:00+00:00,2117.91,2118.8,2114.6,2115.54,514.12
2026-03-05 02:45:00+00:00,2115.57,2122.5,2115.18,2120.83,596.36
2026-03-05 02:50:00+00:00,2120.9,2123.55,2118.04,2118.23,473.85
2026-03-05 02:55:00+00:00,2118.25,2121.9,2116.5,2120.97,433.96
2026-03-05 03:00:00+00:00,2120.98,2123.7,2120.0,2122.42,383.94
2026-03-05 03:05:00+00:00,2122.41,2125.13,2120.15,2120.87,759.74
2026-03-05 03:10:00+00:00,2120.85,2121.14,2116.93,2119.03,388.49
2026-03-05 03:15:00+00:00,2119.02,2121.65,2115.15,2115.15,455.17
2026-03-05 03:20:00+00:00,2115.17,2118.31,2114.6,2115.35,602.69
2026-03-05 03:25:00+00:00,2115.35,2117.44,2111.41,2112.92,735.01
2026-03-05 03:30:00+00:00,2112.94,2113.24,2109.35,2110.0,873.26
2026-03-05 03:35:00+00:00,2110.0,2114.68,2108.3,2111.54,590.71
2026-03-05 03:40:00+00:00,2111.58,2113.82,2107.48,2107.92,650.01
2026-03-05 03:45:00+00:00,2107.91,2112.3,2106.81,2111.54,576.19
2026-03-05 03:50:00+00:00,2111.54,2114.21,2110.63,2114.21,424.82
2026-03-05 03:55:00+00:00,2114.22,2121.44,2114.22,2119.08,1379.33
2026-03-05 04:00:00+00:00,2119.06,2120.76,2117.48,2120.76,644.35
2026-03-05 04:05:00+00:00,2120.56,2127.24,2120.47,2123.24,920.82
2026-03-05 04:10:00+00:00,2123.26,2128.28,2123.02,2124.98,911.96
2026-03-05 04:15:00+00:00,2125.0,2126.58,2120.84,2126.57,506.1
2026-03-05 04:20:00+00:00,2126.58,2132.61,2124.51,2129.15,995.7
2026-03-05 04:25:00+00:00,2129.02,2134.21,2128.83,2133.24,1275.26
2026-03-05 04:30:00+00:00,2133.23,2135.56,2129.08,2129.08,860.85
2026-03-05 04:35:00+00:00,2129.2,2132.68,2126.08,2130.35,663.42
2026-03-05 04:40:00+00:00,2130.35,2139.25,2129.62,2138.0,1160.79
2026-03-05 04:45:00+00:00,2138.0,2143.4,2133.18,2134.0,2248.02
2026-03-05 04:50:00+00:00,2134.0,2135.08,2128.35,2129.56,1043.69
2026-03-05 04:55:00+00:00,2129.54,2140.3,2127.07,2136.22,1767.19
2026-03-05 05:00:00+00:00,2136.23,2138.39,2133.78,2134.4,521.49
2026-03-05 05:05:00+00:00,2134.42,2135.81,2132.13,2135.62,471.23
2026-03-05 05:10:00+00:00,2135.5,2135.95,2134.1,2135.88,361.53
2026-03-05 05:15:00+00:00,2135.88,2136.05,2130.2,2130.49,434.28
2026-03-05 05:20:00+00:00,2130.51,2130.61,2119.34,2120.84,1098.16
2026-03-05 05:25:00+00:00,2120.84,2121.88,2115.76,2118.53,1867.13
2026-03-05 05:30:00+00:00,2118.54,2122.09,2116.94,2119.88,834.89
2026-03-05 05:35:00+00:00,2119.91,2122.82,2114.28,2115.14,1264.06
2026-03-05 05:40:00+00:00,2115.13,2116.89,2112.7,2116.18,744.85
2026-03-05 05:45:00+00:00,2116.26,2118.0,2114.73,2115.34,476.69
2026-03-05 05:50:00+00:00,2115.36,2119.6,2114.21,2117.76,586.23
2026-03-05 05:55:00+00:00,2117.75,2119.33,2114.23,2118.65,478.13
2026-03-05 06:00:00+00:00,2118.65,2121.9,2113.22,2121.9,1099.09
2026-03-05 06:05:00+00:00,2121.88,2121.91,2110.27,2111.11,946.86
2026-03-05 06:10:00+00:00,2111.12,2114.66,2109.01,2113.33,1079.67
2026-03-05 06:15:00+00:00,2113.35,2120.33,2111.05,2119.88,726.39
2026-03-05 06:20:00+00:00,2119.9,2126.0,2118.97,2123.14,1382.35
2026-03-05 06:25:00+00:00,2123.14,2123.32,2118.19,2120.04,692.47
2026-03-05 06:30:00+00:00,2120.02,2120.78,2115.0,2119.3,756.22
2026-03-05 06:35:00+00:00,2119.31,2123.59,2116.83,2123.57,464.92
2026-03-05 06:40:00+00:00,2123.43,2123.43,2120.08,2121.53,486.7
2026-03-05 06:45:00+00:00,2121.61,2127.12,2119.6,2126.51,812.29
2026-03-05 06:50:00+00:00,2126.49,2129.86,2126.11,2127.41,1139.97
2026-03-05 06:55:00+00:00,2127.41,2128.91,2125.97,2127.23,349.65
2026-03-05 07:00:00+00:00,2127.21,2131.66,2124.27,2124.37,1012.52
2026-03-05 07:05:00+00:00,2124.29,2126.0,2123.38,2124.77,495.81
2026-03-05 07:10:00+00:00,2124.77,2130.35,2124.52,2128.42,589.96
2026-03-05 07:15:00+00:00,2128.42,2129.52,2125.91,2127.3,330.99
2026-03-05 07:20:00+00:00,2127.16,2129.21,2124.86,2129.08,312.64
2026-03-05 07:25:00+00:00,2129.1,2129.6,2125.35,2125.35,412.29
2026-03-05 07:30:00+00:00,2125.37,2125.49,2118.86,2118.9,850.65
2026-03-05 07:35:00+00:00,2118.92,2119.68,2115.11,2117.95,919.03
2026-03-05 07:40:00+00:00,2117.95,2118.72,2115.6,2117.36,501.05
2026-03-05 07:45:00+00:00,2117.36,2117.86,2113.62,2116.0,648.0
2026-03-05 07:50:00+00:00,2116.0,2116.0,2095.03,2095.45,6261.61
2026-03-05 07:55:00+00:00,2095.43,2105.0,2095.0,2104.08,2763.45
2026-03-05 08:00:00+00:00,2104.08,2104.74,2097.11,2097.92,1843.33
2026-03-05 08:05:00+00:00,2097.9,2101.26,2092.57,2098.57,1591.04
2026-03-05 08:10:00+00:00,2098.57,2100.28,2096.0,2096.76,1130.76
2026-03-05 08:15:00+00:00,2096.76,2102.11,2095.98,2097.06,1034.91
2026-03-05 08:20:00+00:00,2097.02,2102.1,2096.64,2098.96,1105.85
2026-03-05 08:25:00+00:00,2098.96,2099.88,2092.86,2095.81,971.6
2026-03-05 08:30:00+00:00,2095.79,2108.2,2094.77,2104.1,2140.34
2026-03-05 08:35:00+00:00,2104.08,2105.62,2102.12,2102.5,921.74
2026-03-05 08:40:00+00:00,2102.49,2114.27,2098.22,2112.89,1146.47
2026-03-05 08:45:00+00:00,2112.93,2113.71,2108.2,2112.32,1919.82
2026-03-05 08:50:00+00:00,2112.28,2114.72,2109.04,2113.06,1151.63
2026-03-05 08:55:00+00:00,2113.04,2117.44,2112.8,2116.68,1059.77
2026-03-05 09:00:00+00:00,2116.7,2123.38,2115.54,2123.35,2366.69
2026-03-05 09:05:00+00:00,2123.42,2128.47,2120.21,2126.0,3882.09
2026-03-05 09:10:00+00:00,2126.0,2132.1,2125.44,2126.53,2583.47
2026-03-05 09:15:00+00:00,2126.56,2128.3,2123.22,2125.15,1749.51
2026-03-05 09:20:00+00:00,2125.12,2132.89,2122.94,2128.35,1494.18
2026-03-05 09:25:00+00:00,2128.35,2132.41,2125.15,2127.98,1297.07
2026-03-05 09:30:00+00:00,2127.99,2130.17,2125.48,2129.5,1592.74
2026-03-05 09:35:00+00:00,2129.5,2137.01,2123.53,2124.17,3382.76
2026-03-05 09:40:00+00:00,2124.17,2126.43,2124.06,2124.95,788.82
2026-03-05 09:45:00+00:00,2124.95,2126.53,2121.94,2125.91,611.84
2026-03-05 09:50:00+00:00,2125.89,2127.0,2121.12,2122.09,658.97
2026-03-05 09:55:00+00:00,2122.09,2125.63,2122.04,2124.59,353.85
2026-03-05 10:00:00+00:00,2124.59,2125.06,2121.0,2121.03,517.19
2026-03-05 10:05:00+00:00,2121.06,2125.85,2119.27,2124.18,1187.66
2026-03-05 10:10:00+00:00,2124.15,2127.14,2124.15,2127.04,639.26
2026-03-05 10:15:00+00:00,2127.04,2131.12,2125.0,2130.48,731.07
2026-03-05 10:20:00+00:00,2130.47,2135.77,2128.98,2134.02,1207.19
2026-03-05 10:25:00+00:00,2134.05,2147.25,2133.2,2142.32,4374.21
2026-03-05 10:30:00+00:00,2142.33,2159.27,2141.6,2158.99,4427.71
2026-03-05 10:35:00+00:00,2159.2,2159.51,2149.1,2149.99,2780.42
2026-03-05 10:40:00+00:00,2150.0,2153.43,2147.44,2151.24,1786.11
2026-03-05 10:45:00+00:00,2151.26,2154.8,2148.58,2153.5,1129.9
2026-03-05 10:50:00+00:00,2153.48,2161.79,2153.1,2157.15,2278.88
2026-03-05 10:55:00+00:00,2157.13,2163.07,2154.0,2155.05,2043.02
2026-03-05 11:00:00+00:00,2155.05,2158.32,2150.0,2150.75,1558.53
2026-03-05 11:05:00+00:00,2150.65,2151.45,2144.37,2148.87,2884.55
2026-03-05 11:10:00+00:00,2148.89,2150.96,2145.38,2150.0,926.45
2026-03-05 11:15:00+00:00,2149.99,2150.75,2145.38,2146.02,595.47
2026-03-05 11:20:00+00:00,2146.02,2147.85,2141.0,2141.4,983.47
2026-03-05 11:25:00+00:00,2141.38,2149.0,2141.38,2147.4,1193.96
2026-03-05 11:30:00+00:00,2147.35,2147.35,2142.64,2145.7,682.66
2026-03-05 11:35:00+00:00,2145.7,2146.95,2134.29,2134.32,1202.09
2026-03-05 11:40:00+00:00,2134.39,2136.0,2132.83,2133.07,1797.4
2026-03-05 11:45:00+00:00,2133.07,2137.78,2132.78,2136.65,1136.18
2026-03-05 11:50:00+00:00,2136.65,2138.36,2134.62,2136.24,744.65
2026-03-05 11:55:00+00:00,2136.26,2137.95,2135.76,2136.89,596.5
2026-03-05 12:00:00+00:00,2136.87,2137.69,2125.6,2130.32,2205.17
2026-03-05 12:05:00+00:00,2130.28,2135.88,2127.94,2134.8,2070.99
2026-03-05 12:10:00+00:00,2134.78,2135.07,2131.49,2132.82,643.49
2026-03-05 12:15:00+00:00,2132.84,2132.86,2122.28,2130.94,2808.1
2026-03-05 12:20:00+00:00,2130.9,2134.55,2129.55,2130.56,1342.43
2026-03-05 12:25:00+00:00,2130.54,2131.98,2126.08,2130.39,1838.31
2026-03-05 12:30:00+00:00,2130.39,2131.11,2128.04,2129.98,582.34
2026-03-05 12:35:00+00:00,2129.98,2130.06,2126.37,2129.34,523.04
2026-03-05 12:40:00+00:00,2129.34,2136.1,2129.0,2133.66,2348.75
2026-03-05 12:45:00+00:00,2133.64,2141.85,2133.0,2141.45,1718.33
2026-03-05 12:50:00+00:00,2141.45,2141.5,2135.44,2139.01,776.51
2026-03-05 12:55:00+00:00,2138.96,2139.99,2136.54,2137.2,467.03
2026-03-05 13:00:00+00:00,2137.22,2138.65,2127.24,2127.42,1191.89
2026-03-05 13:05:00+00:00,2127.4,2128.81,2123.73,2127.95,1537.98
2026-03-05 13:10:00+00:00,2127.93,2128.09,2121.52,2126.16,2302.46
2026-03-05 13:15:00+00:00,2126.16,2128.92,2122.41,2125.99,1081.97
2026-03-05 13:20:00+00:00,2125.97,2129.33,2118.65,2119.0,1599.58
2026-03-05 13:25:00+00:00,2118.98,2122.46,2112.51,2122.06,3129.18
2026-03-05 13:30:00+00:00,2121.94,2122.47,2108.22,2112.3,4176.55
2026-03-05 13:35:00+00:00,2112.55,2115.32,2110.11,2111.61,1199.68
2026-03-05 13:40:00+00:00,2111.6,2119.33,2111.5,2118.0,2081.11
2026-03-05 13:45:00+00:00,2118.0,2125.44,2116.95,2123.72,2206.31
2026-03-05 13:50:00+00:00,2123.73,2125.99,2121.48,2122.02,1038.56
2026-03-05 13:55:00+00:00,2122.29,2122.38,2113.15,2116.45,1638.0
2026-03-05 14:00:00+00:00,2116.45,2121.55,2114.78,2119.0,1225.48
2026-03-05 14:05:00+00:00,2119.02,2121.45,2112.91,2119.31,1198.28
2026-03-05 14:10:00+00:00,2119.48,2121.93,2118.41,2121.11,633.65
2026-03-05 14:15:00+00:00,2121.13,2121.7,2113.35,2115.02,699.74
2026-03-05 14:20:00+00:00,2115.0,2119.34,2112.72,2115.46,689.57
2026-03-05 14:25:00+00:00,2115.46,2118.57,2113.42,2116.79,686.27
2026-03-05 14:30:00+00:00,2116.81,2130.6,2109.0,2124.54,3787.09
2026-03-05 14:35:00+00:00,2124.51,2127.21,2102.78,2105.04,3577.33
2026-03-05 14:40:00+00:00,2104.96,2111.19,2096.53,2098.17,5572.8
2026-03-05 14:45:00+00:00,2098.11,2108.99,2095.59,2102.35,4981.46
2026-03-05 14:50:00+00:00,2102.47,2117.31,2101.66,2112.65,2785.86
2026-03-05 14:55:00+00:00,2112.61,2124.34,2108.59,2118.16,2238.07
2026-03-05 15:00:00+00:00,2118.17,2120.86,2103.52,2105.38,2097.8
2026-03-05 15:05:00+00:00,2105.43,2106.12,2084.59,2087.43,6044.08
2026-03-05 15:10:00+00:00,2087.39,2093.63,2083.0,2088.27,4731.52
2026-03-05 15:15:00+00:00,2088.27,2092.72,2078.67,2085.29,3834.62
2026-03-05 15:20:00+00:00,2085.3,2090.0,2076.68,2079.77,2694.43
2026-03-05 15:25:00+00:00,2079.76,2080.48,2071.4,2072.8,3662.33
2026-03-05 15:30:00+00:00,2072.86,2079.65,2066.42,2073.74,5467.6
2026-03-05 15:35:00+00:00,2073.79,2086.52,2072.04,2085.85,2900.03
2026-03-05 15:40:00+00:00,2086.07,2086.86,2078.28,2079.99,1846.31
2026-03-05 15:45:00+00:00,2079.99,2085.44,2078.12,2079.93,1751.92
2026-03-05 15:50:00+00:00,2079.95,2088.51,2079.03,2087.0,1998.85
2026-03-05 15:55:00+00:00,2087.01,2087.44,2078.87,2085.98,2238.21
2026-03-05 16:00:00+00:00,2086.08,2086.57,2074.28,2075.0,2178.51
2026-03-05 16:05:00+00:00,2074.79,2076.45,2060.5,2061.38,5231.21
2026-03-05 16:10:00+00:00,2061.35,2067.1,2055.73,2062.89,5571.49
2026-03-05 16:15:00+00:00,2062.9,2069.96,2059.43,2063.73,2593.08
2026-03-05 16:20:00+00:00,2063.45,2074.24,2062.0,2073.28,2973.02
2026-03-05 16:25:00+00:00,2073.11,2075.71,2071.09,2071.68,1699.45
2026-03-05 16:30:00+00:00,2071.65,2078.6,2070.06,2078.32,1638.55
2026-03-05 16:35:00+00:00,2078.3,2082.0,2075.97,2081.42,1525.07
2026-03-05 16:40:00+00:00,2081.43,2084.2,2077.55,2078.45,2015.51
2026-03-05 16:45:00+00:00,2078.44,2081.63,2076.29,2077.73,932.71
2026-03-05 16:50:00+00:00,2077.73,2080.99,2074.44,2076.78,867.2
2026-03-05 16:55:00+00:00,2076.76,2080.66,2076.73,2079.19,593.39
2026-03-05 17:00:00+00:00,2079.17,2092.57,2078.55,2090.38,2792.6
2026-03-05 17:05:00+00:00,2090.38,2091.25,2072.21,2072.44,2923.89
2026-03-05 17:10:00+00:00,2072.44,2078.57,2070.81,2076.15,2672.35
2026-03-05 17:15:00+00:00,2076.15,2077.22,2068.82,2069.91,1143.49
2026-03-05 17:20:00+00:00,2069.93,2076.08,2068.25,2074.3,1333.26
2026-03-05 17:25:00+00:00,2074.35,2076.27,2068.21,2068.21,899.86
2026-03-05 17:30:00+00:00,2068.21,2068.66,2059.55,2061.35,2471.01
2026-03-05 17:35:00+00:00,2061.41,2067.65,2058.88,2066.4,1317.8
2026-03-05 17:40:00+00:00,2066.43,2070.19,2064.13,2066.06,785.5
2026-03-05 17:45:00+00:00,2066.04,2067.05,2056.0,2056.0,946.76
2026-03-05 17:50:00+00:00,2056.01,2063.74,2054.15,2059.76,2426.85
2026-03-05 17:55:00+00:00,2059.74,2060.37,2053.08,2058.84,2275.53
2026-03-05 18:00:00+00:00,2058.84,2064.12,2056.53,2063.39,989.66
2026-03-05 18:05:00+00:00,2063.41,2066.73,2060.46,2065.37,982.02
2026-03-05 18:10:00+00:00,2065.37,2069.69,2065.28,2068.87,874.88
2026-03-05 18:15:00+00:00,2068.83,2070.78,2065.01,2065.29,1025.99
2026-03-05 18:20:00+00:00,2065.31,2072.36,2062.73,2067.0,1291.1
2026-03-05 18:25:00+00:00,2066.98,2067.91,2064.12,2065.79,803.54
2026-03-05 18:30:00+00:00,2065.74,2074.64,2065.39,2074.6,834.52
2026-03-05 18:35:00+00:00,2074.51,2077.48,2070.6,2071.18,833.69
2026-03-05 18:40:00+00:00,2071.2,2077.16,2070.6,2074.48,446.51
2026-03-05 18:45:00+00:00,2074.48,2076.47,2072.13,2074.81,403.61
2026-03-05 18:50:00+00:00,2074.81,2074.85,2069.59,2071.74,432.52
2026-03-05 18:55:00+00:00,2071.76,2076.9,2071.45,2075.88,392.28
2026-03-05 19:00:00+00:00,2075.88,2082.97,2075.54,2079.7,1657.17
2026-03-05 19:05:00+00:00,2079.73,2081.42,2076.83,2078.93,1398.69
2026-03-05 19:10:00+00:00,2078.91,2088.43,2076.35,2086.93,2019.67
2026-03-05 19:15:00+00:00,2086.93,2087.59,2080.5,2085.16,1473.06
2026-03-05 19:20:00+00:00,2085.16,2091.74,2081.23,2081.99,2289.71
2026-03-05 19:25:00+00:00,2082.09,2082.98,2074.31,2077.25,1241.11
2026-03-05 19:30:00+00:00,2077.26,2077.28,2072.04,2075.73,1088.4
2026-03-05 19:35:00+00:00,2075.77,2076.31,2071.28,2074.99,943.13
2026-03-05 19:40:00+00:00,2075.0,2080.47,2074.99,2077.49,512.1
2026-03-05 19:45:00+00:00,2077.63,2083.27,2077.02,2081.91,541.74
2026-03-05 19:50:00+00:00,2081.93,2082.41,2073.68,2074.34,387.72
2026-03-05 19:55:00+00:00,2074.34,2074.53,2071.6,2073.64,457.22
2026-03-05 20:00:00+00:00,2073.59,2078.78,2069.66,2078.16,392.16
2026-03-05 20:05:00+00:00,2078.49,2080.17,2070.6,2077.64,1187.59
2026-03-05 20:10:00+00:00,2077.66,2080.9,2077.06,2079.7,618.5
2026-03-05 20:15:00+00:00,2079.7,2088.49,2079.05,2086.71,1371.0
2026-03-05 20:20:00+00:00,2086.78,2091.84,2085.14,2091.84,1042.66
2026-03-05 20:25:00+00:00,2091.84,2093.73,2085.44,2086.66,875.77
2026-03-05 20:30:00+00:00,2086.72,2091.54,2085.58,2090.14,694.12
2026-03-05 20:35:00+00:00,2090.15,2096.21,2088.19,2089.11,887.1
2026-03-05 20:40:00+00:00,2089.09,2089.33,2086.38,2087.84,630.41
2026-03-05 20:45:00+00:00,2087.84,2090.54,2085.0,2089.99,489.82
2026-03-05 20:50:00+00:00,2089.89,2093.0,2084.82,2091.13,462.47
2026-03-05 20:55:00+00:00,2091.16,2097.37,2090.28,2091.8,591.58
2026-03-05 21:00:00+00:00,2091.61,2096.36,2090.85,2095.05,791.62
2026-03-05 21:05:00+00:00,2095.03,2096.1,2092.65,2094.7,433.33
2026-03-05 21:10:00+00:00,2094.7,2094.7,2091.15,2092.54,377.86
2026-03-05 21:15:00+00:00,2092.54,2098.9,2092.2,2095.46,730.96
2026-03-05 21:20:00+00:00,2095.44,2097.17,2091.4,2093.3,525.73
2026-03-05 21:25:00+00:00,2093.3,2094.0,2089.07,2092.17,427.12
2026-03-05 21:30:00+00:00,2092.22,2093.72,2083.68,2085.23,492.56
2026-03-05 21:35:00+00:00,2084.33,2085.29,2075.8,2078.29,1860.25
2026-03-05 21:40:00+00:00,2078.27,2080.81,2078.27,2080.79,686.79
2026-03-05 21:45:00+00:00,2080.79,2082.99,2079.75,2082.89,490.77
2026-03-05 21:50:00+00:00,2082.9,2083.33,2074.14,2075.78,754.03
2026-03-05 21:55:00+00:00,2075.78,2080.06,2075.72,2079.57,386.18
2026-03-05 22:00:00+00:00,2079.59,2080.81,2076.59,2076.61,277.44
2026-03-05 22:05:00+00:00,2076.59,2082.61,2076.5,2079.04,401.85
2026-03-05 22:10:00+00:00,2079.06,2080.19,2077.13,2079.59,258.93
2026-03-05 22:15:00+00:00,2079.57,2082.24,2078.02,2080.42,304.89
2026-03-05 22:20:00+00:00,2080.44,2082.14,2078.82,2082.11,261.56
2026-03-05 22:25:00+00:00,2082.09,2082.12,2077.8,2078.46,232.93
2026-03-05 22:30:00+00:00,2078.44,2080.3,2078.03,2079.91,254.63
2026-03-05 22:35:00+00:00,2079.91,2082.46,2079.39,2080.52,227.17
2026-03-05 22:40:00+00:00,2080.5,2083.42,2080.5,2081.53,266.88
2026-03-05 22:45:00+00:00,2081.53,2083.27,2080.91,2081.65,213.46
2026-03-05 22:50:00+00:00,2081.64,2084.72,2081.19,2081.21,244.08
2026-03-05 22:55:00+00:00,2081.14,2083.97,2079.0,2079.14,289.37
2026-03-05 23:00:00+00:00,2079.1,2081.0,2077.67,2078.41,338.92
2026-03-05 23:05:00+00:00,2078.44,2079.51,2077.59,2079.42,192.77
2026-03-05 23:10:00+00:00,2079.42,2079.5,2077.21,2078.2,183.29
2026-03-05 23:15:00+00:00,2078.2,2080.0,2077.43,2079.99,557.18
2026-03-05 23:20:00+00:00,2079.99,2082.08,2079.31,2080.86,197.01
2026-03-05 23:25:00+00:00,2080.86,2083.59,2080.61,2081.71,299.58
2026-03-05 23:30:00+00:00,2081.71,2082.18,2072.83,2073.62,515.92
2026-03-05 23:35:00+00:00,2073.61,2076.85,2073.61,2076.1,394.38
2026-03-05 23:40:00+00:00,2076.11,2076.15,2072.28,2074.77,497.43
2026-03-05 23:45:00+00:00,2074.79,2075.43,2071.85,2072.16,492.32
2026-03-05 23:50:00+00:00,2072.15,2074.21,2071.53,2072.89,499.3
2026-03-05 23:55:00+00:00,2072.84,2073.32,2069.26,2071.95,1042.65
2026-03-06 00:00:00+00:00,2071.99,2074.19,2071.11,2073.42,718.45
2026-03-06 00:05:00+00:00,2073.44,2075.45,2072.15,2074.86,419.43
2026-03-06 00:10:00+00:00,2074.8,2079.6,2074.02,2079.56,790.89
2026-03-06 00:15:00+00:00,2079.55,2079.57,2074.18,2075.29,364.25
2026-03-06 00:20:00+00:00,2075.31,2076.5,2072.92,2076.39,494.58
2026-03-06 00:25:00+00:00,2076.48,2076.48,2071.13,2072.01,477.51
2026-03-06 00:30:00+00:00,2072.0,2073.44,2069.91,2071.77,451.97
2026-03-06 00:35:00+00:00,2071.75,2072.2,2068.84,2069.76,588.75
2026-03-06 00:40:00+00:00,2069.84,2071.64,2069.56,2070.11,407.51
2026-03-06 00:45:00+00:00,2070.24,2075.12,2070.0,2072.74,375.2
2026-03-06 00:50:00+00:00,2072.79,2073.5,2066.78,2072.95,793.42
2026-03-06 00:55:00+00:00,2072.97,2074.25,2071.55,2074.22,1002.2
2026-03-06 01:00:00+00:00,2074.22,2077.5,2071.77,2074.0,442.12
2026-03-06 01:05:00+00:00,2074.0,2077.4,2073.5,2076.5,545.28
2026-03-06 01:10:00+00:00,2076.5,2077.23,2072.0,2072.69,769.76
2026-03-06 01:15:00+00:00,2072.69,2077.18,2072.0,2075.42,462.53
2026-03-06 01:20:00+00:00,2075.4,2076.73,2074.77,2075.17,229.44
2026-03-06 01:25:00+00:00,2075.17,2075.77,2061.07,2064.47,1991.74
2026-03-06 01:30:00+00:00,2064.56,2082.22,2064.48,2081.67,1986.82
2026-03-06 01:35:00+00:00,2081.69,2085.8,2078.96,2083.55,1163.85
2026-03-06 01:40:00+00:00,2083.6,2087.48,2083.6,2084.78,992.56
2026-03-06 01:45:00+00:00,2084.78,2088.0,2081.55,2085.62,869.86
2026-03-06 01:50:00+00:00,2085.64,2090.37,2084.94,2086.5,747.32
2026-03-06 01:55:00+00:00,2086.5,2088.4,2085.54,2086.71,978.56
2026-03-06 02:00:00+00:00,2086.73,2088.5,2083.7,2084.69,599.97
2026-03-06 02:05:00+00:00,2084.67,2089.1,2084.12,2086.92,625.22
2026-03-06 02:10:00+00:00,2086.94,2092.61,2086.05,2090.81,825.24
2026-03-06 02:15:00+00:00,2090.79,2092.05,2083.83,2084.62,770.4
2026-03-06 02:20:00+00:00,2084.57,2084.78,2079.35,2083.29,785.33
2026-03-06 02:25:00+00:00,2083.31,2088.83,2083.24,2086.27,550.24
2026-03-06 02:30:00+00:00,2086.29,2087.06,2082.13,2082.89,417.46
2026-03-06 02:35:00+00:00,2082.95,2084.5,2080.74,2084.49,339.69
2026-03-06 02:40:00+00:00,2084.49,2087.63,2083.79,2087.62,299.36
2026-03-06 02:45:00+00:00,2087.62,2088.61,2085.41,2086.41,267.62
2026-03-06 02:50:00+00:00,2086.41,2086.61,2080.95,2081.23,539.82
2026-03-06 02:55:00+00:00,2081.23,2083.21,2080.43,2082.78,354.73
2026-03-06 03:00:00+00:00,2082.7,2084.5,2082.0,2084.48,434.2
2026-03-06 03:05:00+00:00,2084.48,2085.7,2083.21,2084.24,269.21
2026-03-06 03:10:00+00:00,2084.26,2085.43,2075.24,2077.48,941.63
2026-03-06 03:15:00+00:00,2077.46,2078.22,2074.26,2076.54,722.65
2026-03-06 03:20:00+00:00,2076.56,2087.83,2076.45,2085.45,1495.83
2026-03-06 03:25:00+00:00,2085.63,2086.32,2082.98,2085.16,832.26
2026-03-06 03:30:00+00:00,2085.16,2088.0,2082.22,2085.1,463.95
2026-03-06 03:35:00+00:00,2085.12,2086.32,2082.38,2084.19,422.5
2026-03-06 03:40:00+00:00,2084.1,2084.97,2081.62,2082.59,347.94
2026-03-06 03:45:00+00:00,2082.61,2084.15,2081.51,2081.78,245.12
2026-03-06 03:50:00+00:00,2081.76,2083.74,2079.74,2081.55,603.36
2026-03-06 03:55:00+00:00,2081.55,2084.0,2079.74,2082.99,6216.05
2026-03-06 04:00:00+00:00,2082.99,2083.53,2079.4,2083.53,500.93
2026-03-06 04:05:00+00:00,2083.64,2085.16,2079.43,2079.72,596.39
2026-03-06 04:10:00+00:00,2079.74,2079.74,2076.9,2077.11,550.05
2026-03-06 04:15:00+00:00,2077.11,2078.32,2074.77,2077.08,843.93
2026-03-06 04:20:00+00:00,2077.25,2079.14,2074.87,2079.13,583.53
2026-03-06 04:25:00+00:00,2079.02,2079.02,2074.22,2074.62,448.98
2026-03-06 04:30:00+00:00,2074.62,2078.05,2071.65,2075.68,956.29
2026-03-06 04:35:00+00:00,2075.68,2076.05,2069.28,2069.4,2013.03
2026-03-06 04:40:00+00:00,2069.42,2069.73,2058.32,2067.95,4220.08
2026-03-06 04:45:00+00:00,2068.02,2069.4,2066.3,2068.34,1027.04
2026-03-06 04:50:00+00:00,2068.32,2070.87,2067.46,2067.5,579.65
2026-03-06 04:55:00+00:00,2067.38,2070.27,2065.93,2070.0,404.61
2026-03-06 05:00:00+00:00,2070.02,2071.57,2067.78,2069.76,469.53
2026-03-06 05:05:00+00:00,2069.74,2070.27,2065.01,2067.09,676.58
2026-03-06 05:10:00+00:00,2067.11,2069.59,2064.07,2069.57,1452.68
2026-03-06 05:15:00+00:00,2069.62,2073.5,2069.53,2070.99,996.02
2026-03-06 05:20:00+00:00,2070.94,2071.15,2063.22,2065.31,474.04
2026-03-06 05:25:00+00:00,2065.33,2066.0,2063.0,2065.24,822.26
2026-03-06 05:30:00+00:00,2065.24,2068.01,2062.2,2062.55,722.41
2026-03-06 05:35:00+00:00,2062.76,2066.44,2060.0,2061.04,796.63
2026-03-06 05:40:00+00:00,2061.06,2062.04,2058.08,2060.33,1166.01
2026-03-06 05:45:00+00:00,2060.35,2062.74,2058.48,2059.78,1122.57
2026-03-06 05:50:00+00:00,2059.8,2067.53,2058.82,2066.18,865.29
2026-03-06 05:55:00+00:00,2066.16,2070.55,2064.93,2067.85,1139.36
2026-03-06 06:00:00+00:00,2067.85,2069.85,2066.59,2068.19,1310.54
2026-03-06 06:05:00+00:00,2068.19,2068.21,2063.09,2065.01,491.77
2026-03-06 06:10:00+00:00,2064.89,2065.14,2062.56,2064.21,770.34
2026-03-06 06:15:00+00:00,2064.21,2065.65,2062.46,2065.65,619.22
2026-03-06 06:20:00+00:00,2065.65,2070.73,2065.35,2070.54,882.36
2026-03-06 06:25:00+00:00,2070.54,2070.56,2067.79,2067.8,680.09
2026-03-06 06:30:00+00:00,2067.8,2069.23,2066.21,2067.17,489.6
2026-03-06 06:35:00+00:00,2067.29,2070.81,2066.46,2069.59,359.26
2026-03-06 06:40:00+00:00,2069.59,2075.38,2068.29,2074.78,964.85
2026-03-06 06:45:00+00:00,2074.76,2079.57,2072.65,2076.32,1491.16
2026-03-06 06:50:00+00:00,2076.32,2076.32,2072.23,2072.5,957.87
2026-03-06 06:55:00+00:00,2072.5,2075.13,2072.17,2073.32,508.26
2026-03-06 07:00:00+00:00,2073.32,2078.25,2073.26,2077.67,973.24
2026-03-06 07:05:00+00:00,2077.69,2078.7,2072.89,2073.04,645.65
2026-03-06 07:10:00+00:00,2073.01,2073.23,2067.5,2070.76,1422.59
2026-03-06 07:15:00+00:00,2070.78,2073.83,2069.96,2072.45,526.38
2026-03-06 07:20:00+00:00,2072.45,2077.92,2072.45,2077.39,608.43
2026-03-06 07:25:00+00:00,2077.38,2083.69,2077.06,2083.3,1946.13
2026-03-06 07:30:00+00:00,2083.28,2084.43,2080.37,2081.74,1157.95
2026-03-06 07:35:00+00:00,2081.74,2082.73,2079.89,2081.31,536.33
2026-03-06 07:40:00+00:00,2081.33,2085.83,2081.31,2083.31,963.26
2026-03-06 07:45:00+00:00,2083.31,2086.5,2082.09,2083.56,897.68
2026-03-06 07:50:00+00:00,2083.58,2083.64,2081.65,2082.65,640.5
2026-03-06 07:55:00+00:00,2082.67,2082.95,2080.71,2081.89,643.0
2026-03-06 08:00:00+00:00,2081.86,2081.86,2078.23,2078.59,764.19
2026-03-06 08:05:00+00:00,2078.57,2080.61,2077.65,2078.84,747.97
2026-03-06 08:10:00+00:00,2078.86,2080.24,2077.74,2078.79,446.73
2026-03-06 08:15:00+00:00,2078.79,2081.28,2076.8,2080.88,564.92
2026-03-06 08:20:00+00:00,2080.65,2081.44,2078.08,2079.41,601.6
2026-03-06 08:25:00+00:00,2079.43,2079.43,2075.61,2076.58,802.04
2026-03-06 08:30:00+00:00,2076.57,2079.86,2073.35,2077.31,1049.61
2026-03-06 08:35:00+00:00,2077.29,2079.71,2075.24,2077.0,479.59
2026-03-06 08:40:00+00:00,2076.99,2081.44,2076.69,2079.41,495.82
2026-03-06 08:45:00+00:00,2079.43,2081.7,2078.61,2080.43,287.47
2026-03-06 08:50:00+00:00,2080.45,2080.62,2076.81,2077.16,466.57
2026-03-06 08:55:00+00:00,2077.16,2077.46,2074.0,2074.94,1111.4
2026-03-06 09:00:00+00:00,2074.98,2076.29,2072.78,2074.49,736.88
2026-03-06 09:05:00+00:00,2074.51,2076.47,2068.67,2070.64,699.25
2026-03-06 09:10:00+00:00,2070.66,2070.73,2062.27,2063.93,2252.48
2026-03-06 09:15:00+00:00,2063.94,2064.33,2053.52,2062.37,3560.77
2026-03-06 09:20:00+00:00,2062.37,2062.39,2056.82,2056.92,1074.46
2026-03-06 09:25:00+00:00,2056.92,2058.48,2053.64,2055.95,1075.7
2026-03-06 09:30:00+00:00,2055.95,2058.46,2047.52,2048.17,2116.68
2026-03-06 09:35:00+00:00,2048.42,2051.45,2046.03,2046.13,4303.19
2026-03-06 09:40:00+00:00,2046.16,2054.51,2045.07,2054.18,2684.26
2026-03-06 09:45:00+00:00,2054.19,2056.75,2050.65,2051.99,1551.48
2026-03-06 09:50:00+00:00,2052.04,2057.67,2051.59,2055.77,794.82
2026-03-06 09:55:00+00:00,2055.74,2060.85,2055.37,2058.8,869.87
2026-03-06 10:00:00+00:00,2058.82,2063.78,2057.54,2062.45,2288.1
2026-03-06 10:05:00+00:00,2062.46,2063.7,2060.33,2062.34,884.76
2026-03-06 10:10:00+00:00,2062.34,2064.38,2061.07,2062.81,715.4
2026-03-06 10:15:00+00:00,2062.81,2065.55,2061.07,2063.46,905.41
2026-03-06 10:20:00+00:00,2063.44,2066.71,2062.66,2066.38,605.24
2026-03-06 10:25:00+00:00,2066.38,2068.59,2064.18,2067.56,927.28
2026-03-06 10:30:00+00:00,2067.54,2067.63,2061.85,2062.13,841.87
2026-03-06 10:35:00+00:00,2062.11,2062.65,2060.5,2062.17,770.14
2026-03-06 10:40:00+00:00,2062.17,2063.53,2061.19,2062.97,327.3
2026-03-06 10:45:00+00:00,2062.95,2065.46,2062.2,2063.41,374.21
2026-03-06 10:50:00+00:00,2063.32,2066.82,2061.67,2064.93,612.16
2026-03-06 10:55:00+00:00,2064.86,2065.4,2062.27,2062.29,363.05
2026-03-06 11:00:00+00:00,2062.27,2062.41,2057.43,2059.18,1877.8
2026-03-06 11:05:00+00:00,2059.15,2060.4,2056.8,2058.27,850.8
2026-03-06 11:10:00+00:00,2058.12,2065.42,2056.77,2063.49,952.63
2026-03-06 11:15:00+00:00,2063.49,2064.35,2061.5,2062.5,376.84
2026-03-06 11:20:00+00:00,2062.5,2065.21,2061.73,2064.1,498.26
2026-03-06 11:25:00+00:00,2064.1,2066.35,2063.41,2064.35,456.57
2026-03-06 11:30:00+00:00,2064.25,2064.65,2061.07,2061.08,307.85
2026-03-06 11:35:00+00:00,2061.08,2064.78,2061.03,2063.6,426.09
2026-03-06 11:40:00+00:00,2063.61,2063.97,2053.49,2056.0,1153.72
2026-03-06 11:45:00+00:00,2056.0,2056.56,2052.15,2052.74,1038.09
2026-03-06 11:50:00+00:00,2052.72,2053.48,2050.58,2052.29,871.89
2026-03-06 11:55:00+00:00,2052.27,2052.79,2048.68,2049.95,1119.08
2026-03-06 12:00:00+00:00,2049.97,2051.4,2047.61,2048.4,1504.55
2026-03-06 12:05:00+00:00,2048.4,2049.15,2036.81,2037.4,3956.63
2026-03-06 12:10:00+00:00,2037.39,2044.35,2036.82,2043.02,3878.66
2026-03-06 12:15:00+00:00,2042.99,2053.39,2042.86,2053.13,1951.4
2026-03-06 12:20:00+00:00,2053.15,2054.41,2050.25,2053.54,1390.39
2026-03-06 12:25:00+00:00,2053.65,2053.94,2050.58,2050.73,725.12
2026-03-06 12:30:00+00:00,2050.77,2051.86,2042.89,2044.25,1143.79
2026-03-06 12:35:00+00:00,2044.3,2044.34,2037.34,2041.17,2099.19
2026-03-06 12:40:00+00:00,2041.25,2044.31,2039.39,2042.87,1189.39
2026-03-06 12:45:00+00:00,2042.79,2044.13,2038.43,2043.47,1006.76
2026-03-06 12:50:00+00:00,2043.46,2049.78,2042.77,2046.91,1190.69
2026-03-06 12:55:00+00:00,2046.91,2051.76,2046.79,2047.65,1119.58
2026-03-06 13:00:00+00:00,2047.63,2049.94,2045.45,2047.92,815.29
2026-03-06 13:05:00+00:00,2047.9,2049.21,2045.99,2048.99,743.03
2026-03-06 13:10:00+00:00,2048.98,2050.9,2047.98,2048.18,814.85
2026-03-06 13:15:00+00:00,2048.18,2051.68,2047.1,2050.78,633.83
2026-03-06 13:20:00+00:00,2050.78,2050.81,2038.66,2046.0,1678.04
2026-03-06 13:25:00+00:00,2046.04,2051.84,2045.64,2049.03,1735.34
2026-03-06 13:30:00+00:00,2047.35,2056.58,2036.12,2055.33,5523.54
2026-03-06 13:35:00+00:00,2055.35,2061.34,2050.33,2052.28,3485.12
2026-03-06 13:40:00+00:00,2052.28,2052.28,2046.64,2050.25,1265.5
2026-03-06 13:45:00+00:00,2050.27,2050.27,2043.03,2047.74,1222.1
2026-03-06 13:50:00+00:00,2047.76,2049.02,2038.4,2043.04,2639.36
2026-03-06 13:55:00+00:00,2043.04,2043.18,2018.71,2019.14,12867.26
2026-03-06 14:00:00+00:00,2018.98,2023.03,2010.48,2020.48,8405.3
2026-03-06 14:05:00+00:00,2020.62,2021.64,2005.04,2005.88,4875.66
2026-03-06 14:10:00+00:00,2005.67,2008.42,1997.01,2005.79,9234.3
2026-03-06 14:15:00+00:00,2005.81,2011.94,2002.82,2009.99,3507.74
2026-03-06 14:20:00+00:00,2009.99,2012.12,2007.95,2010.45,1592.98
2026-03-06 14:25:00+00:00,2010.65,2013.02,2006.67,2008.69,1899.13
2026-03-06 14:30:00+00:00,2008.74,2013.19,1996.9,1999.41,4070.82
2026-03-06 14:35:00+00:00,1999.51,2001.01,1983.01,1990.54,9603.99
2026-03-06 14:40:00+00:00,1990.55,1994.96,1987.01,1990.2,6153.38
2026-03-06 14:45:00+00:00,1990.2,1995.37,1978.11,1980.04,8622.36
2026-03-06 14:50:00+00:00,1980.15,1985.64,1975.18,1975.82,7480.79
2026-03-06 14:55:00+00:00,1975.66,1983.21,1970.68,1980.37,4336.04
2026-03-06 15:00:00+00:00,1980.38,1987.0,1980.0,1984.57,3615.51
2026-03-06 15:05:00+00:00,1984.73,1986.7,1972.72,1972.72,2163.84
2026-03-06 15:10:00+00:00,1972.72,1985.0,1972.61,1983.92,2995.69
2026-03-06 15:15:00+00:00,1983.98,1991.36,1982.4,1991.01,2696.98
2026-03-06 15:20:00+00:00,1991.07,1996.35,1988.88,1994.77,4584.22
2026-03-06 15:25:00+00:00,1994.72,1994.88,1986.5,1989.19,2044.35
2026-03-06 15:30:00+00:00,1988.99,1993.46,1987.02,1989.19,1526.93
2026-03-06 15:35:00+00:00,1989.21,1996.85,1987.86,1990.94,1836.14
2026-03-06 15:40:00+00:00,1990.94,1990.94,1981.13,1983.41,1839.87
2026-03-06 15:45:00+00:00,1983.39,1984.0,1977.5,1979.12,2125.05
2026-03-06 15:50:00+00:00,1979.16,1979.2,1964.9,1971.04,6276.23
2026-03-06 15:55:00+00:00,1971.02,1977.93,1970.72,1976.56,2663.83
2026-03-06 16:00:00+00:00,1976.56,1983.95,1974.46,1983.12,2545.09
2026-03-06 16:05:00+00:00,1983.12,1983.8,1969.38,1969.83,1992.18
2026-03-06 16:10:00+00:00,1969.85,1971.98,1965.8,1968.94,3607.88
2026-03-06 16:15:00+00:00,1968.9,1973.17,1966.12,1971.19,1752.33
2026-03-06 16:20:00+00:00,1971.15,1972.44,1966.48,1970.79,1120.46
2026-03-06 16:25:00+00:00,1970.82,1974.87,1969.79,1973.77,2007.66
2026-03-06 16:30:00+00:00,1973.81,1975.47,1966.69,1968.61,2008.87
2026-03-06 16:35:00+00:00,1968.59,1979.51,1967.7,1977.54,1632.05
2026-03-06 16:40:00+00:00,1977.54,1978.03,1972.37,1974.22,1001.19
2026-03-06 16:45:00+00:00,1974.24,1978.28,1971.27,1973.73,1083.28
2026-03-06 16:50:00+00:00,1973.72,1976.76,1967.29,1967.54,1159.06
2026-03-06 16:55:00+00:00,1967.56,1972.5,1965.3,1970.29,1908.32
2026-03-06 17:00:00+00:00,1970.29,1975.81,1968.06,1974.23,748.49
2026-03-06 17:05:00+00:00,1974.25,1975.99,1970.54,1972.49,976.18
2026-03-06 17:10:00+00:00,1972.51,1975.15,1971.93,1972.36,654.89
2026-03-06 17:15:00+00:00,1972.39,1974.48,1969.16,1974.28,770.77
2026-03-06 17:20:00+00:00,1974.28,1980.83,1972.72,1973.01,1275.32
2026-03-06 17:25:00+00:00,1973.01,1975.75,1967.49,1973.15,1444.79
2026-03-06 17:30:00+00:00,1973.15,1974.74,1969.88,1970.56,885.5
2026-03-06 17:35:00+00:00,1970.53,1970.8,1954.8,1959.21,9269.99
2026-03-06 17:40:00+00:00,1959.05,1960.66,1955.03,1958.73,2207.37
2026-03-06 17:45:00+00:00,1958.72,1964.62,1958.52,1964.18,1688.8
2026-03-06 17:50:00+00:00,1964.19,1966.11,1961.8,1964.47,1231.02
2026-03-06 17:55:00+00:00,1964.47,1969.0,1964.45,1965.65,1022.29
2026-03-06 18:00:00+00:00,1965.65,1973.76,1965.4,1970.18,1270.59
2026-03-06 18:05:00+00:00,1970.54,1976.8,1970.12,1973.45,1860.73
2026-03-06 18:10:00+00:00,1973.43,1979.45,1971.26,1977.53,1416.24
2026-03-06 18:15:00+00:00,1977.53,1979.54,1974.59,1976.79,1046.53
2026-03-06 18:20:00+00:00,1976.8,1977.23,1973.25,1975.86,867.03
2026-03-06 18:25:00+00:00,1975.86,1977.96,1974.6,1975.48,622.77
2026-03-06 18:30:00+00:00,1975.54,1982.4,1975.07,1981.1,1730.6
2026-03-06 18:35:00+00:00,1981.08,1981.08,1977.25,1979.33,1057.99
2026-03-06 18:40:00+00:00,1979.37,1980.51,1978.64,1979.94,582.59
2026-03-06 18:45:00+00:00,1979.94,1981.13,1977.03,1979.39,522.0
2026-03-06 18:50:00+00:00,1979.37,1979.84,1971.47,1974.63,2187.01
2026-03-06 18:55:00+00:00,1974.61,1975.61,1973.0,1973.37,528.02
2026-03-06 19:00:00+00:00,1973.39,1978.02,1973.39,1976.07,667.82
2026-03-06 19:05:00+00:00,1976.06,1978.53,1975.0,1977.63,935.67
2026-03-06 19:10:00+00:00,1977.63,1986.47,1977.44,1985.65,1444.58
2026-03-06 19:15:00+00:00,1985.65,1991.72,1984.04,1990.15,1455.66
2026-03-06 19:20:00+00:00,1990.12,1990.19,1982.53,1983.12,1451.64
2026-03-06 19:25:00+00:00,1983.12,1986.47,1981.97,1985.29,512.46
2026-03-06 19:30:00+00:00,1985.32,1987.73,1984.56,1985.66,372.23
2026-03-06 19:35:00+00:00,1985.66,1987.57,1982.85,1984.35,515.93
2026-03-06 19:40:00+00:00,1984.34,1989.69,1982.5,1982.7,616.06
2026-03-06 19:45:00+00:00,1982.7,1983.07,1979.92,1981.49,785.06
2026-03-06 19:50:00+00:00,1981.49,1982.46,1980.26,1981.79,463.53
2026-03-06 19:55:00+00:00,1981.77,1984.52,1981.65,1982.82,309.01
2026-03-06 20:00:00+00:00,1982.7,1987.9,1982.2,1984.48,509.18
2026-03-06 20:05:00+00:00,1984.5,1985.49,1982.17,1982.28,243.67
2026-03-06 20:10:00+00:00,1982.26,1983.02,1976.66,1977.87,936.28
2026-03-06 20:15:00+00:00,1977.85,1980.97,1977.16,1978.92,386.28
2026-03-06 20:20:00+00:00,1978.74,1979.52,1975.65,1976.94,512.07
2026-03-06 20:25:00+00:00,1976.92,1976.96,1971.45,1972.7,1070.92
2026-03-06 20:30:00+00:00,1972.72,1974.37,1969.44,1970.3,1391.38
2026-03-06 20:35:00+00:00,1970.3,1976.28,1968.48,1975.1,774.34
2026-03-06 20:40:00+00:00,1975.1,1982.31,1973.94,1978.1,1161.32
2026-03-06 20:45:00+00:00,1978.1,1980.53,1976.68,1980.21,336.24
2026-03-06 20:50:00+00:00,1980.23,1980.51,1977.25,1979.84,395.12
2026-03-06 20:55:00+00:00,1979.84,1980.74,1977.61,1977.85,460.61
2026-03-06 21:00:00+00:00,1977.85,1980.71,1976.0,1979.7,823.82
2026-03-06 21:05:00+00:00,1979.72,1980.56,1978.55,1979.37,270.07
2026-03-06 21:10:00+00:00,1979.35,1980.3,1978.23,1979.48,281.77
2026-03-06 21:15:00+00:00,1979.5,1979.8,1977.07,1978.06,263.44
2026-03-06 21:20:00+00:00,1978.06,1978.08,1972.2,1972.2,529.4
2026-03-06 21:25:00+00:00,1972.21,1975.42,1970.73,1974.02,363.14
2026-03-06 21:30:00+00:00,1974.02,1975.65,1973.1,1975.64,243.14
2026-03-06 21:35:00+00:00,1975.43,1977.8,1975.11,1976.41,330.88
2026-03-06 21:40:00+00:00,1976.41,1977.45,1975.08,1977.26,195.36
2026-03-06 21:45:00+00:00,1977.24,1978.99,1976.98,1978.34,325.49
2026-03-06 21:50:00+00:00,1978.32,1979.5,1978.08,1978.43,234.65
2026-03-06 21:55:00+00:00,1978.41,1983.72,1977.36,1982.87,685.87
2026-03-06 22:00:00+00:00,1982.85,1984.84,1982.51,1983.2,536.33
2026-03-06 22:05:00+00:00,1983.2,1984.69,1981.18,1984.69,602.99
2026-03-06 22:10:00+00:00,1984.7,1984.78,1982.49,1982.5,379.36
2026-03-06 22:15:00+00:00,1982.5,1984.98,1981.72,1984.11,333.62
2026-03-06 22:20:00+00:00,1984.11,1986.17,1982.27,1982.86,386.66
2026-03-06 22:25:00+00:00,1982.86,1984.29,1982.04,1982.2,180.37
2026-03-06 22:30:00+00:00,1982.18,1982.54,1980.34,1982.54,383.7
2026-03-06 22:35:00+00:00,1982.52,1983.38,1980.76,1983.38,122.88
2026-03-06 22:40:00+00:00,1983.36,1985.86,1983.01,1983.9,392.75
2026-03-06 22:45:00+00:00,1983.92,1986.62,1983.66,1986.18,282.92
2026-03-06 22:50:00+00:00,1986.18,1987.15,1984.94,1986.72,304.95
2026-03-06 22:55:00+00:00,1986.7,1989.07,1985.05,1986.33,799.78
2026-03-06 23:00:00+00:00,1986.5,1986.75,1983.22,1985.05,438.87
2026-03-06 23:05:00+00:00,1985.05,1985.71,1983.68,1985.66,349.76
2026-03-06 23:10:00+00:00,1985.61,1985.77,1983.11,1984.86,191.75
2026-03-06 23:15:00+00:00,1984.88,1985.04,1983.63,1984.71,154.84
2026-03-06 23:20:00+00:00,1984.71,1986.42,1983.69,1986.4,279.68
2026-03-06 23:25:00+00:00,1986.42,1986.42,1984.98,1985.81,198.23
2026-03-06 23:30:00+00:00,1985.81,1985.81,1982.6,1983.91,385.5
2026-03-06 23:35:00+00:00,1983.89,1983.95,1981.0,1981.75,393.39
2026-03-06 23:40:00+00:00,1981.74,1981.76,1979.58,1981.16,431.56
2026-03-06 23:45:00+00:00,1981.06,1982.21,1980.31,1980.89,231.7
2026-03-06 23:50:00+00:00,1980.98,1981.42,1979.24,1980.03,241.13
2026-03-06 23:55:00+00:00,1980.04,1980.08,1975.86,1977.77,877.56
2026-03-07 00:00:00+00:00,1977.77,1978.95,1976.06,1976.17,747.06
2026-03-07 00:05:00+00:00,1976.18,1979.8,1976.15,1979.37,289.19
2026-03-07 00:10:00+00:00,1979.35,1981.63,1979.03,1979.03,379.68
2026-03-07 00:15:00+00:00,1979.03,1980.46,1979.0,1980.45,160.0
2026-03-07 00:20:00+00:00,1980.45,1980.76,1977.0,1978.94,259.93
2026-03-07 00:25:00+00:00,1978.94,1979.55,1977.62,1977.72,1088.82
2026-03-07 00:30:00+00:00,1977.7,1982.22,1977.34,1980.52,882.85
2026-03-07 00:35:00+00:00,1980.5,1980.56,1979.09,1979.64,231.58
2026-03-07 00:40:00+00:00,1979.66,1980.75,1979.01,1979.09,301.06
2026-03-07 00:45:00+00:00,1979.09,1981.16,1978.83,1980.13,182.78
2026-03-07 00:50:00+00:00,1980.11,1982.0,1980.11,1981.99,189.64
2026-03-07 00:55:00+00:00,1982.0,1982.0,1980.19,1980.24,157.48
2026-03-07 01:00:00+00:00,1980.18,1982.4,1980.0,1981.88,347.53
2026-03-07 01:05:00+00:00,1981.9,1982.1,1980.25,1982.05,171.52
2026-03-07 01:10:00+00:00,1982.05,1982.62,1977.66,1979.08,283.15
2026-03-07 01:15:00+00:00,1979.08,1979.95,1978.0,1978.76,441.55
2026-03-07 01:20:00+00:00,1978.73,1978.79,1974.73,1976.32,2353.91
2026-03-07 01:25:00+00:00,1976.27,1978.17,1975.92,1978.15,227.38
2026-03-07 01:30:00+00:00,1978.17,1978.71,1976.54,1978.09,215.19
2026-03-07 01:35:00+00:00,1978.09,1979.41,1977.8,1978.05,188.77
2026-03-07 01:40:00+00:00,1978.07,1978.71,1975.21,1978.71,330.39
2026-03-07 01:45:00+00:00,1978.76,1980.58,1977.49,1980.57,1776.96
2026-03-07 01:50:00+00:00,1980.57,1982.0,1980.27,1980.64,476.65
2026-03-07 01:55:00+00:00,1980.64,1981.31,1979.45,1979.5,172.83
2026-03-07 02:00:00+00:00,1979.65,1980.04,1978.34,1978.96,179.73
2026-03-07 02:05:00+00:00,1978.77,1979.8,1977.71,1979.7,178.96
2026-03-07 02:10:00+00:00,1979.7,1980.23,1978.15,1978.17,143.4
2026-03-07 02:15:00+00:00,1978.15,1979.45,1977.47,1977.49,152.32
2026-03-07 02:20:00+00:00,1977.47,1977.77,1974.76,1975.99,325.64
2026-03-07 02:25:00+00:00,1976.01,1977.12,1974.41,1974.5,331.99
2026-03-07 02:30:00+00:00,1974.48,1975.49,1972.95,1974.61,2158.84
2026-03-07 02:35:00+00:00,1974.61,1975.97,1971.38,1973.9,1697.53
2026-03-07 02:40:00+00:00,1973.93,1976.32,1973.76,1974.08,519.3
2026-03-07 02:45:00+00:00,1974.1,1977.38,1973.52,1977.3,709.47
2026-03-07 02:50:00+00:00,1977.3,1980.64,1976.88,1978.86,608.82
2026-03-07 02:55:00+00:00,1979.04,1983.63,1978.9,1982.43,1179.81
2026-03-07 03:00:00+00:00,1982.43,1984.18,1980.49,1981.59,621.43
2026-03-07 03:05:00+00:00,1981.57,1982.49,1980.45,1981.93,294.08
2026-03-07 03:10:00+00:00,1981.94,1995.0,1981.06,1994.07,2131.78
2026-03-07 03:15:00+00:00,1994.05,1994.05,1986.48,1987.42,1647.14
2026-03-07 03:20:00+00:00,1987.42,1988.41,1983.87,1984.8,818.11
2026-03-07 03:25:00+00:00,1984.78,1985.38,1982.55,1982.93,345.2
2026-03-07 03:30:00+00:00,1982.93,1984.2,1981.34,1983.41,539.09
2026-03-07 03:35:00+00:00,1983.41,1984.76,1981.43,1981.45,391.66
2026-03-07 03:40:00+00:00,1981.45,1982.8,1981.27,1981.77,235.3
2026-03-07 03:45:00+00:00,1981.77,1983.03,1980.79,1981.92,269.18
2026-03-07 03:50:00+00:00,1981.86,1981.88,1978.08,1979.0,1348.75
2026-03-07 03:55:00+00:00,1979.07,1980.35,1979.02,1979.12,886.34
2026-03-07 04:00:00+00:00,1979.12,1979.37,1963.68,1966.32,3933.14
2026-03-07 04:05:00+00:00,1966.3,1970.95,1966.3,1967.82,2278.26
2026-03-07 04:10:00+00:00,1967.8,1970.48,1967.68,1969.76,524.97
2026-03-07 04:15:00+00:00,1969.76,1972.12,1968.84,1971.9,450.64
2026-03-07 04:20:00+00:00,1971.9,1972.72,1970.0,1972.02,492.08
2026-03-07 04:25:00+00:00,1972.04,1973.71,1972.01,1972.87,260.54
2026-03-07 04:30:00+00:00,1972.85,1974.22,1971.16,1971.18,611.46
2026-03-07 04:35:00+00:00,1971.0,1977.76,1971.0,1977.43,737.99
2026-03-07 04:40:00+00:00,1977.43,1978.28,1975.68,1976.53,441.7
2026-03-07 04:45:00+00:00,1976.53,1976.58,1974.92,1974.92,336.4
2026-03-07 04:50:00+00:00,1974.96,1976.26,1974.96,1975.42,178.61
2026-03-07 04:55:00+00:00,1975.42,1976.58,1974.31,1974.33,205.46
2026-03-07 05:00:00+00:00,1974.33,1976.42,1974.25,1976.3,200.51
2026-03-07 05:05:00+00:00,1976.3,1978.11,1975.47,1977.66,322.89
2026-03-07 05:10:00+00:00,1977.45,1977.68,1974.0,1975.61,541.87
2026-03-07 05:15:00+00:00,1975.49,1976.27,1972.19,1972.43,469.57
2026-03-07 05:20:00+00:00,1972.42,1974.12,1971.95,1973.53,468.29
2026-03-07 05:25:00+00:00,1973.53,1975.08,1973.14,1975.02,159.39
2026-03-07 05:30:00+00:00,1975.02,1975.07,1972.27,1972.41,213.68
2026-03-07 05:35:00+00:00,1972.43,1977.78,1972.4,1977.22,322.25
2026-03-07 05:40:00+00:00,1977.24,1977.96,1976.56,1977.52,362.93
2026-03-07 05:45:00+00:00,1977.54,1978.61,1977.06,1977.22,1113.5
2026-03-07 05:50:00+00:00,1977.2,1978.94,1976.75,1978.22,248.22
2026-03-07 05:55:00+00:00,1978.34,1978.34,1976.1,1977.69,220.77
2026-03-07 06:00:00+00:00,1977.67,1977.71,1975.84,1977.01,207.51
2026-03-07 06:05:00+00:00,1976.98,1977.47,1974.92,1975.26,242.34
2026-03-07 06:10:00+00:00,1975.26,1976.04,1974.0,1975.06,425.38
2026-03-07 06:15:00+00:00,1975.03,1976.59,1974.12,1974.12,202.46
2026-03-07 06:20:00+00:00,1974.14,1975.55,1973.13,1974.78,337.82
2026-03-07 06:25:00+00:00,1974.8,1975.1,1973.25,1973.59,322.58
2026-03-07 06:30:00+00:00,1973.57,1974.89,1972.22,1972.28,835.56
2026-03-07 06:35:00+00:00,1972.3,1973.2,1970.28,1972.19,561.66
2026-03-07 06:40:00+00:00,1972.19,1975.69,1972.19,1975.47,342.5
2026-03-07 06:45:00+00:00,1975.47,1975.9,1973.15,1973.59,240.06
2026-03-07 06:50:00+00:00,1973.59,1973.75,1967.88,1970.45,2208.56
2026-03-07 06:55:00+00:00,1970.43,1973.03,1970.43,1970.91,948.51
2026-03-07 07:00:00+00:00,1970.89,1971.48,1968.92,1969.07,1216.43
2026-03-07 07:05:00+00:00,1969.05,1971.03,1965.53,1968.06,2171.59
2026-03-07 07:10:00+00:00,1968.07,1972.39,1967.31,1972.05,1584.3
2026-03-07 07:15:00+00:00,1972.07,1972.72,1970.73,1971.35,554.04
2026-03-07 07:20:00+00:00,1971.37,1976.6,1970.2,1974.57,667.77
2026-03-07 07:25:00+00:00,1974.62,1975.85,1974.43,1974.91,1063.87
2026-03-07 07:30:00+00:00,1974.89,1976.68,1974.77,1975.99,352.42
2026-03-07 07:35:00+00:00,1975.97,1976.5,1973.94,1974.35,329.12
2026-03-07 07:40:00+00:00,1974.45,1977.72,1974.23,1977.04,548.45
2026-03-07 07:45:00+00:00,1977.04,1978.4,1976.85,1977.59,539.74
2026-03-07 07:50:00+00:00,1977.59,1980.26,1977.56,1979.55,676.95
2026-03-07 07:55:00+00:00,1979.57,1983.3,1979.55,1982.23,809.77
2026-03-07 08:00:00+00:00,1982.25,1982.5,1980.45,1981.34,1057.48
2026-03-07 08:05:00+00:00,1981.34,1982.22,1981.06,1981.47,352.38
2026-03-07 08:10:00+00:00,1981.49,1982.33,1980.1,1982.31,542.8
2026-03-07 08:15:00+00:00,1982.31,1985.46,1982.29,1984.08,1015.63
2026-03-07 08:20:00+00:00,1984.09,1986.74,1983.22,1985.5,734.5
2026-03-07 08:25:00+00:00,1985.5,1985.9,1983.78,1984.68,661.95
2026-03-07 08:30:00+00:00,1984.66,1986.62,1983.02,1983.04,711.77
2026-03-07 08:35:00+00:00,1983.02,1984.7,1981.25,1982.26,924.61
2026-03-07 08:40:00+00:00,1982.26,1982.72,1980.55,1980.89,1084.79
2026-03-07 08:45:00+00:00,1980.89,1981.26,1979.89,1980.77,651.37
2026-03-07 08:50:00+00:00,1980.79,1981.34,1979.9,1979.96,593.34
2026-03-07 08:55:00+00:00,1979.98,1980.14,1974.08,1976.68,1525.9
2026-03-07 09:00:00+00:00,1976.66,1977.68,1974.0,1976.46,1558.78
2026-03-07 09:05:00+00:00,1976.46,1979.18,1976.46,1979.05,1446.25
2026-03-07 09:10:00+00:00,1979.07,1983.32,1978.97,1982.87,1188.23
2026-03-07 09:15:00+00:00,1982.89,1988.67,1982.85,1984.6,2980.1
2026-03-07 09:20:00+00:00,1984.62,1985.2,1982.1,1983.58,598.25
2026-03-07 09:25:00+00:00,1983.58,1984.07,1981.92,1982.85,295.57
2026-03-07 09:30:00+00:00,1982.85,1984.79,1982.4,1982.98,464.89
2026-03-07 09:35:00+00:00,1983.08,1983.48,1982.19,1983.18,177.31
2026-03-07 09:40:00+00:00,1983.2,1984.27,1982.57,1984.27,292.9
2026-03-07 09:45:00+00:00,1984.25,1987.28,1983.39,1985.55,372.89
2026-03-07 09:50:00+00:00,1985.55,1986.65,1984.9,1984.91,308.83
2026-03-07 09:55:00+00:00,1984.91,1986.54,1984.91,1985.33,309.12
2026-03-07 10:00:00+00:00,1985.31,1987.48,1983.66,1987.48,927.39
2026-03-07 10:05:00+00:00,1987.43,1987.44,1985.29,1986.44,476.73
2026-03-07 10:10:00+00:00,1986.44,1987.51,1986.2,1987.35,362.41
2026-03-07 10:15:00+00:00,1987.35,1987.71,1983.86,1985.08,530.97
2026-03-07 10:20:00+00:00,1985.07,1985.07,1983.48,1983.55,322.58
2026-03-07 10:25:00+00:00,1983.55,1984.59,1982.85,1983.69,303.83
2026-03-07 10:30:00+00:00,1983.69,1983.84,1981.96,1982.57,239.63
2026-03-07 10:35:00+00:00,1982.59,1984.88,1982.57,1984.36,392.29
2026-03-07 10:40:00+00:00,1984.36,1984.72,1983.27,1983.27,265.03
2026-03-07 10:45:00+00:00,1983.29,1985.0,1982.74,1984.4,374.91
2026-03-07 10:50:00+00:00,1984.4,1984.76,1982.64,1983.2,172.09
2026-03-07 10:55:00+00:00,1983.2,1984.05,1982.25,1983.0,280.42
2026-03-07 11:00:00+00:00,1983.0,1983.2,1981.22,1981.71,439.41
2026-03-07 11:05:00+00:00,1981.71,1984.0,1981.09,1982.26,426.08
2026-03-07 11:10:00+00:00,1982.28,1993.19,1982.23,1993.1,2119.17
2026-03-07 11:15:00+00:00,1993.12,1993.53,1989.05,1990.09,1285.09
2026-03-07 11:20:00+00:00,1990.09,1991.45,1986.58,1987.33,663.06
2026-03-07 11:25:00+00:00,1987.33,1989.24,1987.31,1987.73,354.36
2026-03-07 11:30:00+00:00,1987.75,1987.75,1985.72,1986.5,415.24
2026-03-07 11:35:00+00:00,1986.46,1987.27,1985.97,1986.79,295.14
2026-03-07 11:40:00+00:00,1986.87,1987.72,1985.99,1987.72,270.47
2026-03-07 11:45:00+00:00,1987.71,1987.83,1986.75,1987.04,303.35
2026-03-07 11:50:00+00:00,1987.04,1989.71,1986.92,1988.99,317.8
2026-03-07 11:55:00+00:00,1988.99,1990.17,1987.55,1987.6,401.85
2026-03-07 12:00:00+00:00,1987.62,1989.75,1987.08,1989.74,541.3
2026-03-07 12:05:00+00:00,1989.74,1990.0,1985.86,1986.51,634.26
2026-03-07 12:10:00+00:00,1986.51,1986.81,1985.47,1986.48,503.91
2026-03-07 12:15:00+00:00,1986.46,1988.15,1986.39,1987.48,316.13
2026-03-07 12:20:00+00:00,1987.48,1988.29,1986.39,1987.96,1122.74
2026-03-07 12:25:00+00:00,1987.98,1988.68,1985.18,1986.67,336.81
2026-03-07 12:30:00+00:00,1986.67,1987.37,1985.07,1985.72,431.66
2026-03-07 12:35:00+00:00,1985.72,1985.72,1984.37,1984.7,346.11
2026-03-07 12:40:00+00:00,1984.7,1984.7,1981.94,1982.71,1101.45
2026-03-07 12:45:00+00:00,1982.71,1983.82,1978.37,1980.38,1166.13
2026-03-07 12:50:00+00:00,1980.38,1982.17,1980.18,1981.32,810.72
2026-03-07 12:55:00+00:00,1981.27,1982.13,1979.9,1981.41,3319.11
2026-03-07 13:00:00+00:00,1981.41,1983.08,1980.81,1982.83,364.24
2026-03-07 13:05:00+00:00,1982.85,1982.92,1978.44,1980.73,484.58
2026-03-07 13:10:00+00:00,1980.75,1981.84,1980.01,1981.44,1197.92
2026-03-07 13:15:00+00:00,1981.44,1982.65,1979.69,1979.69,521.89
2026-03-07 13:20:00+00:00,1979.61,1981.66,1979.09,1980.87,733.72
2026-03-07 13:25:00+00:00,1980.9,1982.26,1979.66,1980.96,783.76
2026-03-07 13:30:00+00:00,1980.98,1982.4,1980.16,1980.21,266.33
2026-03-07 13:35:00+00:00,1980.21,1981.95,1976.53,1977.77,968.02
2026-03-07 13:40:00+00:00,1977.77,1981.42,1977.77,1979.6,493.97
2026-03-07 13:45:00+00:00,1979.6,1981.65,1979.06,1980.88,277.43
2026-03-07 13:50:00+00:00,1980.86,1982.02,1980.14,1981.09,419.64
2026-03-07 13:55:00+00:00,1981.09,1981.11,1979.56,1980.77,297.72
2026-03-07 14:00:00+00:00,1980.79,1980.88,1974.7,1977.62,900.21
2026-03-07 14:05:00+00:00,1977.66,1977.76,1972.58,1972.92,1465.88
2026-03-07 14:10:00+00:00,1972.96,1974.84,1969.43,1973.56,2613.39
2026-03-07 14:15:00+00:00,1973.59,1975.31,1972.81,1974.15,1097.41
2026-03-07 14:20:00+00:00,1974.13,1975.25,1972.49,1974.38,757.27
2026-03-07 14:25:00+00:00,1974.36,1975.82,1974.07,1974.55,432.09
2026-03-07 14:30:00+00:00,1974.53,1976.64,1974.49,1975.81,362.92
2026-03-07 14:35:00+00:00,1975.83,1987.01,1975.81,1986.24,4116.18
2026-03-07 14:40:00+00:00,1986.26,1986.79,1983.62,1984.05,1981.74
2026-03-07 14:45:00+00:00,1984.05,1986.4,1982.52,1985.92,1097.49
2026-03-07 14:50:00+00:00,1985.92,1989.67,1985.31,1986.67,1230.77
2026-03-07 14:55:00+00:00,1986.67,1987.07,1985.75,1985.97,355.67
2026-03-07 15:00:00+00:00,1985.97,1985.98,1982.87,1984.35,694.7
2026-03-07 15:05:00+00:00,1984.35,1986.74,1982.92,1985.03,760.47
2026-03-07 15:10:00+00:00,1985.03,1985.09,1983.05,1984.34,281.56
2026-03-07 15:15:00+00:00,1984.36,1986.01,1983.67,1983.68,293.23
2026-03-07 15:20:00+00:00,1983.68,1984.93,1981.36,1984.37,470.0
2026-03-07 15:25:00+00:00,1984.35,1984.37,1981.24,1982.12,334.2
2026-03-07 15:30:00+00:00,1982.18,1984.6,1977.05,1983.74,814.16
2026-03-07 15:35:00+00:00,1983.77,1984.9,1975.24,1977.21,561.36
2026-03-07 15:40:00+00:00,1977.19,1978.5,1975.19,1977.51,1649.29
2026-03-07 15:45:00+00:00,1977.51,1979.6,1975.83,1978.82,898.33
2026-03-07 15:50:00+00:00,1978.82,1980.39,1978.0,1980.05,527.32
2026-03-07 15:55:00+00:00,1980.06,1980.98,1979.85,1980.14,494.01
2026-03-07 16:00:00+00:00,1980.15,1980.15,1977.04,1977.31,468.29
2026-03-07 16:05:00+00:00,1977.25,1978.7,1976.18,1978.37,409.79
2026-03-07 16:10:00+00:00,1978.37,1978.85,1977.47,1978.33,202.53
2026-03-07 16:15:00+00:00,1978.33,1978.63,1973.96,1975.16,1480.22
2026-03-07 16:20:00+00:00,1975.18,1978.19,1974.06,1975.4,479.79
2026-03-07 16:25:00+00:00,1975.4,1976.66,1975.4,1976.04,1024.44
2026-03-07 16:30:00+00:00,1976.06,1977.51,1974.72,1976.74,353.58
2026-03-07 16:35:00+00:00,1976.76,1978.0,1975.88,1976.54,244.19
2026-03-07 16:40:00+00:00,1976.54,1976.62,1973.64,1976.44,448.51
2026-03-07 16:45:00+00:00,1976.46,1977.04,1975.2,1976.38,480.45
2026-03-07 16:50:00+00:00,1976.38,1977.68,1975.51,1975.98,903.54
2026-03-07 16:55:00+00:00,1975.98,1977.36,1975.06,1976.34,224.94
2026-03-07 17:00:00+00:00,1976.36,1979.44,1976.04,1979.37,1919.91
2026-03-07 17:05:00+00:00,1979.37,1979.6,1977.54,1979.59,540.12
2026-03-07 17:10:00+00:00,1979.54,1979.89,1978.5,1978.95,397.76
2026-03-07 17:15:00+00:00,1978.97,1980.06,1978.45,1979.57,211.33
2026-03-07 17:20:00+00:00,1979.61,1982.79,1979.59,1981.2,1010.97
2026-03-07 17:25:00+00:00,1981.22,1981.96,1979.9,1980.23,393.31
2026-03-07 17:30:00+00:00,1980.23,1980.48,1979.84,1979.97,250.54
2026-03-07 17:35:00+00:00,1979.97,1980.45,1979.51,1980.05,436.83
2026-03-07 17:40:00+00:00,1980.03,1980.43,1979.75,1980.04,293.79
2026-03-07 17:45:00+00:00,1980.02,1980.52,1979.53,1980.49,161.66
2026-03-07 17:50:00+00:00,1980.42,1980.42,1979.61,1979.85,191.79
2026-03-07 17:55:00+00:00,1979.85,1979.85,1975.21,1976.57,589.43
2026-03-07 18:00:00+00:00,1976.57,1976.57,1964.94,1969.44,5001.11
2026-03-07 18:05:00+00:00,1969.5,1970.35,1967.44,1969.21,1150.65
2026-03-07 18:10:00+00:00,1969.21,1971.88,1969.21,1970.59,1657.81
2026-03-07 18:15:00+00:00,1970.56,1972.8,1969.61,1969.61,1087.56
2026-03-07 18:20:00+00:00,1969.55,1974.3,1968.37,1972.83,1460.22
2026-03-07 18:25:00+00:00,1972.81,1973.75,1972.36,1973.75,379.25
2026-03-07 18:30:00+00:00,1973.73,1973.73,1967.58,1969.85,529.17
2026-03-07 18:35:00+00:00,1969.91,1971.1,1968.82,1970.55,551.94
2026-03-07 18:40:00+00:00,1970.57,1971.85,1969.95,1971.78,429.9
2026-03-07 18:45:00+00:00,1971.81,1971.92,1969.97,1971.46,831.86
2026-03-07 18:50:00+00:00,1971.46,1971.46,1969.66,1970.66,181.13
2026-03-07 18:55:00+00:00,1970.68,1971.6,1970.26,1970.29,204.53
2026-03-07 19:00:00+00:00,1970.31,1970.31,1967.66,1968.59,1033.43
2026-03-07 19:05:00+00:00,1968.61,1969.95,1967.89,1968.95,622.31
2026-03-07 19:10:00+00:00,1968.97,1969.96,1968.48,1968.48,193.1
2026-03-07 19:15:00+00:00,1968.48,1970.09,1961.36,1963.42,2907.06
2026-03-07 19:20:00+00:00,1963.47,1966.55,1961.87,1962.01,2021.92
2026-03-07 19:25:00+00:00,1961.99,1964.47,1954.86,1957.95,4647.88
2026-03-07 19:30:00+00:00,1957.95,1962.77,1956.81,1960.33,1412.48
2026-03-07 19:35:00+00:00,1960.27,1963.37,1959.91,1961.9,558.64
2026-03-07 19:40:00+00:00,1961.9,1962.93,1960.26,1961.09,494.8
2026-03-07 19:45:00+00:00,1961.06,1961.97,1957.55,1957.76,370.66
2026-03-07 19:50:00+00:00,1957.76,1958.22,1950.5,1952.37,5192.76
2026-03-07 19:55:00+00:00,1952.0,1955.0,1948.0,1954.05,5460.05
2026-03-07 20:00:00+00:00,1954.03,1960.42,1953.75,1959.12,1625.69
2026-03-07 20:05:00+00:00,1959.08,1962.97,1958.42,1960.56,832.07
2026-03-07 20:10:00+00:00,1960.56,1964.36,1960.34,1961.78,24692.6
2026-03-07 20:15:00+00:00,1961.8,1964.24,1961.36,1961.66,420.61
2026-03-07 20:20:00+00:00,1961.66,1963.62,1959.95,1963.56,358.16
2026-03-07 20:25:00+00:00,1963.55,1964.53,1962.36,1962.36,522.79
2026-03-07 20:30:00+00:00,1962.36,1964.35,1961.97,1962.67,257.55
2026-03-07 20:35:00+00:00,1962.67,1967.0,1962.51,1966.71,860.33
2026-03-07 20:40:00+00:00,1966.69,1967.81,1965.17,1965.26,407.6
2026-03-07 20:45:00+00:00,1965.28,1966.48,1964.59,1966.22,408.46
2026-03-07 20:50:00+00:00,1966.2,1966.26,1963.24,1965.33,599.97
2026-03-07 20:55:00+00:00,1965.35,1966.0,1964.45,1965.4,244.19
2026-03-07 21:00:00+00:00,1965.38,1967.77,1963.55,1965.01,413.52
2026-03-07 21:05:00+00:00,1964.98,1967.51,1964.38,1967.43,307.44
2026-03-07 21:10:00+00:00,1967.43,1968.08,1966.56,1967.08,748.86
2026-03-07 21:15:00+00:00,1967.08,1969.92,1966.84,1966.88,538.19
2026-03-07 21:20:00+00:00,1966.88,1968.29,1966.38,1967.34,249.96
2026-03-07 21:25:00+00:00,1967.34,1969.47,1967.32,1968.66,138.74
2026-03-07 21:30:00+00:00,1968.66,1968.66,1965.04,1966.06,312.78
2026-03-07 21:35:00+00:00,1966.06,1966.08,1962.68,1964.32,506.96
2026-03-07 21:40:00+00:00,1964.32,1965.78,1963.88,1965.7,221.7
2026-03-07 21:45:00+00:00,1965.71,1966.53,1963.57,1966.03,228.71
2026-03-07 21:50:00+00:00,1966.05,1967.57,1965.18,1967.53,219.98
2026-03-07 21:55:00+00:00,1967.51,1970.79,1967.23,1969.43,585.88
2026-03-07 22:00:00+00:00,1969.41,1969.56,1967.94,1968.34,376.76
2026-03-07 22:05:00+00:00,1968.34,1970.0,1968.34,1968.63,300.74
2026-03-07 22:10:00+00:00,1968.63,1969.04,1965.88,1966.35,309.29
2026-03-07 22:15:00+00:00,1966.35,1968.29,1966.03,1967.97,205.17
2026-03-07 22:20:00+00:00,1967.94,1968.72,1965.0,1966.81,179.28
2026-03-07 22:25:00+00:00,1966.81,1967.1,1965.55,1965.73,145.3
2026-03-07 22:30:00+00:00,1965.73,1967.53,1964.0,1964.98,454.23
2026-03-07 22:35:00+00:00,1965.0,1965.0,1957.28,1963.04,1207.27
2026-03-07 22:40:00+00:00,1963.08,1965.04,1962.67,1964.38,235.43
2026-03-07 22:45:00+00:00,1964.36,1968.5,1964.36,1967.35,389.82
2026-03-07 22:50:00+00:00,1967.35,1967.66,1965.39,1966.41,257.85
2026-03-07 22:55:00+00:00,1966.41,1966.43,1963.0,1965.35,242.46
2026-03-07 23:00:00+00:00,1965.36,1968.4,1964.24,1967.42,235.55
2026-03-07 23:05:00+00:00,1967.44,1968.81,1966.7,1966.7,272.16
2026-03-07 23:10:00+00:00,1966.7,1968.1,1966.7,1967.18,188.49
2026-03-07 23:15:00+00:00,1967.18,1970.0,1966.07,1968.69,930.02
2026-03-07 23:20:00+00:00,1968.67,1971.72,1968.44,1971.0,766.84
2026-03-07 23:25:00+00:00,1970.99,1972.08,1969.1,1970.42,925.74
2026-03-07 23:30:00+00:00,1970.43,1971.97,1970.36,1971.08,725.24
2026-03-07 23:35:00+00:00,1971.08,1973.08,1968.88,1968.95,1459.27
2026-03-07 23:40:00+00:00,1968.95,1970.02,1968.73,1970.02,292.11
2026-03-07 23:45:00+00:00,1970.02,1970.54,1968.16,1968.34,330.3
2026-03-07 23:50:00+00:00,1968.34,1968.95,1967.87,1968.55,175.6
2026-03-07 23:55:00+00:00,1968.53,1968.83,1968.09,1968.48,225.35
2026-03-08 00:00:00+00:00,1968.49,1971.85,1968.49,1971.85,1244.86
2026-03-08 00:05:00+00:00,1971.85,1972.92,1971.04,1972.14,338.17
2026-03-08 00:10:00+00:00,1972.26,1974.3,1972.18,1972.9,469.95
2026-03-08 00:15:00+00:00,1972.88,1974.0,1972.88,1973.31,245.33
2026-03-08 00:20:00+00:00,1973.34,1976.12,1968.44,1969.89,1676.34
2026-03-08 00:25:00+00:00,1969.87,1970.5,1968.53,1969.4,465.8
2026-03-08 00:30:00+00:00,1969.38,1970.08,1968.64,1969.98,512.29
2026-03-08 00:35:00+00:00,1969.98,1970.0,1967.49,1967.89,418.36
2026-03-08 00:40:00+00:00,1967.97,1969.38,1965.75,1968.71,331.34
2026-03-08 00:45:00+00:00,1968.8,1969.04,1965.68,1966.13,447.76
2026-03-08 00:50:00+00:00,1966.14,1967.52,1965.41,1967.48,253.14
2026-03-08 00:55:00+00:00,1967.5,1968.79,1966.48,1967.78,1037.41
2026-03-08 01:00:00+00:00,1967.78,1968.76,1965.46,1965.48,228.25
2026-03-08 01:05:00+00:00,1965.46,1970.66,1965.26,1969.9,706.77
2026-03-08 01:10:00+00:00,1969.88,1969.88,1966.8,1969.09,175.77
2026-03-08 01:15:00+00:00,1969.09,1970.52,1968.0,1968.41,384.57
2026-03-08 01:20:00+00:00,1968.43,1970.16,1967.81,1968.9,910.39
2026-03-08 01:25:00+00:00,1968.88,1970.65,1967.07,1967.07,243.06
2026-03-08 01:30:00+00:00,1967.26,1967.26,1962.31,1963.03,1082.91
2026-03-08 01:35:00+00:00,1963.05,1966.0,1962.66,1965.61,486.31
2026-03-08 01:40:00+00:00,1965.61,1968.83,1965.4,1968.34,467.37
2026-03-08 01:45:00+00:00,1968.39,1970.26,1967.85,1970.07,416.94
2026-03-08 01:50:00+00:00,1970.09,1970.6,1969.27,1969.78,339.47
2026-03-08 01:55:00+00:00,1969.76,1969.78,1967.26,1967.93,221.93
2026-03-08 02:00:00+00:00,1967.91,1968.76,1967.16,1967.95,146.89
2026-03-08 02:05:00+00:00,1967.95,1967.97,1965.05,1965.58,363.81
2026-03-08 02:10:00+00:00,1965.56,1967.53,1964.13,1967.53,349.14
2026-03-08 02:15:00+00:00,1967.53,1968.94,1966.01,1966.58,327.37
2026-03-08 02:20:00+00:00,1966.56,1967.68,1966.56,1967.0,212.26
2026-03-08 02:25:00+00:00,1967.02,1968.05,1962.46,1963.08,332.08
2026-03-08 02:30:00+00:00,1963.08,1963.17,1960.03,1961.99,1112.02
2026-03-08 02:35:00+00:00,1961.99,1964.11,1960.7,1963.45,801.05
2026-03-08 02:40:00+00:00,1963.44,1968.8,1963.11,1968.04,1163.83
2026-03-08 02:45:00+00:00,1967.97,1967.97,1948.75,1948.75,4245.28
2026-03-08 02:50:00+00:00,1948.75,1951.03,1934.37,1944.43,10931.26
2026-03-08 02:55:00+00:00,1943.87,1946.16,1938.0,1941.27,1975.37
2026-03-08 03:00:00+00:00,1941.33,1946.97,1940.28,1945.41,1252.07
2026-03-08 03:05:00+00:00,1945.4,1947.9,1944.96,1945.3,685.43
2026-03-08 03:10:00+00:00,1945.29,1948.32,1944.95,1946.39,777.41
2026-03-08 03:15:00+00:00,1946.42,1950.57,1946.13,1947.96,990.02
2026-03-08 03:20:00+00:00,1947.96,1949.45,1947.11,1948.51,558.41
2026-03-08 03:25:00+00:00,1948.5,1949.49,1946.72,1948.25,518.2
2026-03-08 03:30:00+00:00,1948.23,1949.75,1944.55,1946.21,677.46
2026-03-08 03:35:00+00:00,1946.2,1949.79,1945.2,1947.83,608.4
2026-03-08 03:40:00+00:00,1947.83,1948.54,1946.16,1947.86,455.17
2026-03-08 03:45:00+00:00,1947.86,1948.99,1947.34,1947.6,212.81
2026-03-08 03:50:00+00:00,1947.6,1948.83,1945.87,1946.57,375.93
2026-03-08 03:55:00+00:00,1946.55,1948.6,1946.39,1946.46,324.19
2026-03-08 04:00:00+00:00,1946.46,1949.69,1945.1,1949.12,1289.86
2026-03-08 04:05:00+00:00,1949.11,1951.92,1948.17,1950.38,779.53
2026-03-08 04:10:00+00:00,1950.38,1951.3,1947.03,1949.46,886.05
2026-03-08 04:15:00+00:00,1949.48,1951.97,1948.22,1951.6,490.05
2026-03-08 04:20:00+00:00,1951.58,1951.88,1950.4,1950.77,359.22
2026-03-08 04:25:00+00:00,1950.77,1951.65,1949.15,1950.0,234.94
2026-03-08 04:30:00+00:00,1949.98,1950.24,1948.65,1949.1,372.09
2026-03-08 04:35:00+00:00,1949.08,1949.1,1945.34,1946.39,997.03
2026-03-08 04:40:00+00:00,1946.37,1947.17,1944.68,1946.41,352.74
2026-03-08 04:45:00+00:00,1946.43,1946.72,1942.19,1944.11,1035.03
2026-03-08 04:50:00+00:00,1944.13,1944.21,1932.45,1933.16,2768.65
2026-03-08 04:55:00+00:00,1933.02,1937.47,1928.7,1937.16,5264.98
2026-03-08 05:00:00+00:00,1937.16,1940.17,1937.04,1939.39,992.47
2026-03-08 05:05:00+00:00,1939.39,1943.62,1939.39,1942.45,1033.79
2026-03-08 05:10:00+00:00,1942.45,1944.04,1941.34,1943.89,602.52
2026-03-08 05:15:00+00:00,1943.89,1947.09,1942.49,1945.41,1050.63
2026-03-08 05:20:00+00:00,1945.43,1949.22,1945.12,1948.31,1632.37
2026-03-08 05:25:00+00:00,1948.3,1949.79,1947.3,1947.35,665.86
2026-03-08 05:30:00+00:00,1947.35,1951.57,1947.0,1947.98,1127.55
2026-03-08 05:35:00+00:00,1947.96,1949.98,1947.92,1949.98,347.06
2026-03-08 05:40:00+00:00,1949.98,1950.39,1948.49,1949.46,290.61
2026-03-08 05:45:00+00:00,1949.46,1950.97,1949.25,1950.2,538.21
2026-03-08 05:50:00+00:00,1950.2,1950.21,1947.19,1948.91,795.99
2026-03-08 05:55:00+00:00,1949.02,1949.78,1946.43,1947.83,715.56
2026-03-08 06:00:00+00:00,1947.82,1950.96,1947.16,1950.02,1103.87
2026-03-08 06:05:00+00:00,1950.02,1950.05,1947.19,1948.02,273.86
2026-03-08 06:10:00+00:00,1948.0,1948.71,1944.88,1945.42,1046.86
2026-03-08 06:15:00+00:00,1945.41,1947.09,1944.93,1945.32,403.02
2026-03-08 06:20:00+00:00,1945.32,1946.19,1944.46,1944.72,277.72
2026-03-08 06:25:00+00:00,1944.72,1944.88,1942.48,1942.6,358.49
2026-03-08 06:30:00+00:00,1942.6,1944.5,1941.89,1942.88,1330.88
2026-03-08 06:35:00+00:00,1942.86,1946.7,1942.86,1946.7,385.8
2026-03-08 06:40:00+00:00,1946.71,1947.62,1946.34,1946.82,265.57
2026-03-08 06:45:00+00:00,1946.8,1947.2,1944.2,1944.35,297.05
2026-03-08 06:50:00+00:00,1944.35,1945.89,1944.35,1945.61,277.7
2026-03-08 06:55:00+00:00,1945.61,1948.12,1945.61,1946.74,925.01
2026-03-08 07:00:00+00:00,1946.76,1950.13,1945.88,1950.1,404.92
2026-03-08 07:05:00+00:00,1950.1,1956.07,1950.05,1955.48,2703.4
2026-03-08 07:10:00+00:00,1955.53,1957.0,1954.21,1955.98,1152.87
2026-03-08 07:15:00+00:00,1956.0,1956.78,1954.64,1956.11,1200.83
2026-03-08 07:20:00+00:00,1956.09,1958.85,1953.92,1954.61,2015.04
2026-03-08 07:25:00+00:00,1954.59,1955.49,1953.1,1954.5,465.11
2026-03-08 07:30:00+00:00,1954.5,1955.27,1952.01,1953.68,512.12
2026-03-08 07:35:00+00:00,1953.47,1953.6,1951.95,1953.6,369.06
2026-03-08 07:40:00+00:00,1953.59,1954.5,1952.7,1953.15,244.87
2026-03-08 07:45:00+00:00,1953.15,1954.44,1951.6,1952.76,460.57
2026-03-08 07:50:00+00:00,1952.74,1954.99,1952.73,1953.63,455.22
2026-03-08 07:55:00+00:00,1953.63,1954.76,1953.14,1953.94,330.64
2026-03-08 08:00:00+00:00,1953.9,1955.02,1949.32,1952.02,797.11
2026-03-08 08:05:00+00:00,1952.02,1953.47,1951.1,1951.78,413.37
2026-03-08 08:10:00+00:00,1951.76,1952.89,1950.02,1950.02,486.72
2026-03-08 08:15:00+00:00,1950.02,1951.3,1947.89,1951.09,529.91
2026-03-08 08:20:00+00:00,1951.07,1951.4,1948.99,1950.12,403.29
2026-03-08 08:25:00+00:00,1950.1,1951.24,1949.45,1950.91,239.42
2026-03-08 08:30:00+00:00,1950.95,1951.98,1949.06,1951.71,270.3
2026-03-08 08:35:00+00:00,1951.69,1954.0,1951.37,1954.0,301.69
2026-03-08 08:40:00+00:00,1954.0,1958.39,1953.85,1957.06,908.27
2026-03-08 08:45:00+00:00,1956.96,1959.51,1956.34,1956.51,1136.65
2026-03-08 08:50:00+00:00,1956.49,1958.0,1955.99,1957.97,335.91
2026-03-08 08:55:00+00:00,1957.97,1959.03,1957.48,1958.56,375.29
2026-03-08 09:00:00+00:00,1958.54,1958.77,1955.55,1956.96,512.97
2026-03-08 09:05:00+00:00,1957.01,1957.83,1955.58,1956.6,605.18
2026-03-08 09:10:00+00:00,1956.6,1966.09,1956.53,1963.45,2052.95
2026-03-08 09:15:00+00:00,1963.58,1968.93,1962.03,1965.68,3139.63
2026-03-08 09:20:00+00:00,1965.58,1966.03,1963.52,1965.62,1185.6
2026-03-08 09:25:00+00:00,1965.6,1967.89,1964.28,1967.5,795.81
2026-03-08 09:30:00+00:00,1967.49,1968.27,1965.02,1965.73,939.11
2026-03-08 09:35:00+00:00,1965.71,1966.15,1964.65,1965.59,530.28
2026-03-08 09:40:00+00:00,1965.57,1966.08,1964.32,1965.51,610.79
2026-03-08 09:45:00+00:00,1965.53,1965.66,1963.54,1964.91,374.43
2026-03-08 09:50:00+00:00,1964.89,1965.25,1962.48,1962.54,563.79
2026-03-08 09:55:00+00:00,1962.55,1963.35,1961.92,1962.63,363.56
2026-03-08 10:00:00+00:00,1962.61,1965.34,1962.29,1964.29,476.23
2026-03-08 10:05:00+00:00,1964.27,1965.41,1962.94,1963.85,332.42
2026-03-08 10:10:00+00:00,1963.87,1965.53,1962.95,1965.44,338.5
2026-03-08 10:15:00+00:00,1965.47,1968.0,1964.94,1967.59,865.24
2026-03-08 10:20:00+00:00,1967.59,1977.98,1966.11,1975.92,5117.08
2026-03-08 10:25:00+00:00,1975.94,1979.1,1974.46,1974.77,2837.18
2026-03-08 10:30:00+00:00,1974.7,1976.43,1972.61,1975.06,921.05
2026-03-08 10:35:00+00:00,1975.07,1975.49,1972.33,1973.44,648.52
2026-03-08 10:40:00+00:00,1973.43,1973.43,1970.57,1972.1,923.71
2026-03-08 10:45:00+00:00,1972.08,1972.1,1970.31,1971.03,1335.22
2026-03-08 10:50:00+00:00,1971.01,1972.33,1970.75,1972.27,704.91
2026-03-08 10:55:00+00:00,1972.31,1974.05,1971.25,1973.22,481.2
2026-03-08 11:00:00+00:00,1973.19,1973.51,1966.79,1966.79,1048.26
2026-03-08 11:05:00+00:00,1966.85,1966.85,1951.15,1954.62,5949.99
2026-03-08 11:10:00+00:00,1954.72,1956.9,1954.72,1955.46,1034.96
2026-03-08 11:15:00+00:00,1955.46,1958.69,1955.46,1957.11,738.8
2026-03-08 11:20:00+00:00,1957.11,1960.12,1956.05,1959.57,790.0
2026-03-08 11:25:00+00:00,1959.55,1959.55,1958.0,1958.11,423.77
2026-03-08 11:30:00+00:00,1958.1,1961.79,1954.0,1954.93,912.84
2026-03-08 11:35:00+00:00,1954.86,1954.86,1948.32,1952.7,2710.16
2026-03-08 11:40:00+00:00,1952.42,1952.67,1943.88,1947.65,3561.47
2026-03-08 11:45:00+00:00,1947.67,1949.85,1945.64,1948.41,817.6
2026-03-08 11:50:00+00:00,1948.43,1951.94,1945.35,1951.2,770.55
2026-03-08 11:55:00+00:00,1951.19,1952.1,1950.21,1950.36,650.6
2026-03-08 12:00:00+00:00,1950.38,1953.88,1950.0,1953.05,1218.89
2026-03-08 12:05:00+00:00,1953.08,1953.1,1937.27,1939.91,3129.61
2026-03-08 12:10:00+00:00,1940.0,1942.42,1931.4,1934.0,6459.96
2026-03-08 12:15:00+00:00,1934.0,1934.54,1924.12,1933.99,8597.16
2026-03-08 12:20:00+00:00,1933.99,1942.89,1933.99,1941.37,3303.62
2026-03-08 12:25:00+00:00,1941.37,1949.27,1941.37,1948.01,2477.69
2026-03-08 12:30:00+00:00,1948.03,1948.03,1944.21,1944.56,1474.38
2026-03-08 12:35:00+00:00,1944.56,1946.9,1944.51,1946.37,1947.02
2026-03-08 12:40:00+00:00,1946.35,1950.92,1946.02,1946.76,1287.8
2026-03-08 12:45:00+00:00,1946.74,1946.76,1942.3,1945.33,857.29
2026-03-08 12:50:00+00:00,1945.33,1946.87,1944.05,1945.75,519.94
2026-03-08 12:55:00+00:00,1945.73,1945.75,1944.0,1945.2,599.39
2026-03-08 13:00:00+00:00,1945.2,1947.09,1941.0,1941.02,713.69
2026-03-08 13:05:00+00:00,1941.05,1942.31,1938.6,1941.61,1146.05
2026-03-08 13:10:00+00:00,1941.61,1941.65,1930.33,1931.38,2223.59
2026-03-08 13:15:00+00:00,1931.45,1937.28,1930.79,1935.53,2133.58
2026-03-08 13:20:00+00:00,1935.51,1937.53,1930.56,1931.94,884.53
2026-03-08 13:25:00+00:00,1931.92,1937.49,1923.33,1935.58,5211.04
2026-03-08 13:30:00+00:00,1935.55,1935.67,1930.6,1931.51,1570.54
2026-03-08 13:35:00+00:00,1931.49,1934.91,1931.4,1933.77,575.88
2026-03-08 13:40:00+00:00,1933.75,1935.3,1927.17,1935.25,1685.2
2026-03-08 13:45:00+00:00,1935.22,1946.17,1934.7,1944.55,3055.35
2026-03-08 13:50:00+00:00,1944.53,1945.6,1940.58,1940.99,1173.62
2026-03-08 13:55:00+00:00,1941.0,1944.8,1940.65,1943.22,948.53
2026-03-08 14:00:00+00:00,1943.22,1944.63,1940.58,1943.15,753.5
2026-03-08 14:05:00+00:00,1943.16,1948.2,1941.93,1944.64,1373.68
2026-03-08 14:10:00+00:00,1944.64,1947.9,1944.29,1945.85,356.25
2026-03-08 14:15:00+00:00,1945.87,1949.69,1943.38,1948.03,1487.04
2026-03-08 14:20:00+00:00,1948.01,1948.76,1944.88,1948.0,487.98
2026-03-08 14:25:00+00:00,1948.0,1948.34,1941.11,1942.07,995.37
2026-03-08 14:30:00+00:00,1942.09,1946.76,1942.07,1942.32,538.67
2026-03-08 14:35:00+00:00,1942.32,1944.48,1940.68,1943.18,855.19
2026-03-08 14:40:00+00:00,1943.24,1943.56,1936.26,1939.06,2153.71
2026-03-08 14:45:00+00:00,1939.06,1940.46,1936.4,1938.56,520.76
2026-03-08 14:50:00+00:00,1938.54,1944.27,1937.96,1943.68,1301.73
2026-03-08 14:55:00+00:00,1943.61,1944.0,1942.68,1943.99,512.35
2026-03-08 15:00:00+00:00,1944.0,1946.62,1939.0,1944.09,1725.63
2026-03-08 15:05:00+00:00,1944.04,1946.62,1939.82,1946.37,593.27
2026-03-08 15:10:00+00:00,1946.35,1946.52,1943.45,1945.27,617.67
2026-03-08 15:15:00+00:00,1945.27,1945.47,1942.62,1944.6,420.61
2026-03-08 15:20:00+00:00,1944.62,1944.62,1938.15,1941.5,586.61
2026-03-08 15:25:00+00:00,1941.42,1941.74,1937.88,1938.05,1128.66
2026-03-08 15:30:00+00:00,1937.92,1940.6,1936.16,1937.6,821.53
2026-03-08 15:35:00+00:00,1937.55,1941.09,1937.18,1939.65,406.76
2026-03-08 15:40:00+00:00,1939.65,1941.51,1939.55,1940.39,417.53
2026-03-08 15:45:00+00:00,1940.34,1942.08,1938.33,1940.0,1745.17
2026-03-08 15:50:00+00:00,1940.0,1940.64,1936.38,1939.74,418.69
2026-03-08 15:55:00+00:00,1939.76,1942.51,1938.37,1941.98,478.72
2026-03-08 16:00:00+00:00,1941.98,1943.63,1940.64,1942.15,1680.37
2026-03-08 16:05:00+00:00,1942.15,1943.64,1941.48,1943.11,296.47
2026-03-08 16:10:00+00:00,1943.11,1943.8,1939.6,1940.14,770.59
2026-03-08 16:15:00+00:00,1940.16,1940.83,1936.67,1940.65,1476.08
2026-03-08 16:20:00+00:00,1940.65,1942.6,1939.29,1942.54,590.71
2026-03-08 16:25:00+00:00,1942.52,1942.8,1940.71,1940.93,299.35
2026-03-08 16:30:00+00:00,1940.91,1942.01,1934.43,1934.5,1050.59
2026-03-08 16:35:00+00:00,1934.56,1937.2,1933.54,1936.88,1655.25
2026-03-08 16:40:00+00:00,1936.88,1938.98,1936.88,1938.2,538.99
2026-03-08 16:45:00+00:00,1938.23,1938.23,1933.42,1935.64,883.27
2026-03-08 16:50:00+00:00,1935.66,1937.07,1933.85,1936.83,1314.24
2026-03-08 16:55:00+00:00,1936.71,1938.15,1932.38,1935.7,1431.91
2026-03-08 17:00:00+00:00,1935.7,1944.48,1934.1,1944.1,1168.03
2026-03-08 17:05:00+00:00,1944.18,1945.52,1942.35,1942.8,2023.94
2026-03-08 17:10:00+00:00,1942.8,1942.91,1935.71,1939.87,1443.7
2026-03-08 17:15:00+00:00,1939.87,1940.82,1938.18,1940.18,511.73
2026-03-08 17:20:00+00:00,1940.2,1940.2,1936.49,1938.27,1606.14
2026-03-08 17:25:00+00:00,1938.27,1939.07,1936.79,1937.51,265.78
2026-03-08 17:30:00+00:00,1937.53,1939.76,1933.55,1934.76,755.39
2026-03-08 17:35:00+00:00,1934.74,1936.93,1933.93,1935.42,418.69
2026-03-08 17:40:00+00:00,1935.43,1936.39,1934.61,1935.33,279.82
2026-03-08 17:45:00+00:00,1935.33,1937.47,1934.32,1935.61,243.71
2026-03-08 17:50:00+00:00,1935.63,1938.15,1934.95,1935.76,2002.23
2026-03-08 17:55:00+00:00,1935.75,1935.76,1932.02,1934.47,764.38
2026-03-08 18:00:00+00:00,1934.48,1935.68,1932.3,1934.06,784.92
2026-03-08 18:05:00+00:00,1934.05,1934.08,1930.71,1931.82,647.44
2026-03-08 18:10:00+00:00,1931.82,1934.15,1931.1,1931.29,584.32
2026-03-08 18:15:00+00:00,1931.29,1932.27,1927.06,1929.73,1366.15
2026-03-08 18:20:00+00:00,1929.73,1934.81,1929.14,1933.92,1004.69
2026-03-08 18:25:00+00:00,1933.96,1935.2,1933.08,1933.62,409.88
2026-03-08 18:30:00+00:00,1933.62,1934.99,1933.13,1933.27,826.87
2026-03-08 18:35:00+00:00,1933.25,1935.65,1930.0,1931.74,344.68
2026-03-08 18:40:00+00:00,1931.72,1931.72,1927.34,1928.81,2277.32
2026-03-08 18:45:00+00:00,1928.83,1930.39,1926.64,1927.28,466.86
2026-03-08 18:50:00+00:00,1927.63,1930.29,1927.37,1929.69,417.19
2026-03-08 18:55:00+00:00,1929.72,1931.5,1928.65,1928.9,341.99
2026-03-08 19:00:00+00:00,1928.9,1934.69,1926.82,1934.38,692.35
2026-03-08 19:05:00+00:00,1934.41,1939.0,1933.02,1938.96,2312.42
2026-03-08 19:10:00+00:00,1938.96,1948.55,1938.23,1944.99,2241.33
2026-03-08 19:15:00+00:00,1945.01,1955.68,1943.16,1951.38,2371.17
2026-03-08 19:20:00+00:00,1951.38,1961.89,1949.7,1957.92,2306.03
2026-03-08 19:25:00+00:00,1957.9,1959.87,1956.14,1958.08,1187.27
2026-03-08 19:30:00+00:00,1958.06,1967.0,1956.43,1966.06,2522.62
2026-03-08 19:35:00+00:00,1965.95,1967.38,1961.62,1963.46,1553.57
2026-03-08 19:40:00+00:00,1963.5,1965.3,1961.54,1965.15,807.86
2026-03-08 19:45:00+00:00,1965.15,1968.35,1962.65,1965.19,1820.56
2026-03-08 19:50:00+00:00,1965.19,1965.36,1960.83,1962.63,1196.71
2026-03-08 19:55:00+00:00,1962.65,1963.74,1962.01,1963.34,408.84
2026-03-08 20:00:00+00:00,1963.32,1964.24,1958.11,1958.39,1437.7
2026-03-08 20:05:00+00:00,1958.37,1959.04,1956.33,1956.79,1402.14
2026-03-08 20:10:00+00:00,1956.79,1957.67,1953.2,1953.25,560.57
2026-03-08 20:15:00+00:00,1953.22,1959.55,1952.35,1957.71,765.01
2026-03-08 20:20:00+00:00,1957.69,1958.03,1952.15,1953.36,308.32
2026-03-08 20:25:00+00:00,1953.34,1956.41,1952.93,1954.81,454.76
2026-03-08 20:30:00+00:00,1954.87,1963.91,1954.38,1962.73,537.99
2026-03-08 20:35:00+00:00,1962.73,1970.17,1961.75,1964.29,1736.28
2026-03-08 20:40:00+00:00,1964.2,1967.04,1963.14,1964.3,754.22
2026-03-08 20:45:00+00:00,1963.78,1965.26,1962.14,1963.2,425.46
2026-03-08 20:50:00+00:00,1963.18,1965.21,1954.79,1958.95,1968.29
2026-03-08 20:55:00+00:00,1958.97,1959.49,1956.89,1957.23,331.2
2026-03-08 21:00:00+00:00,1957.49,1960.72,1956.09,1957.5,825.23
2026-03-08 21:05:00+00:00,1957.52,1957.52,1948.39,1948.95,3616.68
2026-03-08 21:10:00+00:00,1948.97,1951.82,1944.64,1947.23,1468.93
2026-03-08 21:15:00+00:00,1947.19,1948.9,1943.3,1946.87,2703.87
2026-03-08 21:20:00+00:00,1946.87,1951.82,1946.45,1951.13,717.71
2026-03-08 21:25:00+00:00,1951.15,1951.57,1949.48,1949.93,395.68
2026-03-08 21:30:00+00:00,1949.91,1952.17,1948.59,1950.55,2068.59
2026-03-08 21:35:00+00:00,1950.55,1952.56,1950.0,1951.09,323.15
2026-03-08 21:40:00+00:00,1951.07,1953.84,1950.8,1952.94,316.38
2026-03-08 21:45:00+00:00,1952.96,1954.91,1951.41,1952.1,734.94
2026-03-08 21:50:00+00:00,1952.13,1952.68,1950.24,1952.53,1120.91
2026-03-08 21:55:00+00:00,1952.53,1954.5,1951.21,1952.39,496.34
2026-03-08 22:00:00+00:00,1952.41,1952.41,1914.0,1915.0,10941.51
2026-03-08 22:05:00+00:00,1915.56,1931.55,1909.31,1927.22,11005.54
2026-03-08 22:10:00+00:00,1927.2,1933.95,1919.44,1928.1,4962.56
2026-03-08 22:15:00+00:00,1927.96,1932.71,1921.61,1923.65,2651.17
2026-03-08 22:20:00+00:00,1923.76,1924.82,1917.74,1920.56,2704.59
2026-03-08 22:25:00+00:00,1920.56,1933.25,1919.76,1928.26,3330.3
2026-03-08 22:30:00+00:00,1928.24,1933.99,1922.16,1933.43,1848.12
2026-03-08 22:35:00+00:00,1933.46,1945.27,1931.7,1935.83,4915.26
2026-03-08 22:40:00+00:00,1935.83,1938.05,1935.0,1936.45,1230.35
2026-03-08 22:45:00+00:00,1936.44,1947.6,1936.37,1939.84,2627.0
2026-03-08 22:50:00+00:00,1939.32,1943.75,1938.0,1941.84,1005.95
2026-03-08 22:55:00+00:00,1941.84,1942.53,1939.06,1941.84,1459.02
2026-03-08 23:00:00+00:00,1941.84,1949.58,1940.01,1948.93,2545.62
2026-03-08 23:05:00+00:00,1948.94,1951.44,1943.55,1944.53,2689.71
2026-03-08 23:10:00+00:00,1944.53,1947.34,1941.0,1947.22,1665.0
2026-03-08 23:15:00+00:00,1947.22,1951.11,1943.84,1943.85,1695.21
2026-03-08 23:20:00+00:00,1943.87,1952.85,1942.22,1951.82,3234.33
2026-03-08 23:25:00+00:00,1951.87,1954.0,1948.32,1950.23,2135.99
2026-03-08 23:30:00+00:00,1950.23,1951.32,1946.59,1947.95,582.84
2026-03-08 23:35:00+00:00,1947.97,1948.24,1939.5,1940.31,1429.4
2026-03-08 23:40:00+00:00,1940.5,1941.96,1937.08,1937.72,2900.6
2026-03-08 23:45:00+00:00,1937.72,1941.45,1934.18,1940.04,3669.51
2026-03-08 23:50:00+00:00,1940.26,1942.83,1936.38,1937.85,885.3
2026-03-08 23:55:00+00:00,1937.87,1940.61,1934.27,1935.94,996.19
2026-03-09 00:00:00+00:00,1935.96,1940.39,1934.62,1939.55,1223.08
2026-03-09 00:05:00+00:00,1939.55,1948.62,1939.55,1945.87,1579.69
2026-03-09 00:10:00+00:00,1945.87,1951.26,1944.08,1945.55,1539.74
2026-03-09 00:15:00+00:00,1945.57,1947.68,1941.39,1941.4,502.65
2026-03-09 00:20:00+00:00,1941.4,1943.36,1931.79,1932.86,1759.07
2026-03-09 00:25:00+00:00,1932.8,1941.83,1928.52,1941.2,2057.23
2026-03-09 00:30:00+00:00,1941.18,1954.67,1941.18,1950.73,2845.71
2026-03-09 00:35:00+00:00,1950.73,1965.45,1950.72,1956.79,4503.88
2026-03-09 00:40:00+00:00,1956.77,1957.94,1952.15,1955.05,1179.85
2026-03-09 00:45:00+00:00,1955.15,1958.17,1950.94,1952.12,1056.96
2026-03-09 00:50:00+00:00,1952.12,1955.08,1945.9,1947.3,1879.05
2026-03-09 00:55:00+00:00,1947.3,1951.28,1945.89,1949.83,1113.68
2026-03-09 01:00:00+00:00,1949.83,1953.56,1945.5,1947.01,1252.6
2026-03-09 01:05:00+00:00,1947.01,1948.47,1941.64,1945.39,1173.64
2026-03-09 01:10:00+00:00,1945.38,1951.49,1943.68,1948.91,883.94
2026-03-09 01:15:00+00:00,1949.07,1955.3,1947.75,1950.94,589.56
2026-03-09 01:20:00+00:00,1950.94,1953.94,1945.23,1952.91,835.05
2026-03-09 01:25:00+00:00,1952.93,1956.14,1950.2,1950.61,829.56
2026-03-09 01:30:00+00:00,1950.63,1962.12,1946.64,1958.86,1263.31
2026-03-09 01:35:00+00:00,1958.77,1962.12,1956.35,1957.35,2210.43
2026-03-09 01:40:00+00:00,1957.33,1958.77,1955.12,1957.37,524.78
2026-03-09 01:45:00+00:00,1957.39,1958.52,1952.84,1953.58,1037.9
2026-03-09 01:50:00+00:00,1953.56,1953.92,1950.16,1950.26,1041.16
2026-03-09 01:55:00+00:00,1950.26,1951.82,1943.69,1944.74,1491.22
2026-03-09 02:00:00+00:00,1944.74,1948.35,1942.62,1943.91,1583.65
2026-03-09 02:05:00+00:00,1943.89,1950.44,1939.88,1947.63,1370.98
2026-03-09 02:10:00+00:00,1947.63,1952.66,1943.3,1944.87,1126.54
2026-03-09 02:15:00+00:00,1944.83,1944.9,1937.11,1939.91,1502.34
2026-03-09 02:20:00+00:00,1939.95,1944.84,1938.7,1944.41,1503.17
2026-03-09 02:25:00+00:00,1944.58,1945.57,1942.02,1943.25,1212.58
2026-03-09 02:30:00+00:00,1943.2,1946.96,1940.01,1946.6,529.98
2026-03-09 02:35:00+00:00,1946.58,1960.38,1946.0,1955.84,2019.95
2026-03-09 02:40:00+00:00,1955.84,1959.59,1954.89,1958.39,630.9
2026-03-09 02:45:00+00:00,1958.37,1960.84,1956.0,1958.93,491.11
2026-03-09 02:50:00+00:00,1959.0,1962.0,1957.72,1960.16,893.69
2026-03-09 02:55:00+00:00,1960.19,1962.35,1958.65,1958.82,557.59
2026-03-09 03:00:00+00:00,1958.83,1972.76,1958.13,1969.72,2926.81
2026-03-09 03:05:00+00:00,1969.73,1982.51,1967.26,1981.01,2984.79
2026-03-09 03:10:00+00:00,1981.03,1997.3,1980.51,1997.3,8180.3
2026-03-09 03:15:00+00:00,1996.75,2003.58,1990.77,2002.47,4601.77
2026-03-09 03:20:00+00:00,2002.47,2004.35,1979.16,1979.8,6871.35
2026-03-09 03:25:00+00:00,1980.0,1983.95,1978.96,1983.63,1495.42
2026-03-09 03:30:00+00:00,1983.59,1986.62,1980.94,1983.79,1090.52
2026-03-09 03:35:00+00:00,1983.74,1984.39,1976.2,1977.06,1072.5
2026-03-09 03:40:00+00:00,1977.03,1977.85,1975.48,1976.26,1602.32
2026-03-09 03:45:00+00:00,1976.23,1978.0,1973.76,1975.7,720.54
2026-03-09 03:50:00+00:00,1975.68,1979.04,1971.76,1972.88,1127.38
2026-03-09 03:55:00+00:00,1972.91,1976.99,1972.21,1976.59,1171.29
2026-03-09 04:00:00+00:00,1976.57,1979.82,1976.0,1978.33,2595.73
2026-03-09 04:05:00+00:00,1978.33,1981.08,1978.1,1978.53,871.67
2026-03-09 04:10:00+00:00,1978.52,1981.78,1973.5,1974.27,772.18
2026-03-09 04:15:00+00:00,1974.25,1977.21,1972.48,1975.42,563.42
2026-03-09 04:20:00+00:00,1975.42,1982.86,1975.4,1982.82,816.68
2026-03-09 04:25:00+00:00,1982.82,1988.71,1982.25,1986.08,1322.31
2026-03-09 04:30:00+00:00,1986.08,1986.08,1983.24,1984.94,613.05
2026-03-09 04:35:00+00:00,1984.83,1986.33,1983.67,1985.32,417.0
2026-03-09 04:40:00+00:00,1985.31,1985.94,1982.19,1984.67,537.7
2026-03-09 04:45:00+00:00,1984.67,1985.76,1982.4,1983.29,417.22
2026-03-09 04:50:00+00:00,1983.34,1984.22,1978.65,1980.36,898.94
2026-03-09 04:55:00+00:00,1980.34,1980.5,1975.68,1976.42,662.87
2026-03-09 05:00:00+00:00,1976.43,1980.71,1975.35,1979.68,834.51
2026-03-09 05:05:00+00:00,1979.68,1981.64,1978.41,1980.09,655.54
2026-03-09 05:10:00+00:00,1980.09,1981.03,1977.91,1979.86,489.74
2026-03-09 05:15:00+00:00,1979.86,1981.39,1977.68,1978.9,293.07
2026-03-09 05:20:00+00:00,1978.9,1986.92,1977.55,1983.38,1049.37
2026-03-09 05:25:00+00:00,1983.38,1988.18,1983.04,1986.77,813.24
2026-03-09 05:30:00+00:00,1986.9,1995.85,1985.73,1992.0,2279.41
2026-03-09 05:35:00+00:00,1992.0,1992.01,1986.92,1990.18,1833.91
2026-03-09 05:40:00+00:00,1990.21,2007.09,1989.25,2002.26,5327.19
2026-03-09 05:45:00+00:00,2002.8,2012.5,1996.2,2012.44,5127.5
2026-03-09 05:50:00+00:00,2012.38,2013.48,2006.0,2009.29,5177.57
2026-03-09 05:55:00+00:00,2009.27,2009.91,2006.94,2009.91,1343.87
2026-03-09 06:00:00+00:00,2009.89,2011.89,2005.5,2005.51,1246.59
2026-03-09 06:05:00+00:00,2005.51,2006.44,2003.1,2003.59,1173.48
2026-03-09 06:10:00+00:00,2003.6,2007.55,2003.14,2006.45,836.67
2026-03-09 06:15:00+00:00,2006.45,2009.97,2003.22,2003.95,758.17
2026-03-09 06:20:00+00:00,2003.95,2004.04,1998.91,2002.91,1056.77
2026-03-09 06:25:00+00:00,2002.91,2004.0,1997.34,1997.94,695.51
2026-03-09 06:30:00+00:00,1997.96,2000.65,1995.83,1996.57,1632.92
2026-03-09 06:35:00+00:00,1996.55,1996.89,1992.4,1992.46,1331.88
2026-03-09 06:40:00+00:00,1992.42,1992.74,1986.69,1989.45,2366.0
2026-03-09 06:45:00+00:00,1989.45,1989.48,1984.13,1986.87,1420.35
2026-03-09 06:50:00+00:00,1986.89,1988.85,1982.78,1985.65,1144.44
2026-03-09 06:55:00+00:00,1985.63,1985.94,1982.81,1984.16,464.0
2026-03-09 07:00:00+00:00,1984.16,1984.94,1977.57,1979.15,1349.89
2026-03-09 07:05:00+00:00,1979.13,1979.42,1974.23,1976.69,2650.86
2026-03-09 07:10:00+00:00,1976.51,1978.4,1972.8,1974.36,971.04
2026-03-09 07:15:00+00:00,1974.37,1977.79,1962.78,1966.33,4436.95
2026-03-09 07:20:00+00:00,1966.35,1974.0,1966.0,1972.52,1888.45
2026-03-09 07:25:00+00:00,1972.5,1977.83,1971.78,1975.64,1224.19
2026-03-09 07:30:00+00:00,1975.69,1978.5,1974.45,1975.9,1290.19
2026-03-09 07:35:00+00:00,1975.9,1981.76,1975.9,1978.64,1330.26
2026-03-09 07:40:00+00:00,1978.67,1983.4,1977.27,1981.1,1503.06
2026-03-09 07:45:00+00:00,1981.08,1982.58,1978.95,1981.42,466.31
2026-03-09 07:50:00+00:00,1981.4,1982.31,1978.18,1981.23,441.03
2026-03-09 07:55:00+00:00,1981.23,1984.26,1980.58,1982.72,587.46
2026-03-09 08:00:00+00:00,1982.89,1986.69,1980.0,1980.0,1277.53
2026-03-09 08:05:00+00:00,1980.0,1986.62,1977.97,1985.11,875.49
2026-03-09 08:10:00+00:00,1985.17,1986.72,1981.11,1985.68,1927.77
2026-03-09 08:15:00+00:00,1985.68,1986.39,1980.27,1983.01,1151.55
2026-03-09 08:20:00+00:00,1982.99,1993.87,1982.66,1990.21,2002.9
2026-03-09 08:25:00+00:00,1990.13,1997.04,1989.52,1994.89,1956.8
2026-03-09 08:30:00+00:00,1994.86,1998.78,1993.99,1998.14,1926.87
2026-03-09 08:35:00+00:00,1998.16,1999.24,1989.66,1991.67,2333.68
2026-03-09 08:40:00+00:00,1991.73,1994.27,1989.74,1992.17,1005.01
2026-03-09 08:45:00+00:00,1992.17,1997.2,1990.09,1993.35,1119.97
2026-03-09 08:50:00+00:00,1993.37,1998.61,1993.14,1997.23,645.08
2026-03-09 08:55:00+00:00,1997.25,1997.8,1994.67,1995.68,400.3
2026-03-09 09:00:00+00:00,1995.74,1996.59,1992.74,1992.89,1503.12
2026-03-09 09:05:00+00:00,1992.81,1993.26,1985.55,1990.39,1302.79
2026-03-09 09:10:00+00:00,1990.37,1995.93,1988.01,1995.04,1837.74
2026-03-09 09:15:00+00:00,1994.97,2001.61,1993.0,1996.12,2470.6
2026-03-09 09:20:00+00:00,1996.12,2000.49,1996.03,1999.93,707.26
2026-03-09 09:25:00+00:00,1999.83,2003.59,1998.2,2002.97,1824.78
2026-03-09 09:30:00+00:00,2002.95,2012.85,1998.11,2010.24,4514.42
2026-03-09 09:35:00+00:00,2010.21,2021.07,2009.44,2014.51,6332.29
2026-03-09 09:40:00+00:00,2014.57,2018.4,2013.04,2015.02,1471.89
2026-03-09 09:45:00+00:00,2015.04,2016.91,2008.8,2009.66,1711.38
2026-03-09 09:50:00+00:00,2009.64,2009.9,2005.0,2006.06,1588.3
2026-03-09 09:55:00+00:00,2006.08,2007.17,2001.71,2003.49,1630.41
2026-03-09 10:00:00+00:00,2003.51,2005.85,1998.92,2003.19,1469.27
2026-03-09 10:05:00+00:00,2003.19,2006.04,2000.24,2003.83,1564.79
2026-03-09 10:10:00+00:00,2003.83,2003.94,2000.32,2001.64,951.71
2026-03-09 10:15:00+00:00,2001.62,2002.87,1998.25,2000.46,1072.1
2026-03-09 10:20:00+00:00,2000.46,2005.14,2000.3,2001.78,759.5
2026-03-09 10:25:00+00:00,2001.76,2004.93,2000.11,2000.55,809.22
2026-03-09 10:30:00+00:00,2000.55,2002.89,1996.83,2002.67,1195.62
2026-03-09 10:35:00+00:00,2002.86,2003.28,1996.53,1998.89,1163.28
2026-03-09 10:40:00+00:00,1998.91,2000.5,1994.43,1995.73,1244.99
2026-03-09 10:45:00+00:00,1995.75,1997.63,1993.61,1995.08,1061.34
2026-03-09 10:50:00+00:00,1995.08,1995.8,1992.19,1994.58,1270.11
2026-03-09 10:55:00+00:00,1994.56,1994.69,1991.51,1994.42,816.96
2026-03-09 11:00:00+00:00,1994.4,1998.14,1992.8,1996.56,1557.06
2026-03-09 11:05:00+00:00,1996.56,1999.14,1996.56,1997.01,774.03
2026-03-09 11:10:00+00:00,1997.01,1997.15,1995.03,1995.9,594.13
2026-03-09 11:15:00+00:00,1995.92,1996.51,1982.22,1982.61,3657.14
2026-03-09 11:20:00+00:00,1982.61,1987.96,1980.04,1986.58,2771.35
2026-03-09 11:25:00+00:00,1986.62,1986.62,1983.0,1983.16,1055.04
2026-03-09 11:30:00+00:00,1983.16,1989.08,1982.56,1989.08,1163.4
2026-03-09 11:35:00+00:00,1989.06,1992.18,1988.37,1991.0,933.82
2026-03-09 11:40:00+00:00,1990.88,1991.33,1988.5,1991.04,494.61
2026-03-09 11:45:00+00:00,1991.02,1994.12,1988.34,1988.34,1446.17
2026-03-09 11:50:00+00:00,1988.32,1995.09,1987.13,1994.35,661.59
2026-03-09 11:55:00+00:00,1994.35,1995.87,1990.63,1991.41,722.79
2026-03-09 12:00:00+00:00,1991.41,1997.58,1991.41,1996.61,823.81
2026-03-09 12:05:00+00:00,1996.51,1996.58,1994.05,1994.3,445.8
2026-03-09 12:10:00+00:00,1994.25,1996.55,1992.75,1996.47,396.48
2026-03-09 12:15:00+00:00,1996.45,2002.55,1996.42,2001.85,993.54
2026-03-09 12:20:00+00:00,2001.85,2005.0,2000.43,2004.47,1702.1
2026-03-09 12:25:00+00:00,2004.48,2007.85,2001.04,2007.02,1371.89
2026-03-09 12:30:00+00:00,2007.02,2007.37,2001.4,2002.29,1156.92
2026-03-09 12:35:00+00:00,2002.29,2012.94,2001.89,2008.72,1936.22
2026-03-09 12:40:00+00:00,2008.65,2008.84,2001.32,2001.69,1388.47
2026-03-09 12:45:00+00:00,2001.69,2004.15,2000.81,2000.92,861.28
2026-03-09 12:50:00+00:00,2000.92,2003.33,1997.94,2001.24,1562.27
2026-03-09 12:55:00+00:00,2001.59,2003.58,2000.29,2001.48,542.44
2026-03-09 13:00:00+00:00,2001.46,2003.92,2000.45,2003.64,935.47
2026-03-09 13:05:00+00:00,2003.64,2005.32,2001.12,2004.28,658.82
2026-03-09 13:10:00+00:00,2004.32,2012.66,2003.83,2008.34,2574.17
2026-03-09 13:15:00+00:00,2008.35,2008.9,2002.17,2002.91,2421.2
2026-03-09 13:20:00+00:00,2002.93,2003.24,2000.11,2000.5,1544.01
2026-03-09 13:25:00+00:00,2000.5,2017.91,2000.24,2017.0,9326.0
2026-03-09 13:30:00+00:00,2016.99,2024.0,2013.0,2024.0,7130.13
2026-03-09 13:35:00+00:00,2023.99,2024.0,2008.29,2009.0,3887.64
2026-03-09 13:40:00+00:00,2009.0,2028.45,2006.83,2027.24,4341.42
2026-03-09 13:45:00+00:00,2027.14,2028.96,2017.35,2018.43,6075.47
2026-03-09 13:50:00+00:00,2018.43,2021.8,2012.67,2014.41,3770.6
2026-03-09 13:55:00+00:00,2014.41,2021.5,2011.91,2017.23,2136.95
2026-03-09 14:00:00+00:00,2017.23,2025.55,2015.28,2020.5,2312.34
2026-03-09 14:05:00+00:00,2020.53,2021.42,2007.65,2010.37,3179.88
2026-03-09 14:10:00+00:00,2010.37,2014.73,2007.0,2013.32,2377.81
2026-03-09 14:15:00+00:00,2013.35,2029.68,2013.22,2021.91,5566.87
2026-03-09 14:20:00+00:00,2021.88,2024.4,2017.52,2021.18,1534.21
2026-03-09 14:25:00+00:00,2021.04,2025.19,2016.55,2020.03,1171.89
2026-03-09 14:30:00+00:00,2020.02,2025.0,2017.2,2020.6,1863.09
2026-03-09 14:35:00+00:00,2020.53,2026.67,2018.74,2025.1,1496.4
2026-03-09 14:40:00+00:00,2025.11,2032.08,2022.62,2029.62,2914.05
2026-03-09 14:45:00+00:00,2029.7,2030.01,2022.71,2024.82,1744.67
2026-03-09 14:50:00+00:00,2024.82,2029.63,2024.09,2027.63,1434.47
2026-03-09 14:55:00+00:00,2027.55,2028.32,2019.7,2021.32,1658.0
2026-03-09 15:00:00+00:00,2021.34,2025.64,2018.95,2020.5,1594.68
2026-03-09 15:05:00+00:00,2020.47,2022.93,2013.89,2014.9,1128.26
2026-03-09 15:10:00+00:00,2014.83,2024.94,2014.64,2024.94,2019.77
2026-03-09 15:15:00+00:00,2024.95,2028.4,2020.55,2021.78,1201.07
2026-03-09 15:20:00+00:00,2021.82,2025.82,2021.34,2024.74,712.02
2026-03-09 15:25:00+00:00,2024.74,2027.14,2023.29,2024.33,457.68
2026-03-09 15:30:00+00:00,2024.31,2026.66,2015.25,2017.61,1028.89
2026-03-09 15:35:00+00:00,2017.52,2020.47,2013.47,2018.03,1767.0
2026-03-09 15:40:00+00:00,2018.05,2021.44,2017.39,2018.95,798.39
2026-03-09 15:45:00+00:00,2018.93,2023.84,2018.48,2020.67,810.96
2026-03-09 15:50:00+00:00,2020.67,2022.58,2019.42,2022.27,363.2
2026-03-09 15:55:00+00:00,2022.2,2027.52,2021.5,2021.51,1617.72
2026-03-09 16:00:00+00:00,2021.51,2028.48,2019.63,2025.9,1658.06
2026-03-09 16:05:00+00:00,2025.9,2031.16,2024.4,2025.18,2270.71
2026-03-09 16:10:00+00:00,2025.2,2025.23,2022.27,2022.3,1150.05
2026-03-09 16:15:00+00:00,2022.3,2023.1,2019.81,2020.59,888.54
2026-03-09 16:20:00+00:00,2020.61,2022.0,2018.07,2021.77,1607.7
2026-03-09 16:25:00+00:00,2021.78,2030.56,2019.45,2027.73,2061.08
2026-03-09 16:30:00+00:00,2027.77,2029.0,2017.73,2020.66,1318.63
2026-03-09 16:35:00+00:00,2020.66,2026.56,2020.39,2025.88,1111.85
2026-03-09 16:40:00+00:00,2025.9,2030.2,2025.86,2027.53,1971.23
2026-03-09 16:45:00+00:00,2027.53,2028.42,2024.13,2027.62,1260.32
2026-03-09 16:50:00+00:00,2027.62,2037.65,2026.42,2026.88,3499.05
2026-03-09 16:55:00+00:00,2027.02,2029.28,2024.33,2026.25,999.53
2026-03-09 17:00:00+00:00,2026.25,2028.1,2023.52,2026.65,1257.54
2026-03-09 17:05:00+00:00,2026.65,2029.31,2026.22,2028.06,633.75
2026-03-09 17:10:00+00:00,2028.06,2030.96,2027.17,2028.26,779.67
2026-03-09 17:15:00+00:00,2028.26,2031.35,2023.51,2024.62,804.06
2026-03-09 17:20:00+00:00,2024.62,2025.32,2018.79,2023.49,1769.57
2026-03-09 17:25:00+00:00,2023.43,2024.14,2018.03,2019.61,1033.81
2026-03-09 17:30:00+00:00,2019.44,2022.5,2017.92,2018.36,678.47
2026-03-09 17:35:00+00:00,2018.34,2020.4,2012.7,2012.84,1730.66
2026-03-09 17:40:00+00:00,2012.86,2014.25,2005.0,2009.51,3593.28
2026-03-09 17:45:00+00:00,2009.51,2013.78,2008.87,2011.25,1326.69
2026-03-09 17:50:00+00:00,2011.27,2018.56,2010.9,2017.79,1581.45
2026-03-09 17:55:00+00:00,2017.77,2020.18,2015.26,2015.76,1031.81
2026-03-09 18:00:00+00:00,2015.76,2016.53,2010.04,2011.1,827.3
2026-03-09 18:05:00+00:00,2011.12,2012.36,2005.48,2007.68,2502.69
2026-03-09 18:10:00+00:00,2007.7,2012.28,2007.35,2011.55,1179.98
2026-03-09 18:15:00+00:00,2011.55,2021.5,2010.75,2019.79,1676.44
2026-03-09 18:20:00+00:00,2019.79,2020.0,2014.35,2017.21,1340.22
2026-03-09 18:25:00+00:00,2017.21,2018.0,2015.72,2016.87,308.28
2026-03-09 18:30:00+00:00,2016.88,2021.6,2016.0,2020.08,787.44
2026-03-09 18:35:00+00:00,2020.08,2020.08,2014.7,2015.96,795.11
2026-03-09 18:40:00+00:00,2015.95,2017.65,2014.62,2015.55,350.99
2026-03-09 18:45:00+00:00,2015.55,2017.96,2011.75,2012.32,485.17
2026-03-09 18:50:00+00:00,2012.3,2014.94,2011.85,2014.86,534.19
2026-03-09 18:55:00+00:00,2014.86,2015.07,2009.45,2011.07,792.79
2026-03-09 19:00:00+00:00,2011.09,2014.04,2010.53,2012.8,349.79
2026-03-09 19:05:00+00:00,2012.57,2013.22,2010.01,2012.35,315.33
2026-03-09 19:10:00+00:00,2012.37,2012.91,2008.94,2009.41,478.56
2026-03-09 19:15:00+00:00,2009.39,2025.66,2009.1,2025.13,1640.04
2026-03-09 19:20:00+00:00,2025.25,2033.09,2021.4,2032.95,4097.09
2026-03-09 19:25:00+00:00,2032.91,2049.83,2032.03,2049.08,7970.57
2026-03-09 19:30:00+00:00,2049.18,2052.77,2038.58,2039.07,5882.18
2026-03-09 19:35:00+00:00,2039.01,2041.28,2030.44,2032.23,2829.94
2026-03-09 19:40:00+00:00,2032.23,2032.83,2025.17,2030.56,1726.5
2026-03-09 19:45:00+00:00,2030.56,2033.55,2028.12,2031.11,634.65
2026-03-09 19:50:00+00:00,2031.1,2033.06,2026.79,2032.53,822.59
2026-03-09 19:55:00+00:00,2032.51,2035.87,2029.52,2032.76,781.13
2026-03-09 20:00:00+00:00,2032.7,2036.59,2030.24,2032.6,1446.58
2026-03-09 20:05:00+00:00,2032.6,2036.25,2031.21,2032.34,432.98
2026-03-09 20:10:00+00:00,2032.36,2035.04,2030.03,2031.16,650.06
2026-03-09 20:15:00+00:00,2031.16,2031.77,2028.0,2030.5,1004.81
2026-03-09 20:20:00+00:00,2030.5,2030.56,2027.59,2029.66,300.31
2026-03-09 20:25:00+00:00,2029.64,2031.76,2027.98,2030.48,251.57
2026-03-09 20:30:00+00:00,2030.48,2030.48,2021.69,2023.4,1157.25
2026-03-09 20:35:00+00:00,2023.4,2024.66,2020.25,2022.81,1835.48
2026-03-09 20:40:00+00:00,2022.86,2025.34,2021.42,2021.99,1477.86
2026-03-09 20:45:00+00:00,2021.99,2022.93,2018.51,2021.08,925.03
2026-03-09 20:50:00+00:00,2021.05,2024.02,2017.61,2023.86,656.99
2026-03-09 20:55:00+00:00,2023.86,2027.41,2022.37,2024.68,611.21
2026-03-09 21:00:00+00:00,2024.66,2032.44,2024.05,2032.23,1003.12
2026-03-09 21:05:00+00:00,2032.23,2034.47,2031.37,2031.88,945.55
2026-03-09 21:10:00+00:00,2031.88,2032.81,2028.15,2030.15,819.77
2026-03-09 21:15:00+00:00,2030.15,2030.55,2028.1,2029.26,305.75
2026-03-09 21:20:00+00:00,2029.28,2029.28,2026.49,2027.66,481.56
2026-03-09 21:25:00+00:00,2027.64,2029.73,2027.2,2027.24,240.84
2026-03-09 21:30:00+00:00,2027.26,2027.93,2025.17,2026.96,338.87
2026-03-09 21:35:00+00:00,2026.98,2026.98,2023.49,2025.65,341.99
2026-03-09 21:40:00+00:00,2025.65,2027.62,2020.85,2026.07,460.26
2026-03-09 21:45:00+00:00,2026.05,2027.92,2025.17,2027.65,178.94
2026-03-09 21:50:00+00:00,2027.65,2028.6,2024.5,2025.27,282.37
2026-03-09 21:55:00+00:00,2025.39,2029.64,2024.39,2027.15,379.95
2026-03-09 22:00:00+00:00,2027.15,2030.22,2022.09,2022.63,721.17
2026-03-09 22:05:00+00:00,2022.65,2025.45,2019.01,2019.01,568.3
2026-03-09 22:10:00+00:00,2019.01,2022.31,2017.04,2022.29,1103.2
2026-03-09 22:15:00+00:00,2022.31,2022.31,2018.98,2020.53,496.86
2026-03-09 22:20:00+00:00,2020.55,2021.7,2018.3,2018.31,306.76
2026-03-09 22:25:00+00:00,2018.3,2021.8,2018.3,2021.32,269.02
2026-03-09 22:30:00+00:00,2021.34,2021.66,2017.39,2018.69,350.24
2026-03-09 22:35:00+00:00,2018.69,2018.69,2006.24,2009.18,5208.61
2026-03-09 22:40:00+00:00,2009.18,2011.1,2007.35,2010.17,1678.35
2026-03-09 22:45:00+00:00,2010.15,2011.11,2007.61,2008.52,707.58
2026-03-09 22:50:00+00:00,2008.58,2008.86,1998.66,2002.43,5176.95
2026-03-09 22:55:00+00:00,2002.43,2002.75,1998.98,2001.78,823.69
2026-03-09 23:00:00+00:00,2001.8,2002.65,1998.98,1999.74,798.82
2026-03-09 23:05:00+00:00,1999.74,2006.18,1996.22,2005.76,1046.48
2026-03-09 23:10:00+00:00,2005.78,2006.81,1999.63,2003.09,1428.33
2026-03-09 23:15:00+00:00,2003.09,2003.33,1998.0,1998.72,555.63
2026-03-09 23:20:00+00:00,1998.45,2000.6,1996.73,1999.12,1036.25
2026-03-09 23:25:00+00:00,1999.14,2000.95,1998.08,1998.25,886.96
2026-03-09 23:30:00+00:00,1998.23,2001.45,1996.0,1999.24,1152.58
2026-03-09 23:35:00+00:00,1999.26,2001.91,1995.65,1999.58,833.41
2026-03-09 23:40:00+00:00,1999.39,2001.04,1996.76,1997.56,445.31
2026-03-09 23:45:00+00:00,1997.58,1997.58,1992.24,1993.63,1249.21
2026-03-09 23:50:00+00:00,1993.63,1994.17,1990.16,1991.61,1162.95
2026-03-09 23:55:00+00:00,1991.65,1994.72,1988.67,1992.2,1752.09
2026-03-10 00:00:00+00:00,1992.22,1994.47,1989.87,1992.64,1692.86
2026-03-10 00:05:00+00:00,1992.64,1994.69,1992.0,1994.49,613.95
2026-03-10 00:10:00+00:00,1994.49,1994.83,1992.53,1993.64,446.84
2026-03-10 00:15:00+00:00,1993.62,2005.64,1993.62,2005.64,4847.55
2026-03-10 00:20:00+00:00,2005.63,2008.67,2002.49,2007.34,5691.77
2026-03-10 00:25:00+00:00,2007.37,2014.18,2006.62,2013.11,2431.37
2026-03-10 00:30:00+00:00,2013.09,2015.06,2008.0,2014.74,1367.06
2026-03-10 00:35:00+00:00,2014.74,2018.96,2014.19,2017.66,2181.34
2026-03-10 00:40:00+00:00,2017.66,2018.4,2014.66,2017.43,1375.98
2026-03-10 00:45:00+00:00,2017.41,2021.98,2016.17,2018.57,1577.04
2026-03-10 00:50:00+00:00,2018.57,2018.63,2012.8,2012.81,1402.98
2026-03-10 00:55:00+00:00,2012.81,2015.44,2012.18,2014.62,858.86
2026-03-10 01:00:00+00:00,2014.53,2020.55,2013.25,2013.96,889.91
2026-03-10 01:05:00+00:00,2013.96,2018.93,2012.35,2018.44,834.34
2026-03-10 01:10:00+00:00,2018.44,2019.78,2017.05,2017.4,467.88
2026-03-10 01:15:00+00:00,2017.4,2019.07,2011.09,2011.33,928.79
2026-03-10 01:20:00+00:00,2011.28,2014.14,2008.81,2013.51,1342.58
2026-03-10 01:25:00+00:00,2013.51,2015.93,2010.72,2011.85,581.21
2026-03-10 01:30:00+00:00,2011.83,2015.49,2010.13,2011.63,381.83
2026-03-10 01:35:00+00:00,2011.63,2013.57,2005.67,2006.84,686.18
2026-03-10 01:40:00+00:00,2006.86,2009.6,2006.77,2009.44,432.56
2026-03-10 01:45:00+00:00,2009.42,2014.2,2008.01,2013.46,836.26
2026-03-10 01:50:00+00:00,2013.46,2020.53,2013.46,2019.41,984.26
2026-03-10 01:55:00+00:00,2019.44,2024.62,2018.0,2018.28,2206.32
2026-03-10 02:00:00+00:00,2018.16,2020.65,2015.43,2015.83,818.51
2026-03-10 02:05:00+00:00,2015.83,2017.17,2013.05,2016.92,484.56
2026-03-10 02:10:00+00:00,2016.92,2019.46,2016.82,2018.32,329.26
2026-03-10 02:15:00+00:00,2018.32,2018.35,2015.49,2017.71,344.57
2026-03-10 02:20:00+00:00,2017.71,2021.0,2014.46,2015.57,439.7
2026-03-10 02:25:00+00:00,2015.64,2020.78,2015.47,2020.16,300.17
2026-03-10 02:30:00+00:00,2020.0,2038.25,2019.87,2037.25,4469.43
2026-03-10 02:35:00+00:00,2037.3,2050.71,2035.65,2040.1,5913.57
2026-03-10 02:40:00+00:00,2040.08,2053.0,2039.01,2046.42,3588.29
2026-03-10 02:45:00+00:00,2046.47,2052.35,2043.8,2051.98,2009.48
2026-03-10 02:50:00+00:00,2051.92,2051.92,2040.48,2043.27,4528.12
2026-03-10 02:55:00+00:00,2043.29,2044.06,2039.53,2041.38,1113.4
2026-03-10 03:00:00+00:00,2041.39,2045.37,2037.48,2038.26,1151.02
2026-03-10 03:05:00+00:00,2038.26,2043.49,2037.22,2041.71,841.86
2026-03-10 03:10:00+00:00,2041.72,2044.81,2040.14,2041.74,529.32
2026-03-10 03:15:00+00:00,2041.74,2044.64,2040.21,2043.31,516.06
2026-03-10 03:20:00+00:00,2043.31,2047.01,2042.47,2043.86,947.58
2026-03-10 03:25:00+00:00,2043.88,2045.38,2040.82,2041.98,1200.74
2026-03-10 03:30:00+00:00,2041.97,2042.32,2039.08,2040.92,431.38
2026-03-10 03:35:00+00:00,2040.88,2040.88,2036.6,2039.07,830.78
2026-03-10 03:40:00+00:00,2039.04,2040.25,2032.48,2033.15,678.0
2026-03-10 03:45:00+00:00,2033.15,2033.23,2021.56,2026.83,3181.16
2026-03-10 03:50:00+00:00,2026.83,2029.8,2023.12,2027.51,1387.81
2026-03-10 03:55:00+00:00,2027.48,2028.0,2025.2,2025.7,647.55
2026-03-10 04:00:00+00:00,2025.72,2029.85,2025.34,2028.7,753.21
2026-03-10 04:05:00+00:00,2028.7,2031.19,2026.9,2029.49,979.73
2026-03-10 04:10:00+00:00,2029.49,2034.0,2029.28,2033.65,803.57
2026-03-10 04:15:00+00:00,2033.65,2034.71,2030.91,2032.95,570.28
2026-03-10 04:20:00+00:00,2032.95,2038.38,2032.41,2035.49,1107.89
2026-03-10 04:25:00+00:00,2035.47,2037.39,2035.04,2035.09,496.0
2026-03-10 04:30:00+00:00,2035.12,2038.11,2034.93,2036.05,499.55
2026-03-10 04:35:00+00:00,2036.05,2041.31,2036.04,2039.86,1072.02
2026-03-10 04:40:00+00:00,2039.9,2041.74,2039.42,2040.16,590.48
2026-03-10 04:45:00+00:00,2040.14,2041.44,2037.9,2041.17,508.31
2026-03-10 04:50:00+00:00,2041.17,2041.19,2037.73,2040.73,422.39
2026-03-10 04:55:00+00:00,2040.71,2046.34,2040.27,2044.64,1509.07
2026-03-10 05:00:00+00:00,2044.71,2048.85,2042.39,2048.08,1756.95
2026-03-10 05:05:00+00:00,2048.04,2048.85,2044.84,2046.55,1402.76
2026-03-10 05:10:00+00:00,2046.55,2053.56,2046.12,2047.17,1621.52
2026-03-10 05:15:00+00:00,2047.15,2052.39,2046.25,2049.02,1002.86
2026-03-10 05:20:00+00:00,2049.0,2049.36,2044.93,2045.31,944.6
2026-03-10 05:25:00+00:00,2045.31,2046.51,2041.32,2042.9,1056.76
2026-03-10 05:30:00+00:00,2042.92,2047.49,2041.83,2046.73,1539.32
2026-03-10 05:35:00+00:00,2046.71,2047.09,2039.85,2041.85,1207.3
2026-03-10 05:40:00+00:00,2041.85,2044.42,2040.3,2040.3,626.54
2026-03-10 05:45:00+00:00,2040.32,2041.65,2038.81,2040.65,608.41
2026-03-10 05:50:00+00:00,2040.67,2044.35,2040.61,2043.07,375.46
2026-03-10 05:55:00+00:00,2043.07,2043.76,2041.34,2043.31,388.01
2026-03-10 06:00:00+00:00,2043.33,2043.73,2040.88,2041.75,360.11
2026-03-10 06:05:00+00:00,2041.73,2042.68,2040.08,2041.35,488.92
2026-03-10 06:10:00+00:00,2041.35,2041.92,2038.72,2040.81,596.5
2026-03-10 06:15:00+00:00,2040.79,2041.61,2037.43,2037.45,660.19
2026-03-10 06:20:00+00:00,2037.45,2038.5,2035.39,2038.31,1075.34
2026-03-10 06:25:00+00:00,2038.4,2047.99,2038.4,2046.82,2355.47
2026-03-10 06:30:00+00:00,2046.84,2048.53,2043.72,2046.3,1194.74
2026-03-10 06:35:00+00:00,2046.32,2046.8,2043.71,2046.76,668.04
2026-03-10 06:40:00+00:00,2046.71,2046.79,2043.22,2044.15,532.9
2026-03-10 06:45:00+00:00,2044.09,2044.95,2041.23,2044.0,574.55
2026-03-10 06:50:00+00:00,2043.99,2045.74,2041.28,2041.28,343.08
2026-03-10 06:55:00+00:00,2041.28,2044.3,2040.61,2042.73,512.59
2026-03-10 07:00:00+00:00,2042.75,2043.46,2039.96,2040.58,556.8
2026-03-10 07:05:00+00:00,2040.66,2049.61,2040.62,2045.36,1505.05
2026-03-10 07:10:00+00:00,2045.36,2052.32,2044.89,2046.37,1918.88
2026-03-10 07:15:00+00:00,2046.36,2052.11,2045.69,2050.58,1769.72
2026-03-10 07:20:00+00:00,2050.59,2058.83,2048.24,2053.13,2533.57
2026-03-10 07:25:00+00:00,2053.05,2053.79,2050.06,2051.83,1563.17
2026-03-10 07:30:00+00:00,2051.83,2052.13,2049.89,2050.56,884.8
2026-03-10 07:35:00+00:00,2050.53,2050.94,2047.17,2048.93,732.33
2026-03-10 07:40:00+00:00,2048.93,2051.27,2048.66,2049.07,457.83
2026-03-10 07:45:00+00:00,2049.07,2052.85,2047.4,2052.17,627.36
2026-03-10 07:50:00+00:00,2052.24,2054.06,2049.04,2049.8,891.29
2026-03-10 07:55:00+00:00,2049.8,2051.74,2047.48,2050.03,523.84
2026-03-10 08:00:00+00:00,2050.13,2055.5,2050.13,2054.27,1719.97
2026-03-10 08:05:00+00:00,2054.29,2064.5,2050.96,2062.85,5203.45
2026-03-10 08:10:00+00:00,2062.85,2062.96,2056.36,2058.96,1492.68
2026-03-10 08:15:00+00:00,2059.08,2062.53,2056.61,2061.78,1212.45
2026-03-10 08:20:00+00:00,2061.76,2065.88,2060.0,2061.0,2084.75
2026-03-10 08:25:00+00:00,2061.01,2062.25,2058.81,2060.29,828.89
2026-03-10 08:30:00+00:00,2060.29,2067.47,2060.22,2066.11,986.34
2026-03-10 08:35:00+00:00,2066.11,2067.74,2062.9,2065.89,1895.33
2026-03-10 08:40:00+00:00,2065.9,2069.53,2065.14,2065.31,1332.59
2026-03-10 08:45:00+00:00,2065.29,2065.32,2060.05,2060.69,1797.36
2026-03-10 08:50:00+00:00,2060.69,2061.36,2056.32,2057.54,1453.76
2026-03-10 08:55:00+00:00,2057.54,2058.49,2055.32,2056.06,1264.62
2026-03-10 09:00:00+00:00,2056.06,2059.0,2054.46,2058.99,762.89
2026-03-10 09:05:00+00:00,2058.99,2059.94,2057.66,2057.87,710.27
2026-03-10 09:10:00+00:00,2057.87,2060.81,2057.01,2059.3,632.02
2026-03-10 09:15:00+00:00,2059.3,2060.66,2057.34,2059.02,401.27
2026-03-10 09:20:00+00:00,2059.04,2072.82,2058.0,2070.0,2060.06
2026-03-10 09:25:00+00:00,2070.0,2071.34,2064.63,2068.36,2715.65
2026-03-10 09:30:00+00:00,2068.36,2069.31,2065.41,2066.4,983.96
2026-03-10 09:35:00+00:00,2066.39,2068.0,2065.44,2067.74,845.21
2026-03-10 09:40:00+00:00,2067.74,2069.75,2065.72,2067.34,848.2
2026-03-10 09:45:00+00:00,2067.32,2067.32,2063.78,2064.82,963.32
2026-03-10 09:50:00+00:00,2064.84,2068.8,2064.64,2067.67,593.22
2026-03-10 09:55:00+00:00,2067.7,2068.18,2066.43,2067.03,304.41
2026-03-10 10:00:00+00:00,2067.03,2068.19,2064.48,2065.6,842.14
2026-03-10 10:05:00+00:00,2065.6,2066.8,2061.14,2062.77,908.59
2026-03-10 10:10:00+00:00,2062.75,2063.71,2060.0,2061.89,765.53
2026-03-10 10:15:00+00:00,2061.89,2062.89,2058.83,2059.5,864.88
2026-03-10 10:20:00+00:00,2059.48,2060.21,2058.8,2059.49,1065.74
2026-03-10 10:25:00+00:00,2059.49,2061.0,2058.8,2060.14,558.91
2026-03-10 10:30:00+00:00,2060.12,2064.78,2059.66,2061.3,1508.89
2026-03-10 10:35:00+00:00,2061.25,2061.54,2054.62,2055.77,1668.9
2026-03-10 10:40:00+00:00,2055.69,2057.58,2054.53,2056.73,2041.77
2026-03-10 10:45:00+00:00,2056.73,2058.51,2055.39,2057.36,1126.37
2026-03-10 10:50:00+00:00,2057.36,2063.39,2057.17,2061.63,912.2
2026-03-10 10:55:00+00:00,2061.63,2062.45,2060.65,2061.85,528.0
2026-03-10 11:00:00+00:00,2061.8,2065.42,2056.8,2063.64,746.51
2026-03-10 11:05:00+00:00,2063.64,2066.9,2061.35,2062.1,1021.87
2026-03-10 11:10:00+00:00,2062.12,2062.15,2056.22,2057.02,383.07
2026-03-10 11:15:00+00:00,2057.02,2059.35,2055.32,2057.67,631.88
2026-03-10 11:20:00+00:00,2057.64,2064.27,2056.34,2064.27,2022.42
2026-03-10 11:25:00+00:00,2064.27,2064.64,2061.72,2063.75,508.86
2026-03-10 11:30:00+00:00,2063.74,2064.61,2061.67,2063.66,595.59
2026-03-10 11:35:00+00:00,2063.68,2064.86,2062.92,2063.76,391.29
2026-03-10 11:40:00+00:00,2063.74,2063.74,2059.12,2060.56,575.5
2026-03-10 11:45:00+00:00,2060.58,2063.79,2060.03,2062.62,564.45
2026-03-10 11:50:00+00:00,2062.62,2064.56,2062.51,2062.56,559.74
2026-03-10 11:55:00+00:00,2062.54,2063.19,2059.61,2060.85,684.38
2026-03-10 12:00:00+00:00,2060.85,2061.31,2056.23,2056.33,987.6
2026-03-10 12:05:00+00:00,2056.55,2058.17,2053.35,2053.79,1541.3
2026-03-10 12:10:00+00:00,2053.79,2058.3,2053.35,2056.91,812.7
2026-03-10 12:15:00+00:00,2056.91,2057.55,2054.88,2055.88,542.99
2026-03-10 12:20:00+00:00,2055.84,2058.84,2055.62,2056.04,547.91
2026-03-10 12:25:00+00:00,2056.04,2056.62,2050.78,2051.63,1027.53
2026-03-10 12:30:00+00:00,2051.63,2051.95,2048.0,2051.19,2157.39
2026-03-10 12:35:00+00:00,2051.19,2054.77,2051.06,2051.33,1474.46
2026-03-10 12:40:00+00:00,2051.27,2051.81,2048.82,2049.47,674.49
2026-03-10 12:45:00+00:00,2049.47,2051.72,2049.24,2050.59,615.52
2026-03-10 12:50:00+00:00,2050.59,2051.78,2049.57,2051.2,840.43
2026-03-10 12:55:00+00:00,2051.22,2051.61,2046.39,2048.99,933.94
2026-03-10 13:00:00+00:00,2049.01,2052.08,2049.01,2050.89,855.12
2026-03-10 13:05:00+00:00,2051.0,2056.46,2050.55,2056.09,1536.32
2026-03-10 13:10:00+00:00,2056.07,2056.51,2052.8,2054.24,757.52
2026-03-10 13:15:00+00:00,2054.24,2056.83,2051.83,2052.62,800.58
2026-03-10 13:20:00+00:00,2052.62,2059.57,2051.67,2058.15,576.63
2026-03-10 13:25:00+00:00,2058.06,2058.29,2053.09,2053.56,1265.24
2026-03-10 13:30:00+00:00,2053.56,2056.66,2036.58,2037.97,4496.41
2026-03-10 13:35:00+00:00,2037.98,2038.69,2023.09,2026.3,8533.99
2026-03-10 13:40:00+00:00,2026.32,2034.78,2023.84,2029.79,4495.47
2026-03-10 13:45:00+00:00,2029.83,2038.39,2026.31,2038.24,4196.38
2026-03-10 13:50:00+00:00,2038.49,2043.25,2035.4,2039.39,2639.61
2026-03-10 13:55:00+00:00,2039.64,2040.01,2030.72,2032.5,2109.14
2026-03-10 14:00:00+00:00,2032.52,2034.33,2021.6,2032.95,4655.16
2026-03-10 14:05:00+00:00,2032.95,2035.97,2013.83,2018.17,6340.76
2026-03-10 14:10:00+00:00,2018.15,2019.18,2011.76,2013.74,6468.99
2026-03-10 14:15:00+00:00,2013.74,2019.23,2007.67,2017.45,4867.53
2026-03-10 14:20:00+00:00,2017.48,2023.1,2016.11,2020.76,2707.0
2026-03-10 14:25:00+00:00,2020.78,2026.98,2020.23,2023.54,2092.91
2026-03-10 14:30:00+00:00,2023.56,2031.54,2023.35,2030.6,1847.91
2026-03-10 14:35:00+00:00,2030.56,2036.35,2027.53,2036.16,2208.32
2026-03-10 14:40:00+00:00,2036.28,2046.4,2036.28,2044.44,6126.47
2026-03-10 14:45:00+00:00,2044.45,2048.78,2040.79,2046.12,5120.26
2026-03-10 14:50:00+00:00,2046.26,2068.63,2046.26,2064.67,9203.2
2026-03-10 14:55:00+00:00,2064.62,2079.8,2064.53,2074.57,10827.64
2026-03-10 15:00:00+00:00,2074.57,2084.81,2073.02,2084.81,6615.47
2026-03-10 15:05:00+00:00,2084.83,2085.0,2063.8,2068.06,7679.69
2026-03-10 15:10:00+00:00,2067.98,2073.31,2065.35,2067.8,2224.0
2026-03-10 15:15:00+00:00,2067.82,2069.82,2059.5,2068.81,4486.84
2026-03-10 15:20:00+00:00,2068.83,2072.97,2063.7,2068.9,2894.56
2026-03-10 15:25:00+00:00,2068.88,2072.71,2066.44,2068.31,1510.98
2026-03-10 15:30:00+00:00,2068.2,2078.04,2063.6,2065.0,1947.83
2026-03-10 15:35:00+00:00,2065.13,2072.16,2064.34,2066.4,4190.65
2026-03-10 15:40:00+00:00,2066.29,2071.74,2061.91,2069.59,3740.17
2026-03-10 15:45:00+00:00,2069.7,2075.22,2066.01,2072.68,2547.0
2026-03-10 15:50:00+00:00,2072.68,2076.56,2067.88,2069.84,1447.68
2026-03-10 15:55:00+00:00,2069.63,2080.36,2069.36,2078.43,1870.86
2026-03-10 16:00:00+00:00,2078.42,2080.32,2073.87,2074.95,2069.64
2026-03-10 16:05:00+00:00,2074.89,2075.12,2068.65,2071.43,1700.56
2026-03-10 16:10:00+00:00,2071.46,2075.36,2069.26,2072.33,977.33
2026-03-10 16:15:00+00:00,2072.33,2081.37,2071.5,2081.22,2833.98
2026-03-10 16:20:00+00:00,2081.16,2087.0,2079.18,2081.17,3971.93
2026-03-10 16:25:00+00:00,2081.3,2087.67,2077.23,2079.6,3265.7
2026-03-10 16:30:00+00:00,2079.69,2080.37,2076.14,2078.74,1833.33
2026-03-10 16:35:00+00:00,2078.8,2083.2,2078.33,2080.4,1054.43
2026-03-10 16:40:00+00:00,2080.4,2085.17,2076.93,2084.47,1203.07
2026-03-10 16:45:00+00:00,2084.39,2084.83,2077.69,2079.74,996.48
2026-03-10 16:50:00+00:00,2079.72,2084.87,2078.75,2083.18,1636.12
2026-03-10 16:55:00+00:00,2083.18,2083.49,2078.47,2079.77,621.99
2026-03-10 17:00:00+00:00,2079.45,2082.25,2077.82,2078.0,850.84
2026-03-10 17:05:00+00:00,2078.02,2084.54,2077.25,2078.91,1113.33
2026-03-10 17:10:00+00:00,2078.91,2080.64,2075.0,2076.08,779.06
2026-03-10 17:15:00+00:00,2076.08,2080.73,2073.94,2077.62,1124.75
2026-03-10 17:20:00+00:00,2077.6,2080.43,2075.63,2078.48,413.83
2026-03-10 17:25:00+00:00,2078.29,2078.73,2069.14,2071.71,1966.21
2026-03-10 17:30:00+00:00,2071.54,2078.6,2069.98,2073.41,1399.52
2026-03-10 17:35:00+00:00,2073.47,2073.63,2057.0,2062.55,4329.44
2026-03-10 17:40:00+00:00,2062.52,2066.63,2059.13,2064.59,3025.47
2026-03-10 17:45:00+00:00,2064.61,2076.02,2060.85,2072.04,5582.41
2026-03-10 17:50:00+00:00,2072.06,2075.64,2071.39,2074.87,3581.51
2026-03-10 17:55:00+00:00,2074.87,2074.89,2069.0,2070.73,2692.76
2026-03-10 18:00:00+00:00,2070.73,2072.12,2068.43,2070.63,1192.32
2026-03-10 18:05:00+00:00,2070.63,2071.71,2062.34,2064.14,897.87
2026-03-10 18:10:00+00:00,2064.14,2065.59,2046.44,2048.36,11075.18
2026-03-10 18:15:00+00:00,2048.35,2057.64,2037.02,2039.93,10335.73
2026-03-10 18:20:00+00:00,2039.94,2048.81,2038.23,2045.74,7679.35
2026-03-10 18:25:00+00:00,2045.72,2050.98,2044.19,2045.76,3986.47
2026-03-10 18:30:00+00:00,2045.78,2049.75,2041.25,2047.78,5727.8
2026-03-10 18:35:00+00:00,2047.98,2054.16,2040.25,2042.43,2752.42
2026-03-10 18:40:00+00:00,2042.58,2044.0,2039.8,2040.62,1429.29
2026-03-10 18:45:00+00:00,2040.63,2045.2,2036.52,2044.95,2497.01
2026-03-10 18:50:00+00:00,2044.86,2046.29,2038.25,2041.83,815.14
2026-03-10 18:55:00+00:00,2041.65,2042.15,2034.65,2038.72,1212.83
2026-03-10 19:00:00+00:00,2038.72,2041.79,2035.82,2037.3,961.93
2026-03-10 19:05:00+00:00,2037.22,2042.64,2033.72,2038.23,1969.34
2026-03-10 19:10:00+00:00,2038.21,2038.47,2029.76,2034.85,1746.03
2026-03-10 19:15:00+00:00,2034.9,2043.49,2034.88,2042.93,1399.89
2026-03-10 19:20:00+00:00,2042.91,2043.01,2031.96,2038.17,2316.79
2026-03-10 19:25:00+00:00,2038.16,2038.16,2028.68,2031.65,1972.21
2026-03-10 19:30:00+00:00,2031.62,2033.59,2027.66,2028.01,1850.36
2026-03-10 19:35:00+00:00,2028.0,2032.82,2026.35,2032.38,1314.77
2026-03-10 19:40:00+00:00,2032.39,2040.21,2030.16,2036.67,2171.95
2026-03-10 19:45:00+00:00,2036.71,2038.45,2033.59,2035.43,1210.01
2026-03-10 19:50:00+00:00,2035.43,2036.52,2033.61,2034.58,620.22
2026-03-10 19:55:00+00:00,2034.61,2037.32,2033.59,2035.86,474.27
2026-03-10 20:00:00+00:00,2035.87,2039.46,2034.7,2039.17,563.81
2026-03-10 20:05:00+00:00,2039.16,2042.2,2037.04,2038.04,805.26
2026-03-10 20:10:00+00:00,2038.04,2039.74,2036.4,2039.58,363.64
2026-03-10 20:15:00+00:00,2039.6,2040.16,2037.0,2040.16,301.58
2026-03-10 20:20:00+00:00,2040.16,2043.75,2040.16,2042.22,1130.89
2026-03-10 20:25:00+00:00,2042.2,2044.79,2041.08,2044.23,490.61
2026-03-10 20:30:00+00:00,2044.21,2046.33,2042.46,2043.68,1043.58
2026-03-10 20:35:00+00:00,2043.41,2045.29,2041.37,2044.34,540.6
2026-03-10 20:40:00+00:00,2044.3,2045.47,2040.51,2042.7,609.35
2026-03-10 20:45:00+00:00,2042.72,2043.37,2039.98,2041.69,258.12
2026-03-10 20:50:00+00:00,2041.71,2042.51,2040.13,2041.12,347.87
2026-03-10 20:55:00+00:00,2041.12,2042.81,2041.12,2041.5,343.19
2026-03-10 21:00:00+00:00,2041.5,2044.1,2040.58,2042.28,230.7
2026-03-10 21:05:00+00:00,2042.28,2046.78,2042.26,2042.88,847.13
2026-03-10 21:10:00+00:00,2042.9,2042.9,2036.82,2037.32,461.95
2026-03-10 21:15:00+00:00,2037.44,2039.84,2036.81,2038.53,438.73
2026-03-10 21:20:00+00:00,2038.51,2039.27,2036.91,2039.12,339.67
2026-03-10 21:25:00+00:00,2039.14,2039.41,2036.99,2038.78,367.35
2026-03-10 21:30:00+00:00,2038.91,2039.99,2036.79,2037.69,382.98
2026-03-10 21:35:00+00:00,2037.69,2038.45,2031.27,2033.8,990.55
2026-03-10 21:40:00+00:00,2033.81,2035.97,2026.92,2029.26,1487.73
2026-03-10 21:45:00+00:00,2029.26,2029.43,2018.07,2025.17,3883.73
2026-03-10 21:50:00+00:00,2025.17,2028.73,2022.99,2027.54,840.86
2026-03-10 21:55:00+00:00,2027.6,2030.34,2026.4,2028.29,1376.05
2026-03-10 22:00:00+00:00,2028.31,2031.25,2025.44,2025.44,1845.27
2026-03-10 22:05:00+00:00,2025.45,2026.0,2022.15,2023.41,1511.69
2026-03-10 22:10:00+00:00,2023.39,2025.0,2019.92,2024.2,1795.67
2026-03-10 22:15:00+00:00,2024.2,2024.2,2020.33,2021.52,897.93
2026-03-10 22:20:00+00:00,2021.52,2028.02,2019.9,2027.63,1759.78
2026-03-10 22:25:00+00:00,2027.68,2031.95,2027.08,2027.44,2012.7
2026-03-10 22:30:00+00:00,2027.4,2028.02,2024.0,2025.43,698.39
2026-03-10 22:35:00+00:00,2025.43,2025.64,2021.74,2025.52,1405.86
2026-03-10 22:40:00+00:00,2025.68,2027.98,2025.34,2026.87,402.39
2026-03-10 22:45:00+00:00,2026.87,2030.44,2026.3,2029.26,387.02
2026-03-10 22:50:00+00:00,2029.26,2030.44,2025.3,2026.05,880.16
2026-03-10 22:55:00+00:00,2026.07,2026.6,2024.55,2026.44,872.51
2026-03-10 23:00:00+00:00,2026.43,2031.71,2026.27,2030.94,1284.8
2026-03-10 23:05:00+00:00,2030.94,2033.84,2030.77,2033.5,1395.08
2026-03-10 23:10:00+00:00,2033.52,2034.54,2030.83,2032.86,1643.47
2026-03-10 23:15:00+00:00,2032.86,2034.57,2031.61,2032.16,927.68
2026-03-10 23:20:00+00:00,2032.14,2033.12,2028.85,2031.94,1045.05
2026-03-10 23:25:00+00:00,2031.94,2032.53,2030.22,2032.2,486.9
2026-03-10 23:30:00+00:00,2032.22,2034.99,2031.36,2032.51,549.77
2026-03-10 23:35:00+00:00,2032.53,2034.44,2032.11,2033.95,934.96
2026-03-10 23:40:00+00:00,2034.02,2034.24,2032.03,2032.93,570.85
2026-03-10 23:45:00+00:00,2032.93,2033.91,2031.06,2033.31,475.04
2026-03-10 23:50:00+00:00,2033.33,2035.71,2033.31,2034.76,489.73
2026-03-10 23:55:00+00:00,2034.8,2036.5,2034.62,2035.6,302.43
2026-03-11 00:00:00+00:00,2035.56,2035.71,2029.26,2029.35,586.94
2026-03-11 00:05:00+00:00,2029.36,2037.31,2029.27,2035.91,1666.31
2026-03-11 00:10:00+00:00,2035.86,2038.2,2032.26,2037.19,802.73
2026-03-11 00:15:00+00:00,2037.21,2037.63,2032.65,2036.45,491.88
2026-03-11 00:20:00+00:00,2036.43,2039.33,2034.25,2038.28,527.8
2026-03-11 00:25:00+00:00,2038.3,2039.54,2036.57,2037.0,444.16
2026-03-11 00:30:00+00:00,2037.01,2037.13,2030.67,2031.45,1594.62
2026-03-11 00:35:00+00:00,2031.45,2034.63,2030.1,2030.97,516.42
2026-03-11 00:40:00+00:00,2030.99,2030.99,2027.75,2028.8,629.3
2026-03-11 00:45:00+00:00,2028.84,2032.91,2028.84,2031.91,417.71
2026-03-11 00:50:00+00:00,2031.93,2040.88,2031.93,2038.27,1603.76
2026-03-11 00:55:00+00:00,2038.27,2039.61,2035.75,2036.65,610.83
2026-03-11 01:00:00+00:00,2036.65,2037.85,2034.35,2036.22,366.02
2026-03-11 01:05:00+00:00,2036.2,2038.48,2035.45,2036.83,223.58
2026-03-11 01:10:00+00:00,2036.85,2040.0,2035.44,2037.89,513.56
2026-03-11 01:15:00+00:00,2038.02,2039.6,2034.91,2036.66,1140.7
2026-03-11 01:20:00+00:00,2036.53,2036.7,2031.69,2032.45,614.3
2026-03-11 01:25:00+00:00,2032.47,2035.58,2031.72,2035.52,346.67
2026-03-11 01:30:00+00:00,2035.52,2036.1,2033.51,2035.19,464.28
2026-03-11 01:35:00+00:00,2035.17,2035.19,2027.6,2029.89,881.44
2026-03-11 01:40:00+00:00,2029.87,2031.89,2029.24,2031.17,275.51
2026-03-11 01:45:00+00:00,2031.17,2033.05,2030.09,2032.56,212.38
2026-03-11 01:50:00+00:00,2032.56,2036.88,2032.56,2035.11,612.17
2026-03-11 01:55:00+00:00,2035.13,2037.18,2033.99,2035.27,336.26
2026-03-11 02:00:00+00:00,2035.27,2036.98,2034.56,2034.97,244.06
2026-03-11 02:05:00+00:00,2035.04,2038.1,2034.96,2036.46,369.88
2026-03-11 02:10:00+00:00,2036.48,2036.94,2032.54,2032.83,341.45
2026-03-11 02:15:00+00:00,2032.88,2035.11,2032.38,2033.81,303.23
2026-03-11 02:20:00+00:00,2033.83,2034.08,2030.99,2032.69,476.33
2026-03-11 02:25:00+00:00,2032.71,2032.94,2030.51,2032.58,351.98
2026-03-11 02:30:00+00:00,2032.57,2032.57,2025.91,2027.44,659.13
2026-03-11 02:35:00+00:00,2027.47,2028.55,2018.0,2019.73,2639.51
2026-03-11 02:40:00+00:00,2019.78,2022.33,2019.0,2021.74,1581.77
2026-03-11 02:45:00+00:00,2021.74,2021.79,2018.51,2021.74,659.87
2026-03-11 02:50:00+00:00,2021.74,2025.86,2020.68,2024.75,1499.34
2026-03-11 02:55:00+00:00,2024.77,2026.21,2024.34,2025.83,613.98
2026-03-11 03:00:00+00:00,2025.85,2028.47,2021.79,2023.85,1201.99
2026-03-11 03:05:00+00:00,2023.85,2025.0,2022.08,2023.97,398.19
2026-03-11 03:10:00+00:00,2023.99,2024.84,2022.15,2023.04,522.97
2026-03-11 03:15:00+00:00,2023.04,2024.33,2019.52,2019.52,483.16
2026-03-11 03:20:00+00:00,2019.54,2021.25,2017.41,2018.33,787.62
2026-03-11 03:25:00+00:00,2018.33,2019.9,2017.87,2019.02,566.75
2026-03-11 03:30:00+00:00,2019.0,2020.86,2018.4,2020.27,744.49
2026-03-11 03:35:00+00:00,2020.25,2021.13,2019.2,2020.46,507.47
2026-03-11 03:40:00+00:00,2020.46,2020.68,2019.3,2019.74,417.88
2026-03-11 03:45:00+00:00,2019.74,2020.18,2016.75,2019.46,631.97
2026-03-11 03:50:00+00:00,2019.46,2021.5,2018.87,2019.72,369.14
2026-03-11 03:55:00+00:00,2019.27,2021.5,2018.29,2020.15,319.73
2026-03-11 04:00:00+00:00,2020.15,2021.32,2017.31,2019.41,657.3
2026-03-11 04:05:00+00:00,2019.37,2020.06,2018.36,2019.09,297.85
2026-03-11 04:10:00+00:00,2019.07,2023.43,2019.05,2022.85,567.48
2026-03-11 04:15:00+00:00,2022.87,2025.5,2022.42,2024.77,771.92
2026-03-11 04:20:00+00:00,2024.79,2026.94,2024.28,2026.89,735.98
2026-03-11 04:25:00+00:00,2026.89,2035.93,2026.3,2033.77,3024.09
2026-03-11 04:30:00+00:00,2033.79,2036.45,2032.14,2035.13,1663.58
2026-03-11 04:35:00+00:00,2035.14,2035.59,2031.63,2032.37,970.16
2026-03-11 04:40:00+00:00,2032.37,2034.75,2031.63,2032.87,552.14
2026-03-11 04:45:00+00:00,2032.85,2035.27,2032.29,2034.95,412.07
2026-03-11 04:50:00+00:00,2034.97,2040.34,2034.95,2038.64,1947.32
2026-03-11 04:55:00+00:00,2038.64,2038.92,2036.35,2038.0,1341.23
2026-03-11 05:00:00+00:00,2038.02,2040.69,2037.22,2038.67,790.52
2026-03-11 05:05:00+00:00,2038.69,2039.49,2034.94,2035.46,3591.78
2026-03-11 05:10:00+00:00,2035.35,2037.0,2035.17,2035.93,425.37
2026-03-11 05:15:00+00:00,2035.91,2036.12,2033.36,2033.69,737.35
2026-03-11 05:20:00+00:00,2033.7,2036.32,2031.11,2032.15,6003.51
2026-03-11 05:25:00+00:00,2032.13,2033.0,2030.71,2031.61,301.78
2026-03-11 05:30:00+00:00,2031.59,2031.59,2027.48,2028.95,838.8
2026-03-11 05:35:00+00:00,2028.95,2029.01,2021.65,2021.67,5094.03
2026-03-11 05:40:00+00:00,2021.67,2022.26,2011.0,2016.38,4216.79
2026-03-11 05:45:00+00:00,2016.38,2017.41,2013.71,2017.0,1319.15
2026-03-11 05:50:00+00:00,2017.0,2017.89,2015.78,2016.55,1164.17
2026-03-11 05:55:00+00:00,2016.53,2017.32,2012.4,2013.35,852.49
2026-03-11 06:00:00+00:00,2013.35,2017.9,2012.63,2017.22,1042.46
2026-03-11 06:05:00+00:00,2017.22,2017.23,2013.77,2013.81,874.81
2026-03-11 06:10:00+00:00,2013.79,2017.5,2013.63,2016.97,561.14
2026-03-11 06:15:00+00:00,2016.78,2018.76,2015.0,2016.44,741.22
2026-03-11 06:20:00+00:00,2016.44,2018.55,2015.32,2018.43,499.68
2026-03-11 06:25:00+00:00,2018.43,2019.18,2016.9,2019.07,349.82
2026-03-11 06:30:00+00:00,2019.05,2023.35,2018.64,2022.48,1164.77
2026-03-11 06:35:00+00:00,2022.48,2022.65,2019.66,2021.19,998.76
2026-03-11 06:40:00+00:00,2021.19,2021.89,2019.92,2020.24,351.65
2026-03-11 06:45:00+00:00,2020.24,2020.26,2017.06,2018.77,700.17
2026-03-11 06:50:00+00:00,2018.77,2025.05,2018.75,2022.54,1518.23
2026-03-11 06:55:00+00:00,2022.54,2024.16,2022.23,2023.31,281.71
2026-03-11 07:00:00+00:00,2023.31,2024.82,2020.95,2022.46,1240.17
2026-03-11 07:05:00+00:00,2022.44,2023.8,2021.15,2022.74,357.97
2026-03-11 07:10:00+00:00,2022.76,2023.78,2022.2,2022.33,496.56
2026-03-11 07:15:00+00:00,2022.31,2022.68,2019.1,2020.66,1203.8
2026-03-11 07:20:00+00:00,2020.68,2021.7,2018.5,2020.82,896.69
2026-03-11 07:25:00+00:00,2020.8,2021.13,2018.5,2018.51,520.45
2026-03-11 07:30:00+00:00,2018.5,2019.17,2013.8,2014.05,1117.25
2026-03-11 07:35:00+00:00,2014.07,2014.68,2006.68,2008.34,4189.02
2026-03-11 07:40:00+00:00,2008.41,2011.45,2006.03,2010.19,1461.85
2026-03-11 07:45:00+00:00,2010.17,2014.01,2009.49,2012.49,1062.75
2026-03-11 07:50:00+00:00,2012.47,2014.83,2011.29,2012.05,660.76
2026-03-11 07:55:00+00:00,2012.08,2014.12,2011.08,2011.52,720.25
2026-03-11 08:00:00+00:00,2011.57,2014.37,2011.15,2013.32,481.29
2026-03-11 08:05:00+00:00,2013.32,2014.94,2010.33,2011.74,1163.7
2026-03-11 08:10:00+00:00,2011.75,2012.87,2010.0,2011.99,661.02
2026-03-11 08:15:00+00:00,2012.01,2012.45,2009.77,2011.1,537.2
2026-03-11 08:20:00+00:00,2011.07,2012.73,2008.5,2010.47,884.34
2026-03-11 08:25:00+00:00,2010.45,2011.93,2009.0,2009.86,276.93
2026-03-11 08:30:00+00:00,2009.86,2022.03,2009.86,2019.59,2556.37
2026-03-11 08:35:00+00:00,2019.52,2024.39,2016.08,2022.65,3343.39
2026-03-11 08:40:00+00:00,2022.65,2024.88,2020.8,2021.2,1767.81
2026-03-11 08:45:00+00:00,2021.22,2021.98,2017.64,2018.03,710.01
2026-03-11 08:50:00+00:00,2018.05,2021.19,2016.79,2020.89,1625.71
2026-03-11 08:55:00+00:00,2020.91,2025.0,2020.23,2023.05,647.04
2026-03-11 09:00:00+00:00,2022.99,2022.99,2019.07,2019.69,435.75
2026-03-11 09:05:00+00:00,2019.69,2021.56,2018.75,2021.01,324.41
2026-03-11 09:10:00+00:00,2021.03,2021.03,2017.1,2018.05,1066.41
2026-03-11 09:15:00+00:00,2018.05,2020.5,2017.32,2017.85,1738.19
2026-03-11 09:20:00+00:00,2017.87,2022.33,2017.85,2020.08,580.98
2026-03-11 09:25:00+00:00,2020.06,2020.95,2017.26,2017.32,641.15
2026-03-11 09:30:00+00:00,2017.34,2019.54,2016.52,2018.35,848.68
2026-03-11 09:35:00+00:00,2018.37,2019.27,2013.77,2017.19,828.24
2026-03-11 09:40:00+00:00,2017.09,2021.64,2017.0,2020.19,1077.51
2026-03-11 09:45:00+00:00,2020.17,2026.83,2019.81,2022.8,3661.41
2026-03-11 09:50:00+00:00,2022.81,2022.98,2019.26,2020.58,752.45
2026-03-11 09:55:00+00:00,2020.6,2021.08,2014.64,2017.29,1016.93
2026-03-11 10:00:00+00:00,2017.3,2020.08,2016.55,2019.41,865.76
2026-03-11 10:05:00+00:00,2019.41,2021.57,2017.0,2021.4,354.88
2026-03-11 10:10:00+00:00,2021.42,2021.67,2019.38,2021.56,790.51
2026-03-11 10:15:00+00:00,2021.54,2024.17,2021.04,2021.69,585.08
2026-03-11 10:20:00+00:00,2021.71,2022.14,2018.96,2020.47,801.59
2026-03-11 10:25:00+00:00,2020.49,2020.64,2018.79,2020.54,285.67
2026-03-11 10:30:00+00:00,2020.54,2022.61,2020.24,2021.33,658.51
2026-03-11 10:35:00+00:00,2021.41,2023.29,2021.13,2022.06,453.55
2026-03-11 10:40:00+00:00,2022.06,2030.93,2021.62,2028.61,2865.32
2026-03-11 10:45:00+00:00,2028.61,2029.73,2026.37,2027.05,1778.21
2026-03-11 10:50:00+00:00,2027.05,2027.68,2025.95,2027.38,877.63
2026-03-11 10:55:00+00:00,2027.4,2029.08,2026.64,2028.0,597.52
2026-03-11 11:00:00+00:00,2028.12,2029.64,2025.58,2028.2,1119.17
2026-03-11 11:05:00+00:00,2028.22,2032.89,2025.57,2031.71,1014.46
2026-03-11 11:10:00+00:00,2031.96,2032.4,2029.45,2031.54,1140.24
2026-03-11 11:15:00+00:00,2031.55,2033.4,2028.87,2029.17,815.23
2026-03-11 11:20:00+00:00,2029.19,2029.25,2025.87,2026.26,1108.28
2026-03-11 11:25:00+00:00,2026.28,2026.5,2021.11,2022.92,1560.06
2026-03-11 11:30:00+00:00,2022.85,2025.13,2022.26,2024.23,1435.5
2026-03-11 11:35:00+00:00,2024.21,2025.11,2021.18,2022.27,247.9
2026-03-11 11:40:00+00:00,2022.25,2022.91,2018.54,2020.39,483.54
2026-03-11 11:45:00+00:00,2020.37,2022.18,2019.55,2020.64,2793.76
2026-03-11 11:50:00+00:00,2020.29,2022.56,2017.01,2018.86,1245.93
2026-03-11 11:55:00+00:00,2018.84,2019.42,2015.4,2017.18,1036.33
2026-03-11 12:00:00+00:00,2017.18,2018.88,2013.97,2014.58,2238.71
2026-03-11 12:05:00+00:00,2014.57,2015.07,2012.0,2014.8,1917.82
2026-03-11 12:10:00+00:00,2014.78,2021.35,2014.51,2019.36,1960.68
2026-03-11 12:15:00+00:00,2019.36,2020.41,2018.67,2018.81,1282.26
2026-03-11 12:20:00+00:00,2018.83,2025.76,2017.59,2024.33,1916.43
2026-03-11 12:25:00+00:00,2024.38,2025.95,2023.85,2025.67,1278.26
2026-03-11 12:30:00+00:00,2025.73,2034.73,2018.33,2019.8,6056.72
2026-03-11 12:35:00+00:00,2019.82,2025.33,2018.77,2024.13,2010.92
2026-03-11 12:40:00+00:00,2024.11,2026.07,2018.85,2021.62,949.01
2026-03-11 12:45:00+00:00,2021.64,2022.86,2018.58,2022.69,545.39
2026-03-11 12:50:00+00:00,2022.67,2023.8,2020.16,2023.71,378.74
2026-03-11 12:55:00+00:00,2023.75,2025.1,2021.65,2022.21,541.64
2026-03-11 13:00:00+00:00,2022.18,2023.39,2020.91,2021.98,563.12
2026-03-11 13:05:00+00:00,2021.98,2025.7,2021.86,2024.9,607.37
2026-03-11 13:10:00+00:00,2024.94,2037.5,2024.68,2033.77,2878.3
2026-03-11 13:15:00+00:00,2033.67,2040.44,2032.85,2040.02,3950.78
2026-03-11 13:20:00+00:00,2040.02,2048.83,2039.65,2043.89,6296.81
2026-03-11 13:25:00+00:00,2043.89,2046.0,2042.58,2045.38,2558.85
2026-03-11 13:30:00+00:00,2045.43,2065.04,2045.43,2064.64,7805.15
2026-03-11 13:35:00+00:00,2064.33,2081.84,2060.69,2079.62,7780.82
2026-03-11 13:40:00+00:00,2079.58,2081.75,2062.12,2062.16,7867.32
2026-03-11 13:45:00+00:00,2062.16,2067.93,2052.6,2056.89,7228.8
2026-03-11 13:50:00+00:00,2056.91,2056.91,2041.86,2044.55,7009.17
2026-03-11 13:55:00+00:00,2044.53,2050.9,2037.12,2050.02,5113.35
2026-03-11 14:00:00+00:00,2050.0,2064.97,2049.46,2058.15,7159.66
2026-03-11 14:05:00+00:00,2058.25,2061.94,2050.36,2051.72,4540.95
2026-03-11 14:10:00+00:00,2051.72,2052.76,2042.46,2049.65,3033.67
2026-03-11 14:15:00+00:00,2049.65,2061.28,2048.07,2059.83,2211.63
2026-03-11 14:20:00+00:00,2059.9,2062.38,2054.88,2054.89,1872.29
2026-03-11 14:25:00+00:00,2054.89,2064.28,2050.26,2062.64,1876.23
2026-03-11 14:30:00+00:00,2062.64,2066.3,2055.85,2058.66,2157.42
2026-03-11 14:35:00+00:00,2058.65,2073.33,2058.52,2069.15,2913.47
2026-03-11 14:40:00+00:00,2069.15,2073.93,2066.91,2071.7,1627.68
2026-03-11 14:45:00+00:00,2071.83,2076.54,2065.49,2068.61,2224.03
2026-03-11 14:50:00+00:00,2068.63,2070.16,2063.64,2067.29,1207.07
2026-03-11 14:55:00+00:00,2067.27,2067.34,2059.48,2061.96,1000.71
2026-03-11 15:00:00+00:00,2061.98,2064.78,2052.05,2057.48,2709.09
2026-03-11 15:05:00+00:00,2057.49,2058.62,2048.72,2051.6,2509.62
2026-03-11 15:10:00+00:00,2051.63,2054.38,2041.37,2045.2,3185.16
2026-03-11 15:15:00+00:00,2045.17,2050.23,2043.21,2049.94,2197.26
2026-03-11 15:20:00+00:00,2049.99,2057.22,2049.8,2056.19,1604.19
2026-03-11 15:25:00+00:00,2056.31,2058.49,2048.12,2048.4,1102.92
2026-03-11 15:30:00+00:00,2048.4,2048.53,2029.05,2041.33,7612.52
2026-03-11 15:35:00+00:00,2041.19,2045.13,2037.77,2043.14,2055.68
2026-03-11 15:40:00+00:00,2043.11,2046.62,2038.82,2038.97,1611.66
2026-03-11 15:45:00+00:00,2038.96,2041.38,2035.93,2039.84,1254.59
2026-03-11 15:50:00+00:00,2039.83,2049.25,2039.83,2048.19,1408.67
2026-03-11 15:55:00+00:00,2048.19,2050.85,2047.41,2049.04,1131.69
2026-03-11 16:00:00+00:00,2049.02,2054.71,2045.64,2047.13,1993.17
2026-03-11 16:05:00+00:00,2047.16,2054.55,2046.94,2050.72,1162.15
2026-03-11 16:10:00+00:00,2050.72,2055.0,2047.56,2053.34,1154.8
2026-03-11 16:15:00+00:00,2053.3,2056.04,2050.23,2051.98,830.44
2026-03-11 16:20:00+00:00,2052.0,2061.96,2049.01,2055.4,2574.8
2026-03-11 16:25:00+00:00,2055.42,2058.46,2054.3,2055.41,1074.46
2026-03-11 16:30:00+00:00,2055.43,2064.0,2054.46,2064.0,2161.61
2026-03-11 16:35:00+00:00,2064.03,2066.79,2061.15,2061.75,1730.86
2026-03-11 16:40:00+00:00,2061.7,2068.77,2059.64,2067.71,1182.98
2026-03-11 16:45:00+00:00,2067.67,2071.99,2063.1,2066.18,2213.29
2026-03-11 16:50:00+00:00,2066.18,2069.66,2065.64,2067.04,1130.08
2026-03-11 16:55:00+00:00,2067.06,2067.17,2063.01,2066.18,830.48
2026-03-11 17:00:00+00:00,2066.18,2076.0,2065.22,2074.72,2485.54
2026-03-11 17:05:00+00:00,2074.77,2074.96,2071.86,2072.77,1299.04
2026-03-11 17:10:00+00:00,2072.77,2074.73,2069.06,2070.4,695.19
2026-03-11 17:15:00+00:00,2070.59,2074.21,2070.13,2072.87,635.96
2026-03-11 17:20:00+00:00,2072.87,2080.72,2072.26,2079.2,1923.6
2026-03-11 17:25:00+00:00,2079.17,2084.92,2078.8,2081.7,4558.98
2026-03-11 17:30:00+00:00,2081.54,2084.19,2071.38,2071.7,2175.42
2026-03-11 17:35:00+00:00,2071.7,2076.38,2056.65,2063.55,4754.27
2026-03-11 17:40:00+00:00,2063.56,2070.96,2063.46,2069.1,1999.24
2026-03-11 17:45:00+00:00,2069.06,2069.88,2064.69,2066.77,1046.34
2026-03-11 17:50:00+00:00,2066.75,2070.99,2065.0,2065.62,1129.2
2026-03-11 17:55:00+00:00,2065.55,2068.36,2061.39,2067.23,763.74
2026-03-11 18:00:00+00:00,2067.25,2071.23,2066.73,2069.3,928.08
2026-03-11 18:05:00+00:00,2069.28,2070.02,2064.65,2065.42,852.46
2026-03-11 18:10:00+00:00,2065.4,2067.98,2063.18,2067.35,588.72
2026-03-11 18:15:00+00:00,2067.35,2069.15,2064.5,2067.09,472.1
2026-03-11 18:20:00+00:00,2067.09,2074.54,2067.07,2070.16,1186.76
2026-03-11 18:25:00+00:00,2070.16,2073.31,2069.28,2072.09,849.51
2026-03-11 18:30:00+00:00,2072.12,2073.81,2070.09,2073.67,455.59
2026-03-11 18:35:00+00:00,2073.69,2075.63,2065.88,2066.96,1498.96
2026-03-11 18:40:00+00:00,2066.98,2069.0,2065.24,2068.39,1270.01
2026-03-11 18:45:00+00:00,2068.41,2073.63,2067.23,2073.63,1076.48
2026-03-11 18:50:00+00:00,2073.63,2079.0,2072.69,2077.1,2235.63
2026-03-11 18:55:00+00:00,2077.12,2078.26,2074.18,2075.56,855.39
2026-03-11 19:00:00+00:00,2075.56,2076.24,2070.06,2074.02,860.36
2026-03-11 19:05:00+00:00,2074.0,2074.32,2070.33,2070.49,822.28
2026-03-11 19:10:00+00:00,2070.49,2074.45,2068.62,2070.47,1293.17
2026-03-11 19:15:00+00:00,2070.45,2071.74,2067.5,2071.7,756.62
2026-03-11 19:20:00+00:00,2071.68,2074.89,2070.57,2074.35,413.12
2026-03-11 19:25:00+00:00,2074.13,2075.0,2070.42,2071.07,422.9
2026-03-11 19:30:00+00:00,2071.09,2075.59,2068.02,2074.79,526.67
2026-03-11 19:35:00+00:00,2074.93,2076.84,2072.51,2073.07,874.89
2026-03-11 19:40:00+00:00,2073.05,2074.08,2070.7,2074.05,621.12
2026-03-11 19:45:00+00:00,2074.0,2075.05,2072.1,2072.92,265.85
2026-03-11 19:50:00+00:00,2072.92,2076.61,2072.6,2075.98,602.3
2026-03-11 19:55:00+00:00,2075.96,2076.23,2072.32,2075.03,373.16
2026-03-11 20:00:00+00:00,2075.11,2075.3,2070.16,2070.68,1260.84
2026-03-11 20:05:00+00:00,2070.66,2071.32,2069.09,2069.39,302.81
2026-03-11 20:10:00+00:00,2069.39,2069.51,2067.09,2067.89,601.32
2026-03-11 20:15:00+00:00,2067.94,2070.94,2067.06,2070.22,902.09
2026-03-11 20:20:00+00:00,2070.24,2070.91,2068.5,2069.33,421.06
2026-03-11 20:25:00+00:00,2069.35,2069.75,2066.8,2068.69,584.28
2026-03-11 20:30:00+00:00,2068.69,2069.69,2065.86,2068.57,264.12
2026-03-11 20:35:00+00:00,2068.57,2069.89,2067.75,2069.12,272.04
2026-03-11 20:40:00+00:00,2069.12,2071.0,2068.49,2069.85,485.52
2026-03-11 20:45:00+00:00,2069.87,2070.39,2068.57,2069.08,214.08
2026-03-11 20:50:00+00:00,2069.06,2069.4,2064.59,2066.97,953.44
2026-03-11 20:55:00+00:00,2066.97,2069.58,2064.7,2067.48,480.34
2026-03-11 21:00:00+00:00,2067.48,2070.53,2064.88,2069.32,538.45
2026-03-11 21:05:00+00:00,2069.32,2069.71,2067.5,2069.33,337.88
2026-03-11 21:10:00+00:00,2069.31,2069.33,2062.15,2064.82,769.36
2026-03-11 21:15:00+00:00,2064.82,2065.88,2063.55,2063.99,412.44
2026-03-11 21:20:00+00:00,2063.99,2066.0,2063.57,2065.97,270.89
2026-03-11 21:25:00+00:00,2065.97,2066.2,2064.36,2065.05,342.36
2026-03-11 21:30:00+00:00,2065.05,2068.63,2065.03,2067.09,1160.14
2026-03-11 21:35:00+00:00,2067.11,2070.08,2067.06,2068.12,299.69
2026-03-11 21:40:00+00:00,2068.12,2069.96,2066.22,2066.22,246.13
2026-03-11 21:45:00+00:00,2066.24,2069.95,2066.09,2069.78,369.46
2026-03-11 21:50:00+00:00,2069.78,2074.02,2069.37,2072.22,663.96
2026-03-11 21:55:00+00:00,2072.2,2073.11,2070.72,2072.03,227.54
2026-03-11 22:00:00+00:00,2072.03,2073.49,2069.32,2071.59,627.79
2026-03-11 22:05:00+00:00,2071.59,2071.79,2069.04,2069.31,182.47
2026-03-11 22:10:00+00:00,2069.29,2083.2,2068.37,2078.88,2188.08
2026-03-11 22:15:00+00:00,2078.88,2079.15,2075.07,2076.17,975.31
2026-03-11 22:20:00+00:00,2076.17,2076.17,2069.2,2069.2,699.74
2026-03-11 22:25:00+00:00,2069.2,2071.43,2066.8,2067.46,657.98
2026-03-11 22:30:00+00:00,2067.48,2069.59,2064.37,2064.6,771.28
2026-03-11 22:35:00+00:00,2064.6,2064.9,2060.58,2062.0,935.11
2026-03-11 22:40:00+00:00,2062.0,2064.35,2060.68,2063.11,705.47
2026-03-11 22:45:00+00:00,2063.09,2066.18,2062.15,2062.62,506.37
2026-03-11 22:50:00+00:00,2062.82,2064.25,2058.5,2059.55,463.01
2026-03-11 22:55:00+00:00,2059.55,2061.17,2057.78,2060.67,793.75
2026-03-11 23:00:00+00:00,2060.69,2063.89,2060.3,2061.97,366.9
2026-03-11 23:05:00+00:00,2061.99,2063.81,2059.2,2060.33,311.29
2026-03-11 23:10:00+00:00,2060.31,2063.25,2060.12,2060.85,365.93
2026-03-11 23:15:00+00:00,2060.62,2060.89,2057.5,2057.91,424.99
2026-03-11 23:20:00+00:00,2057.91,2059.97,2057.26,2057.61,481.87
2026-03-11 23:25:00+00:00,2057.65,2059.48,2056.36,2058.22,585.09
2026-03-11 23:30:00+00:00,2058.24,2058.24,2054.3,2055.1,1009.23
2026-03-11 23:35:00+00:00,2055.03,2059.39,2054.09,2056.84,396.31
2026-03-11 23:40:00+00:00,2056.82,2058.96,2052.77,2053.77,808.07
2026-03-11 23:45:00+00:00,2053.75,2056.0,2045.3,2050.59,4093.49
2026-03-11 23:50:00+00:00,2050.44,2052.24,2049.62,2050.0,545.6
2026-03-11 23:55:00+00:00,2049.99,2050.99,2048.25,2050.95,436.7
2026-03-12 00:00:00+00:00,2050.92,2052.24,2048.92,2049.22,2034.45
2026-03-12 00:05:00+00:00,2049.22,2053.02,2047.39,2052.21,1012.68
2026-03-12 00:10:00+00:00,2052.18,2053.52,2051.12,2051.21,781.4
2026-03-12 00:15:00+00:00,2051.14,2055.0,2047.76,2051.66,868.27
2026-03-12 00:20:00+00:00,2051.57,2056.77,2050.34,2056.52,411.64
2026-03-12 00:25:00+00:00,2056.52,2056.76,2052.24,2053.33,432.26
2026-03-12 00:30:00+00:00,2053.32,2053.32,2049.12,2050.95,502.33
2026-03-12 00:35:00+00:00,2051.0,2055.65,2050.24,2055.21,472.11
2026-03-12 00:40:00+00:00,2055.22,2057.27,2054.25,2055.18,540.81
2026-03-12 00:45:00+00:00,2055.2,2055.86,2053.26,2055.58,201.3
2026-03-12 00:50:00+00:00,2055.58,2055.92,2053.65,2055.17,282.18
2026-03-12 00:55:00+00:00,2055.17,2055.59,2053.4,2054.64,463.37
2026-03-12 01:00:00+00:00,2054.64,2055.33,2044.83,2045.33,1167.82
2026-03-12 01:05:00+00:00,2045.33,2046.82,2041.8,2046.15,1925.7
2026-03-12 01:10:00+00:00,2046.17,2048.53,2044.72,2046.81,589.04
2026-03-12 01:15:00+00:00,2046.74,2049.23,2045.65,2048.02,865.23
2026-03-12 01:20:00+00:00,2048.11,2049.52,2046.66,2048.67,411.96
2026-03-12 01:25:00+00:00,2048.65,2049.36,2047.41,2048.29,324.27
2026-03-12 01:30:00+00:00,2048.29,2049.45,2043.9,2044.64,409.04
2026-03-12 01:35:00+00:00,2044.62,2046.44,2044.12,2046.28,571.88
2026-03-12 01:40:00+00:00,2046.28,2052.16,2046.26,2050.71,642.74
2026-03-12 01:45:00+00:00,2050.69,2051.78,2046.17,2046.69,564.3
2026-03-12 01:50:00+00:00,2046.69,2047.6,2043.6,2045.39,519.22
2026-03-12 01:55:00+00:00,2045.33,2045.76,2044.01,2045.08,317.8
2026-03-12 02:00:00+00:00,2045.36,2047.41,2041.71,2045.07,977.3
2026-03-12 02:05:00+00:00,2045.09,2045.99,2042.68,2044.19,525.37
2026-03-12 02:10:00+00:00,2044.19,2045.9,2042.57,2043.23,551.63
2026-03-12 02:15:00+00:00,2043.25,2044.37,2038.71,2039.93,1200.92
2026-03-12 02:20:00+00:00,2039.73,2039.81,2034.07,2038.09,2231.73
2026-03-12 02:25:00+00:00,2038.09,2040.1,2037.25,2038.87,954.78
2026-03-12 02:30:00+00:00,2038.47,2039.36,2034.52,2038.48,890.5
2026-03-12 02:35:00+00:00,2038.43,2038.86,2029.47,2029.5,2998.78
2026-03-12 02:40:00+00:00,2029.48,2032.0,2025.21,2031.76,3293.78
2026-03-12 02:45:00+00:00,2031.74,2032.34,2028.55,2028.57,866.72
2026-03-12 02:50:00+00:00,2028.55,2028.55,2020.85,2022.32,3359.48
2026-03-12 02:55:00+00:00,2022.32,2024.93,2022.32,2023.49,1203.91
2026-03-12 03:00:00+00:00,2023.49,2026.68,2022.76,2025.92,1330.79
2026-03-12 03:05:00+00:00,2025.94,2026.89,2024.75,2024.99,792.54
2026-03-12 03:10:00+00:00,2024.97,2025.43,2022.61,2024.51,1098.07
2026-03-12 03:15:00+00:00,2024.53,2026.27,2024.08,2026.24,448.73
2026-03-12 03:20:00+00:00,2026.26,2030.77,2026.18,2029.98,1953.95
2026-03-12 03:25:00+00:00,2029.97,2029.97,2026.81,2027.57,1026.62
2026-03-12 03:30:00+00:00,2027.59,2033.15,2026.97,2032.62,994.66
2026-03-12 03:35:00+00:00,2032.68,2032.78,2030.14,2030.4,585.11
2026-03-12 03:40:00+00:00,2030.38,2032.15,2029.78,2029.92,576.16
2026-03-12 03:45:00+00:00,2029.92,2030.25,2016.5,2020.54,4140.26
2026-03-12 03:50:00+00:00,2020.58,2022.23,2020.06,2021.61,1173.99
2026-03-12 03:55:00+00:00,2021.61,2023.75,2021.42,2022.27,471.12
2026-03-12 04:00:00+00:00,2022.32,2026.0,2021.49,2025.25,1191.82
2026-03-12 04:05:00+00:00,2025.25,2028.69,2023.57,2027.4,796.5
2026-03-12 04:10:00+00:00,2027.37,2028.13,2026.61,2027.46,442.58
2026-03-12 04:15:00+00:00,2027.48,2028.85,2025.58,2027.88,697.67
2026-03-12 04:20:00+00:00,2027.88,2028.57,2025.23,2025.79,398.83
2026-03-12 04:25:00+00:00,2025.79,2026.37,2024.31,2025.68,341.82
2026-03-12 04:30:00+00:00,2025.66,2026.06,2023.37,2024.7,758.73
2026-03-12 04:35:00+00:00,2024.7,2025.86,2020.5,2025.86,759.3
2026-03-12 04:40:00+00:00,2025.95,2025.99,2023.83,2023.85,362.48
2026-03-12 04:45:00+00:00,2023.87,2024.68,2020.55,2021.75,428.92
2026-03-12 04:50:00+00:00,2021.75,2023.0,2020.4,2022.39,445.52
2026-03-12 04:55:00+00:00,2022.37,2022.72,2021.11,2021.99,270.52
2026-03-12 05:00:00+00:00,2021.99,2026.23,2020.66,2023.86,553.97
2026-03-12 05:05:00+00:00,2023.86,2024.97,2021.72,2024.72,478.48
2026-03-12 05:10:00+00:00,2024.74,2025.48,2022.13,2022.14,433.13
2026-03-12 05:15:00+00:00,2022.14,2023.57,2022.08,2023.09,300.27
2026-03-12 05:20:00+00:00,2023.09,2023.11,2018.32,2019.84,1041.4
2026-03-12 05:25:00+00:00,2019.85,2021.72,2018.3,2019.91,533.9
2026-03-12 05:30:00+00:00,2019.91,2024.21,2019.79,2023.34,587.09
2026-03-12 05:35:00+00:00,2023.34,2024.25,2021.67,2024.06,548.42
2026-03-12 05:40:00+00:00,2024.06,2026.87,2023.45,2026.0,1742.99
2026-03-12 05:45:00+00:00,2025.98,2026.37,2023.24,2024.17,369.78
2026-03-12 05:50:00+00:00,2024.09,2025.04,2022.34,2024.81,386.21
2026-03-12 05:55:00+00:00,2024.81,2026.21,2024.39,2025.99,477.06
2026-03-12 06:00:00+00:00,2025.97,2027.24,2023.6,2027.16,637.59
2026-03-12 06:05:00+00:00,2027.25,2028.32,2025.27,2026.99,721.38
2026-03-12 06:10:00+00:00,2026.97,2028.24,2025.39,2028.05,603.41
2026-03-12 06:15:00+00:00,2028.05,2028.24,2025.74,2027.1,422.88
2026-03-12 06:20:00+00:00,2027.08,2029.39,2026.05,2026.65,538.44
2026-03-12 06:25:00+00:00,2026.69,2029.98,2025.68,2029.74,745.27
2026-03-12 06:30:00+00:00,2029.76,2030.67,2028.33,2029.65,903.97
2026-03-12 06:35:00+00:00,2029.65,2029.65,2026.54,2026.56,401.55
2026-03-12 06:40:00+00:00,2026.56,2028.95,2025.06,2028.59,582.83
2026-03-12 06:45:00+00:00,2028.61,2029.49,2026.72,2029.37,335.29
2026-03-12 06:50:00+00:00,2029.37,2029.97,2027.79,2029.96,250.57
2026-03-12 06:55:00+00:00,2029.97,2030.0,2028.19,2029.48,422.61
2026-03-12 07:00:00+00:00,2029.46,2030.16,2028.9,2029.27,687.32
2026-03-12 07:05:00+00:00,2029.29,2029.29,2024.83,2025.9,754.16
2026-03-12 07:10:00+00:00,2025.9,2028.41,2025.47,2027.6,472.55
2026-03-12 07:15:00+00:00,2027.58,2030.05,2027.41,2027.91,550.21
2026-03-12 07:20:00+00:00,2027.91,2030.29,2027.88,2029.9,410.15
2026-03-12 07:25:00+00:00,2029.92,2033.65,2029.35,2032.6,989.24
2026-03-12 07:30:00+00:00,2032.62,2039.91,2032.13,2038.5,3223.13
2026-03-12 07:35:00+00:00,2038.5,2038.52,2034.04,2036.18,1710.55
2026-03-12 07:40:00+00:00,2036.21,2036.51,2035.0,2035.85,390.79
2026-03-12 07:45:00+00:00,2035.83,2040.82,2035.53,2039.33,804.16
2026-03-12 07:50:00+00:00,2039.33,2040.21,2036.79,2038.39,1921.64
2026-03-12 07:55:00+00:00,2038.37,2039.86,2037.68,2039.82,584.38
2026-03-12 08:00:00+00:00,2039.75,2044.73,2039.17,2043.14,2005.03
2026-03-12 08:05:00+00:00,2043.16,2044.59,2037.71,2038.61,2112.37
2026-03-12 08:10:00+00:00,2038.61,2039.92,2037.42,2038.77,728.3
2026-03-12 08:15:00+00:00,2038.72,2051.81,2037.81,2048.45,4356.27
2026-03-12 08:20:00+00:00,2048.4,2049.5,2046.39,2048.33,1149.66
2026-03-12 08:25:00+00:00,2048.33,2048.53,2042.76,2043.63,1591.8
2026-03-12 08:30:00+00:00,2043.61,2047.04,2043.17,2044.67,686.57
2026-03-12 08:35:00+00:00,2044.66,2047.23,2044.5,2044.91,447.03
2026-03-12 08:40:00+00:00,2044.9,2045.1,2040.48,2045.1,791.53
2026-03-12 08:45:00+00:00,2045.1,2046.77,2043.35,2046.48,415.09
2026-03-12 08:50:00+00:00,2046.46,2047.55,2045.91,2046.94,443.22
2026-03-12 08:55:00+00:00,2046.92,2047.02,2045.3,2046.76,377.07
2026-03-12 09:00:00+00:00,2046.75,2048.06,2044.39,2047.61,432.59
2026-03-12 09:05:00+00:00,2047.61,2047.61,2043.42,2043.79,552.77
2026-03-12 09:10:00+00:00,2043.79,2044.38,2040.95,2041.97,628.83
2026-03-12 09:15:00+00:00,2041.98,2041.98,2039.12,2040.47,1824.41
2026-03-12 09:20:00+00:00,2040.47,2040.91,2037.61,2040.23,829.13
2026-03-12 09:25:00+00:00,2040.23,2042.81,2037.73,2040.07,854.46
2026-03-12 09:30:00+00:00,2040.07,2042.65,2038.34,2039.99,979.27
2026-03-12 09:35:00+00:00,2039.99,2043.28,2039.21,2042.65,441.66
2026-03-12 09:40:00+00:00,2042.69,2061.62,2042.65,2060.29,3097.72
2026-03-12 09:45:00+00:00,2060.2,2064.8,2048.62,2052.97,5483.44
2026-03-12 09:50:00+00:00,2052.97,2055.08,2052.51,2054.67,1312.73
2026-03-12 09:55:00+00:00,2054.69,2055.31,2053.36,2054.57,584.67
2026-03-12 10:00:00+00:00,2054.59,2059.23,2054.0,2054.91,1388.53
2026-03-12 10:05:00+00:00,2054.93,2056.3,2051.75,2052.98,718.35
2026-03-12 10:10:00+00:00,2052.98,2054.57,2051.93,2054.42,509.19
2026-03-12 10:15:00+00:00,2054.4,2058.0,2053.24,2057.04,2836.32
2026-03-12 10:20:00+00:00,2057.02,2063.16,2056.82,2060.19,1607.02
2026-03-12 10:25:00+00:00,2060.21,2062.21,2059.14,2061.61,707.75
2026-03-12 10:30:00+00:00,2061.59,2067.12,2061.12,2065.99,1958.35
2026-03-12 10:35:00+00:00,2066.0,2070.99,2064.18,2069.84,1667.61
2026-03-12 10:40:00+00:00,2069.91,2073.6,2068.99,2070.1,2412.41
2026-03-12 10:45:00+00:00,2070.12,2074.8,2069.53,2070.08,1421.82
2026-03-12 10:50:00+00:00,2070.1,2073.93,2067.57,2069.59,1503.23
2026-03-12 10:55:00+00:00,2069.57,2070.89,2069.03,2069.12,627.97
2026-03-12 11:00:00+00:00,2069.1,2069.92,2066.91,2069.61,923.43
2026-03-12 11:05:00+00:00,2069.63,2070.95,2067.5,2069.59,714.91
2026-03-12 11:10:00+00:00,2069.59,2071.6,2066.24,2066.81,933.74
2026-03-12 11:15:00+00:00,2066.83,2070.95,2066.38,2068.91,708.34
2026-03-12 11:20:00+00:00,2068.91,2072.0,2068.31,2069.93,937.46
2026-03-12 11:25:00+00:00,2069.93,2071.09,2065.31,2069.27,675.93
2026-03-12 11:30:00+00:00,2069.27,2071.0,2067.58,2070.4,811.81
2026-03-12 11:35:00+00:00,2070.4,2074.12,2070.4,2072.65,1116.67
2026-03-12 11:40:00+00:00,2072.61,2074.79,2072.11,2072.87,1101.3
2026-03-12 11:45:00+00:00,2072.84,2075.92,2069.0,2069.66,1824.45
2026-03-12 11:50:00+00:00,2069.6,2069.67,2059.45,2059.83,4328.75
2026-03-12 11:55:00+00:00,2059.93,2062.57,2057.61,2061.9,2548.09
2026-03-12 12:00:00+00:00,2061.83,2064.3,2057.66,2059.17,1636.14
2026-03-12 12:05:00+00:00,2059.16,2059.59,2056.86,2058.28,964.98
2026-03-12 12:10:00+00:00,2058.28,2059.46,2057.43,2058.79,597.1
2026-03-12 12:15:00+00:00,2058.79,2063.12,2057.77,2062.28,818.49
2026-03-12 12:20:00+00:00,2062.19,2065.4,2060.77,2062.77,1281.1
2026-03-12 12:25:00+00:00,2062.77,2065.28,2062.77,2063.81,705.24
2026-03-12 12:30:00+00:00,2063.83,2064.84,2058.35,2060.34,772.45
2026-03-12 12:35:00+00:00,2060.32,2062.27,2059.64,2061.18,421.67
2026-03-12 12:40:00+00:00,2061.28,2067.0,2061.2,2066.09,644.45
2026-03-12 12:45:00+00:00,2066.0,2069.75,2064.5,2069.56,1326.82
2026-03-12 12:50:00+00:00,2069.56,2069.75,2062.0,2062.64,1103.05
2026-03-12 12:55:00+00:00,2062.66,2065.05,2062.33,2064.58,858.47
2026-03-12 13:00:00+00:00,2064.58,2067.95,2063.0,2065.7,668.47
2026-03-12 13:05:00+00:00,2065.68,2068.89,2064.86,2064.86,640.32
2026-03-12 13:10:00+00:00,2064.86,2066.12,2063.86,2064.12,676.0
2026-03-12 13:15:00+00:00,2064.12,2064.74,2057.15,2059.51,2600.05
2026-03-12 13:20:00+00:00,2059.5,2059.88,2050.37,2054.45,2699.71
2026-03-12 13:25:00+00:00,2054.38,2057.12,2053.71,2055.73,1755.14
2026-03-12 13:30:00+00:00,2055.76,2071.94,2050.4,2070.85,2509.07
2026-03-12 13:35:00+00:00,2070.35,2078.93,2065.0,2072.09,8348.89
2026-03-12 13:40:00+00:00,2072.09,2075.0,2066.5,2067.4,2131.72
2026-03-12 13:45:00+00:00,2067.4,2068.0,2054.96,2065.73,5436.37
2026-03-12 13:50:00+00:00,2065.73,2071.84,2061.64,2062.11,3939.2
2026-03-12 13:55:00+00:00,2062.11,2064.66,2054.54,2064.58,3226.96
2026-03-12 14:00:00+00:00,2064.55,2081.66,2064.55,2076.96,5658.48
2026-03-12 14:05:00+00:00,2076.9,2078.87,2073.27,2076.31,3247.18
2026-03-12 14:10:00+00:00,2076.31,2081.47,2076.29,2079.12,2725.08
2026-03-12 14:15:00+00:00,2079.1,2095.37,2073.59,2075.14,11861.4
2026-03-12 14:20:00+00:00,2075.04,2075.3,2067.02,2072.61,4014.13
2026-03-12 14:25:00+00:00,2072.63,2073.62,2056.56,2057.46,5634.12
2026-03-12 14:30:00+00:00,2057.49,2059.81,2046.01,2049.72,6650.8
2026-03-12 14:35:00+00:00,2049.71,2054.35,2041.01,2043.05,5021.54
2026-03-12 14:40:00+00:00,2043.03,2045.39,2037.06,2044.48,5015.35
2026-03-12 14:45:00+00:00,2044.69,2052.0,2036.61,2041.86,4094.11
2026-03-12 14:50:00+00:00,2041.86,2044.55,2036.88,2041.93,2420.19
2026-03-12 14:55:00+00:00,2041.96,2045.45,2039.51,2044.34,1140.55
2026-03-12 15:00:00+00:00,2044.3,2051.0,2042.2,2049.38,1967.85
2026-03-12 15:05:00+00:00,2049.31,2049.43,2041.55,2042.91,1195.2
2026-03-12 15:10:00+00:00,2042.89,2048.86,2037.81,2047.94,1237.02
2026-03-12 15:15:00+00:00,2047.96,2050.7,2045.98,2049.21,1586.48
2026-03-12 15:20:00+00:00,2049.19,2054.95,2046.98,2054.22,1502.85
2026-03-12 15:25:00+00:00,2054.22,2069.81,2053.6,2067.54,5424.66
2026-03-12 15:30:00+00:00,2067.52,2069.76,2063.6,2067.86,2531.33
2026-03-12 15:35:00+00:00,2067.76,2081.16,2065.59,2080.84,2408.39
2026-03-12 15:40:00+00:00,2080.64,2080.81,2068.04,2073.06,3966.31
2026-03-12 15:45:00+00:00,2073.03,2077.67,2067.23,2070.36,2277.86
2026-03-12 15:50:00+00:00,2070.38,2073.54,2068.14,2072.28,1358.19
2026-03-12 15:55:00+00:00,2072.3,2073.56,2067.3,2071.41,1182.79
2026-03-12 16:00:00+00:00,2071.41,2073.31,2068.5,2073.31,1024.32
2026-03-12 16:05:00+00:00,2073.3,2077.32,2055.22,2058.13,4496.45
2026-03-12 16:10:00+00:00,2058.03,2064.74,2057.0,2063.67,2495.09
2026-03-12 16:15:00+00:00,2063.67,2072.52,2062.98,2068.41,1774.25
2026-03-12 16:20:00+00:00,2068.45,2076.77,2067.44,2068.69,1849.87
2026-03-12 16:25:00+00:00,2068.55,2068.55,2062.25,2062.74,1304.62
2026-03-12 16:30:00+00:00,2062.78,2071.0,2061.39,2068.03,1154.65
2026-03-12 16:35:00+00:00,2068.09,2074.67,2066.73,2073.59,1339.94
2026-03-12 16:40:00+00:00,2073.59,2075.03,2069.81,2070.26,2662.06
2026-03-12 16:45:00+00:00,2070.18,2073.0,2063.56,2071.87,1144.54
2026-03-12 16:50:00+00:00,2071.89,2071.89,2067.13,2069.08,595.27
2026-03-12 16:55:00+00:00,2068.93,2070.66,2066.65,2068.78,429.49
2026-03-12 17:00:00+00:00,2068.78,2071.98,2067.22,2070.14,568.98
2026-03-12 17:05:00+00:00,2070.13,2074.0,2067.85,2068.25,954.33
2026-03-12 17:10:00+00:00,2068.31,2071.85,2068.13,2068.92,623.07
2026-03-12 17:15:00+00:00,2068.91,2069.55,2060.76,2060.76,1233.47
2026-03-12 17:20:00+00:00,2060.77,2068.99,2058.92,2066.05,1687.82
2026-03-12 17:25:00+00:00,2066.07,2066.93,2059.41,2060.67,671.95
2026-03-12 17:30:00+00:00,2060.67,2064.69,2059.31,2061.29,840.49
2026-03-12 17:35:00+00:00,2061.27,2066.4,2060.9,2064.78,562.74
2026-03-12 17:40:00+00:00,2064.8,2066.95,2063.0,2065.03,357.78
2026-03-12 17:45:00+00:00,2065.05,2065.07,2056.01,2061.88,1058.47
2026-03-12 17:50:00+00:00,2061.9,2065.49,2061.41,2061.65,498.14
2026-03-12 17:55:00+00:00,2061.63,2061.67,2054.0,2057.36,1374.66
2026-03-12 18:00:00+00:00,2057.37,2060.98,2055.43,2055.47,795.17
2026-03-12 18:05:00+00:00,2055.47,2058.8,2052.86,2058.19,1271.94
2026-03-12 18:10:00+00:00,2058.19,2058.95,2055.01,2056.04,659.26
2026-03-12 18:15:00+00:00,2056.07,2059.22,2052.45,2052.47,692.99
2026-03-12 18:20:00+00:00,2052.37,2052.46,2045.22,2050.78,2124.89
2026-03-12 18:25:00+00:00,2050.78,2053.21,2050.3,2052.06,840.18
2026-03-12 18:30:00+00:00,2052.06,2056.5,2051.15,2052.57,724.52
2026-03-12 18:35:00+00:00,2052.59,2058.25,2051.88,2055.39,895.02
2026-03-12 18:40:00+00:00,2055.37,2055.39,2050.48,2052.83,503.97
2026-03-12 18:45:00+00:00,2052.83,2053.41,2047.36,2048.47,746.36
2026-03-12 18:50:00+00:00,2048.47,2052.65,2048.16,2049.93,613.69
2026-03-12 18:55:00+00:00,2049.95,2050.97,2046.94,2047.84,944.18
2026-03-12 19:00:00+00:00,2047.86,2052.24,2046.74,2049.6,841.4
2026-03-12 19:05:00+00:00,2049.58,2050.78,2045.43,2049.67,712.6
2026-03-12 19:10:00+00:00,2049.69,2049.69,2043.94,2048.54,1113.03
2026-03-12 19:15:00+00:00,2048.54,2056.0,2048.52,2054.98,1042.91
2026-03-12 19:20:00+00:00,2055.0,2058.61,2052.73,2055.95,898.84
2026-03-12 19:25:00+00:00,2055.97,2061.53,2055.09,2060.85,772.51
2026-03-12 19:30:00+00:00,2060.68,2066.83,2060.34,2065.49,1245.99
2026-03-12 19:35:00+00:00,2065.48,2067.41,2063.78,2066.7,729.47
2026-03-12 19:40:00+00:00,2066.7,2067.73,2063.83,2067.24,2650.93
2026-03-12 19:45:00+00:00,2067.22,2072.48,2065.33,2072.28,1377.28
2026-03-12 19:50:00+00:00,2072.27,2072.47,2067.5,2069.5,671.31
2026-03-12 19:55:00+00:00,2069.52,2072.21,2068.1,2068.86,488.72
2026-03-12 20:00:00+00:00,2068.47,2071.36,2068.36,2070.55,641.88
2026-03-12 20:05:00+00:00,2070.57,2072.71,2067.38,2069.28,713.39
2026-03-12 20:10:00+00:00,2069.31,2069.56,2064.66,2066.08,581.59
2026-03-12 20:15:00+00:00,2066.09,2066.69,2064.76,2064.79,393.31
2026-03-12 20:20:00+00:00,2064.87,2067.92,2063.75,2067.9,517.37
2026-03-12 20:25:00+00:00,2067.9,2068.77,2065.6,2065.6,383.61
2026-03-12 20:30:00+00:00,2065.6,2065.6,2061.12,2062.44,568.68
2026-03-12 20:35:00+00:00,2062.42,2062.79,2061.24,2061.84,310.13
2026-03-12 20:40:00+00:00,2061.84,2062.01,2059.24,2060.24,499.85
2026-03-12 20:45:00+00:00,2060.24,2064.51,2059.71,2063.56,708.91
2026-03-12 20:50:00+00:00,2063.56,2063.6,2059.37,2060.9,276.17
2026-03-12 20:55:00+00:00,2060.92,2062.43,2060.9,2061.57,226.92
2026-03-12 21:00:00+00:00,2061.55,2065.29,2061.55,2064.33,384.21
2026-03-12 21:05:00+00:00,2064.33,2064.77,2062.28,2064.08,266.59
2026-03-12 21:10:00+00:00,2064.11,2068.18,2064.01,2065.26,543.41
2026-03-12 21:15:00+00:00,2065.24,2065.67,2062.68,2062.8,192.68
2026-03-12 21:20:00+00:00,2062.8,2063.01,2061.07,2061.48,238.97
2026-03-12 21:25:00+00:00,2061.5,2061.5,2059.38,2060.2,581.91
2026-03-12 21:30:00+00:00,2060.24,2060.45,2056.3,2057.77,384.88
2026-03-12 21:35:00+00:00,2057.77,2059.91,2056.94,2058.63,339.94
2026-03-12 21:40:00+00:00,2058.65,2060.32,2056.9,2059.7,380.17
2026-03-12 21:45:00+00:00,2059.73,2061.3,2056.96,2061.28,227.03
2026-03-12 21:50:00+00:00,2061.28,2063.97,2057.93,2062.18,584.3
2026-03-12 21:55:00+00:00,2062.16,2064.55,2060.6,2061.96,284.54
2026-03-12 22:00:00+00:00,2061.96,2064.0,2060.33,2063.95,297.81
2026-03-12 22:05:00+00:00,2063.95,2065.79,2062.97,2063.9,320.97
2026-03-12 22:10:00+00:00,2063.9,2065.9,2062.0,2063.92,215.81
2026-03-12 22:15:00+00:00,2063.94,2064.1,2061.33,2061.91,270.58
2026-03-12 22:20:00+00:00,2061.91,2063.94,2061.13,2063.23,267.75
2026-03-12 22:25:00+00:00,2063.35,2066.82,2062.29,2063.42,298.31
2026-03-12 22:30:00+00:00,2063.42,2065.53,2060.37,2060.77,391.21
2026-03-12 22:35:00+00:00,2060.79,2063.25,2060.33,2061.64,282.45
2026-03-12 22:40:00+00:00,2061.62,2063.47,2059.42,2059.95,276.93
2026-03-12 22:45:00+00:00,2060.04,2061.24,2055.44,2056.33,698.94
2026-03-12 22:50:00+00:00,2056.31,2058.3,2054.71,2056.03,749.04
2026-03-12 22:55:00+00:00,2056.03,2065.27,2056.03,2064.57,991.93
2026-03-12 23:00:00+00:00,2064.59,2082.57,2063.87,2080.15,2578.36
2026-03-12 23:05:00+00:00,2080.13,2084.55,2077.32,2078.74,4591.99
2026-03-12 23:10:00+00:00,2078.73,2080.05,2076.39,2079.4,1195.45
2026-03-12 23:15:00+00:00,2079.4,2087.5,2079.4,2085.75,2784.85
2026-03-12 23:20:00+00:00,2085.72,2092.77,2079.34,2081.08,4116.68
2026-03-12 23:25:00+00:00,2081.06,2083.24,2079.21,2082.42,2165.97
2026-03-12 23:30:00+00:00,2082.42,2082.42,2078.14,2078.83,771.07
2026-03-12 23:35:00+00:00,2078.85,2079.3,2077.76,2079.01,462.63
2026-03-12 23:40:00+00:00,2079.02,2081.56,2077.59,2080.99,537.78
2026-03-12 23:45:00+00:00,2080.99,2082.0,2074.88,2076.65,926.23
2026-03-12 23:50:00+00:00,2076.67,2078.02,2074.47,2074.87,637.62
2026-03-12 23:55:00+00:00,2074.87,2074.98,2071.54,2072.85,660.23
2026-03-13 00:00:00+00:00,2072.85,2073.99,2069.53,2072.64,1273.56
2026-03-13 00:05:00+00:00,2072.62,2077.09,2072.39,2076.91,752.08
2026-03-13 00:10:00+00:00,2076.95,2089.16,2076.86,2089.08,2945.46
2026-03-13 00:15:00+00:00,2089.15,2121.54,2088.96,2106.41,15991.06
2026-03-13 00:20:00+00:00,2106.43,2139.98,2105.86,2129.35,9783.19
2026-03-13 00:25:00+00:00,2129.31,2132.49,2125.5,2131.76,2896.35
2026-03-13 00:30:00+00:00,2131.89,2148.96,2131.89,2142.89,8462.59
2026-03-13 00:35:00+00:00,2142.94,2144.76,2130.42,2131.22,2800.04
2026-03-13 00:40:00+00:00,2131.22,2132.37,2123.0,2125.92,2980.05
2026-03-13 00:45:00+00:00,2125.88,2127.52,2118.51,2120.03,2153.33
2026-03-13 00:50:00+00:00,2120.02,2122.24,2109.04,2112.58,2612.85
2026-03-13 00:55:00+00:00,2112.51,2118.69,2109.33,2118.18,1617.98
2026-03-13 01:00:00+00:00,2118.19,2124.55,2118.05,2119.45,2291.74
2026-03-13 01:05:00+00:00,2119.36,2128.5,2119.33,2127.66,1739.14
2026-03-13 01:10:00+00:00,2127.66,2129.6,2124.47,2125.18,711.69
2026-03-13 01:15:00+00:00,2125.18,2129.54,2121.27,2122.81,943.58
2026-03-13 01:20:00+00:00,2122.87,2125.78,2117.77,2118.72,1058.8
2026-03-13 01:25:00+00:00,2118.72,2124.1,2117.07,2122.11,1061.29
2026-03-13 01:30:00+00:00,2122.11,2124.44,2119.73,2119.75,620.98
2026-03-13 01:35:00+00:00,2119.75,2120.55,2110.79,2114.79,2027.07
2026-03-13 01:40:00+00:00,2114.79,2128.4,2114.79,2125.58,1808.57
2026-03-13 01:45:00+00:00,2125.58,2127.13,2123.0,2124.55,561.52
2026-03-13 01:50:00+00:00,2124.63,2126.96,2123.09,2125.73,334.03
2026-03-13 01:55:00+00:00,2125.82,2125.85,2121.98,2123.99,427.55
2026-03-13 02:00:00+00:00,2123.99,2126.0,2120.0,2122.32,841.56
2026-03-13 02:05:00+00:00,2122.3,2123.0,2120.03,2122.15,414.92
2026-03-13 02:10:00+00:00,2122.15,2125.76,2121.01,2121.03,905.97
2026-03-13 02:15:00+00:00,2121.01,2123.1,2114.78,2121.16,1954.15
2026-03-13 02:20:00+00:00,2121.14,2122.22,2114.69,2114.83,1106.01
2026-03-13 02:25:00+00:00,2114.81,2116.19,2114.38,2115.29,455.31
2026-03-13 02:30:00+00:00,2115.28,2116.62,2111.77,2112.42,648.96
2026-03-13 02:35:00+00:00,2112.48,2113.39,2107.37,2109.84,1770.98
2026-03-13 02:40:00+00:00,2109.84,2111.89,2107.05,2107.55,1338.44
2026-03-13 02:45:00+00:00,2107.52,2112.45,2104.05,2111.0,1767.71
2026-03-13 02:50:00+00:00,2111.01,2111.11,2101.14,2104.13,1284.24
2026-03-13 02:55:00+00:00,2104.13,2106.0,2103.4,2104.78,1140.02
2026-03-13 03:00:00+00:00,2104.78,2108.24,2103.5,2103.5,1093.82
2026-03-13 03:05:00+00:00,2103.47,2109.15,2103.14,2107.01,2765.54
2026-03-13 03:10:00+00:00,2107.01,2107.62,2105.48,2105.84,458.28
2026-03-13 03:15:00+00:00,2105.84,2109.22,2105.0,2109.13,638.63
2026-03-13 03:20:00+00:00,2109.13,2112.21,2108.24,2112.02,750.48
2026-03-13 03:25:00+00:00,2112.03,2112.81,2106.32,2106.75,696.21
2026-03-13 03:30:00+00:00,2106.73,2110.66,2101.05,2108.57,1392.84
2026-03-13 03:35:00+00:00,2108.59,2109.06,2104.42,2105.23,548.6
2026-03-13 03:40:00+00:00,2106.29,2108.57,2105.57,2108.27,374.0
2026-03-13 03:45:00+00:00,2108.24,2111.88,2107.98,2108.93,395.0
2026-03-13 03:50:00+00:00,2108.97,2118.94,2108.88,2118.84,1466.65
2026-03-13 03:55:00+00:00,2118.7,2122.79,2116.74,2117.72,2694.95
2026-03-13 04:00:00+00:00,2117.76,2119.06,2116.14,2116.14,670.21
2026-03-13 04:05:00+00:00,2116.19,2117.74,2115.04,2117.67,623.36
2026-03-13 04:10:00+00:00,2117.69,2119.18,2113.46,2114.21,847.14
2026-03-13 04:15:00+00:00,2114.21,2115.33,2113.1,2114.57,624.47
2026-03-13 04:20:00+00:00,2114.55,2115.0,2110.92,2113.51,555.11
2026-03-13 04:25:00+00:00,2113.51,2113.52,2110.35,2111.21,480.13
2026-03-13 04:30:00+00:00,2111.19,2113.07,2108.85,2109.06,394.23
2026-03-13 04:35:00+00:00,2108.94,2113.08,2108.68,2112.28,493.72
2026-03-13 04:40:00+00:00,2112.31,2113.81,2111.91,2112.73,433.57
2026-03-13 04:45:00+00:00,2112.73,2114.03,2110.52,2111.43,335.57
2026-03-13 04:50:00+00:00,2111.43,2111.92,2109.19,2109.55,284.15
2026-03-13 04:55:00+00:00,2109.44,2111.2,2108.83,2110.61,356.48
2026-03-13 05:00:00+00:00,2110.59,2111.08,2104.71,2104.72,720.43
2026-03-13 05:05:00+00:00,2104.7,2109.04,2103.53,2106.75,1048.33
2026-03-13 05:10:00+00:00,2106.73,2107.54,2102.43,2103.94,636.44
2026-03-13 05:15:00+00:00,2103.92,2107.86,2103.85,2107.86,536.13
2026-03-13 05:20:00+00:00,2107.87,2109.93,2106.39,2106.41,661.31
2026-03-13 05:25:00+00:00,2106.41,2109.6,2106.24,2108.64,428.66
2026-03-13 05:30:00+00:00,2108.64,2114.36,2108.48,2112.79,686.5
2026-03-13 05:35:00+00:00,2112.78,2114.23,2110.69,2111.31,845.91
2026-03-13 05:40:00+00:00,2111.39,2113.22,2110.0,2111.79,710.29
2026-03-13 05:45:00+00:00,2111.77,2113.5,2108.51,2109.67,654.18
2026-03-13 05:50:00+00:00,2109.65,2110.78,2107.74,2109.36,411.15
2026-03-13 05:55:00+00:00,2109.36,2111.46,2108.74,2109.59,211.87
2026-03-13 06:00:00+00:00,2109.59,2110.26,2105.05,2106.21,613.3
2026-03-13 06:05:00+00:00,2106.44,2112.28,2106.07,2111.81,498.79
2026-03-13 06:10:00+00:00,2111.83,2111.83,2108.38,2108.4,540.96
2026-03-13 06:15:00+00:00,2108.4,2109.9,2107.37,2108.58,320.79
2026-03-13 06:20:00+00:00,2108.74,2109.9,2107.65,2108.42,226.01
2026-03-13 06:25:00+00:00,2108.44,2108.44,2093.0,2095.56,4124.45
2026-03-13 06:30:00+00:00,2095.55,2096.67,2090.0,2092.98,2727.45
2026-03-13 06:35:00+00:00,2092.96,2095.25,2088.89,2094.87,2222.52
2026-03-13 06:40:00+00:00,2094.84,2096.0,2092.03,2092.05,956.65
2026-03-13 06:45:00+00:00,2092.03,2093.8,2089.32,2090.31,798.97
2026-03-13 06:50:00+00:00,2090.31,2093.76,2089.63,2093.1,857.58
2026-03-13 06:55:00+00:00,2093.1,2096.51,2092.82,2095.1,967.32
2026-03-13 07:00:00+00:00,2095.08,2101.45,2091.6,2099.47,1563.03
2026-03-13 07:05:00+00:00,2099.47,2099.99,2095.81,2099.74,1677.01
2026-03-13 07:10:00+00:00,2099.69,2100.84,2097.37,2098.91,787.54
2026-03-13 07:15:00+00:00,2098.91,2101.52,2096.75,2101.04,504.87
2026-03-13 07:20:00+00:00,2101.06,2101.06,2097.11,2100.82,435.88
2026-03-13 07:25:00+00:00,2100.64,2104.02,2099.51,2100.76,596.89
2026-03-13 07:30:00+00:00,2100.76,2102.62,2095.11,2096.6,886.46
2026-03-13 07:35:00+00:00,2096.6,2099.02,2095.5,2095.79,586.43
2026-03-13 07:40:00+00:00,2095.81,2097.72,2095.51,2097.27,442.89
2026-03-13 07:45:00+00:00,2097.29,2099.17,2095.83,2099.02,721.68
2026-03-13 07:50:00+00:00,2099.0,2101.58,2096.49,2096.73,672.74
2026-03-13 07:55:00+00:00,2096.73,2101.25,2093.31,2098.57,1481.49
2026-03-13 08:00:00+00:00,2098.59,2099.7,2093.61,2097.28,861.35
2026-03-13 08:05:00+00:00,2097.3,2098.05,2094.09,2094.25,739.85
2026-03-13 08:10:00+00:00,2094.16,2094.97,2090.4,2093.49,982.24
2026-03-13 08:15:00+00:00,2093.47,2097.9,2092.2,2095.95,523.47
2026-03-13 08:20:00+00:00,2095.95,2097.4,2092.67,2095.69,1202.95
2026-03-13 08:25:00+00:00,2095.67,2097.68,2094.18,2097.57,473.82
2026-03-13 08:30:00+00:00,2097.59,2103.16,2097.53,2101.95,1417.84
2026-03-13 08:35:00+00:00,2101.93,2115.88,2101.55,2110.58,4284.77
2026-03-13 08:40:00+00:00,2110.61,2110.61,2107.68,2108.41,1488.98
2026-03-13 08:45:00+00:00,2108.24,2109.09,2096.86,2102.58,3001.98
2026-03-13 08:50:00+00:00,2102.58,2103.67,2100.43,2101.71,842.44
2026-03-13 08:55:00+00:00,2101.69,2102.3,2096.92,2099.06,711.04
2026-03-13 09:00:00+00:00,2098.93,2105.33,2098.62,2101.64,1333.18
2026-03-13 09:05:00+00:00,2101.8,2104.3,2101.1,2103.52,744.85
2026-03-13 09:10:00+00:00,2103.54,2104.65,2102.43,2103.12,590.12
2026-03-13 09:15:00+00:00,2103.12,2103.31,2095.09,2101.3,1114.6
2026-03-13 09:20:00+00:00,2101.32,2101.96,2097.8,2098.79,518.34
2026-03-13 09:25:00+00:00,2098.79,2103.3,2098.77,2102.21,442.74
2026-03-13 09:30:00+00:00,2102.23,2106.39,2101.23,2104.43,1555.44
2026-03-13 09:35:00+00:00,2104.45,2105.58,2102.83,2103.65,645.69
2026-03-13 09:40:00+00:00,2103.63,2108.56,2102.75,2107.34,467.08
2026-03-13 09:45:00+00:00,2107.36,2110.76,2106.04,2110.24,997.08
2026-03-13 09:50:00+00:00,2110.28,2116.0,2110.28,2112.79,2278.16
2026-03-13 09:55:00+00:00,2112.77,2114.47,2110.88,2112.61,1189.76
2026-03-13 10:00:00+00:00,2112.61,2123.78,2111.76,2121.84,3086.83
2026-03-13 10:05:00+00:00,2121.86,2122.44,2118.96,2119.41,1405.64
2026-03-13 10:10:00+00:00,2119.15,2125.63,2119.0,2124.13,2292.82
2026-03-13 10:15:00+00:00,2124.11,2128.82,2121.86,2128.8,2732.1
2026-03-13 10:20:00+00:00,2128.8,2131.17,2123.61,2124.06,2941.67
2026-03-13 10:25:00+00:00,2124.04,2125.24,2122.9,2124.24,917.82
2026-03-13 10:30:00+00:00,2124.25,2128.55,2123.14,2125.09,1079.16
2026-03-13 10:35:00+00:00,2125.12,2130.49,2124.75,2127.81,1104.74
2026-03-13 10:40:00+00:00,2127.53,2129.3,2125.52,2126.19,970.95
2026-03-13 10:45:00+00:00,2126.21,2131.98,2124.96,2131.34,2057.39
2026-03-13 10:50:00+00:00,2131.35,2131.73,2126.57,2126.99,1652.98
2026-03-13 10:55:00+00:00,2127.0,2127.03,2123.51,2125.82,954.08
2026-03-13 11:00:00+00:00,2125.86,2128.46,2123.44,2126.22,1295.58
2026-03-13 11:05:00+00:00,2126.19,2128.01,2123.4,2123.83,697.13
2026-03-13 11:10:00+00:00,2123.81,2126.27,2121.34,2122.84,2004.87
2026-03-13 11:15:00+00:00,2122.84,2127.14,2122.21,2126.17,775.53
2026-03-13 11:20:00+00:00,2126.2,2127.34,2122.15,2125.29,407.64
2026-03-13 11:25:00+00:00,2125.29,2129.25,2124.3,2124.45,535.43
2026-03-13 11:30:00+00:00,2124.43,2126.79,2123.24,2123.72,571.09
2026-03-13 11:35:00+00:00,2123.72,2126.43,2121.99,2122.94,355.81
2026-03-13 11:40:00+00:00,2122.92,2124.28,2118.41,2120.34,1033.55
2026-03-13 11:45:00+00:00,2120.42,2121.47,2117.28,2118.24,790.64
2026-03-13 11:50:00+00:00,2118.26,2121.81,2117.09,2120.94,1078.97
2026-03-13 11:55:00+00:00,2120.96,2122.26,2119.73,2119.92,691.04
2026-03-13 12:00:00+00:00,2119.94,2127.62,2119.3,2126.67,1613.34
2026-03-13 12:05:00+00:00,2126.69,2132.35,2125.61,2131.08,1446.67
2026-03-13 12:10:00+00:00,2131.08,2132.26,2128.14,2132.09,959.16
2026-03-13 12:15:00+00:00,2132.09,2132.35,2127.39,2128.19,1873.29
2026-03-13 12:20:00+00:00,2128.17,2136.0,2126.08,2131.38,2681.65
2026-03-13 12:25:00+00:00,2131.4,2131.59,2126.66,2129.05,1086.78
2026-03-13 12:30:00+00:00,2129.05,2134.6,2128.19,2129.16,1239.86
2026-03-13 12:35:00+00:00,2129.08,2132.12,2126.95,2130.42,1359.93
2026-03-13 12:40:00+00:00,2130.42,2130.82,2128.16,2128.65,764.55
2026-03-13 12:45:00+00:00,2128.65,2151.83,2128.65,2146.97,7140.26
2026-03-13 12:50:00+00:00,2146.97,2147.35,2139.82,2141.98,2940.32
2026-03-13 12:55:00+00:00,2142.0,2149.55,2141.9,2145.43,2150.88
2026-03-13 13:00:00+00:00,2145.46,2148.0,2141.15,2143.68,1819.7
2026-03-13 13:05:00+00:00,2143.69,2150.87,2143.69,2146.04,2171.55
2026-03-13 13:10:00+00:00,2146.06,2155.89,2145.83,2152.11,3301.96
2026-03-13 13:15:00+00:00,2151.91,2201.99,2148.81,2196.47,23592.86
2026-03-13 13:20:00+00:00,2196.7,2197.34,2182.75,2188.11,11253.76
2026-03-13 13:25:00+00:00,2188.13,2188.13,2179.22,2181.7,3927.76
2026-03-13 13:30:00+00:00,2181.84,2190.27,2178.18,2178.92,4053.31
2026-03-13 13:35:00+00:00,2178.53,2182.64,2173.27,2181.0,4548.73
2026-03-13 13:40:00+00:00,2181.0,2188.56,2178.75,2187.77,2754.48
2026-03-13 13:45:00+00:00,2187.79,2193.62,2185.4,2187.28,3711.33
2026-03-13 13:50:00+00:00,2187.28,2191.32,2182.77,2188.3,1979.19
2026-03-13 13:55:00+00:00,2188.1,2191.1,2184.18,2184.58,2026.93
2026-03-13 14:00:00+00:00,2184.57,2191.88,2184.57,2185.96,2009.96
2026-03-13 14:05:00+00:00,2186.43,2191.33,2181.69,2187.18,2075.17
2026-03-13 14:10:00+00:00,2187.2,2195.74,2185.6,2192.0,2691.67
2026-03-13 14:15:00+00:00,2191.82,2192.68,2186.05,2192.04,1736.61
2026-03-13 14:20:00+00:00,2191.83,2203.5,2190.11,2200.38,6894.23
2026-03-13 14:25:00+00:00,2200.38,2207.25,2193.0,2195.08,5380.1
2026-03-13 14:30:00+00:00,2195.06,2200.44,2193.24,2197.0,2285.42
2026-03-13 14:35:00+00:00,2196.96,2197.04,2185.19,2187.86,6363.86
2026-03-13 14:40:00+00:00,2187.85,2189.95,2170.98,2172.72,4643.45
2026-03-13 14:45:00+00:00,2172.82,2174.88,2164.5,2166.19,5915.47
2026-03-13 14:50:00+00:00,2166.26,2167.8,2150.57,2152.34,8084.53
2026-03-13 14:55:00+00:00,2152.36,2156.26,2144.7,2149.4,7911.39
2026-03-13 15:00:00+00:00,2150.32,2156.46,2140.93,2150.61,6437.43
2026-03-13 15:05:00+00:00,2150.61,2157.6,2145.16,2155.95,2964.98
2026-03-13 15:10:00+00:00,2155.93,2159.55,2153.67,2158.57,2597.41
2026-03-13 15:15:00+00:00,2158.64,2164.4,2158.12,2160.02,2376.33
2026-03-13 15:20:00+00:00,2159.99,2162.88,2153.82,2154.99,1634.36
2026-03-13 15:25:00+00:00,2155.01,2155.12,2150.95,2151.83,1274.36
2026-03-13 15:30:00+00:00,2151.89,2156.53,2147.79,2155.0,1413.93
2026-03-13 15:35:00+00:00,2155.0,2155.28,2143.78,2147.41,1438.39
2026-03-13 15:40:00+00:00,2147.3,2147.57,2130.63,2139.84,5294.42
2026-03-13 15:45:00+00:00,2139.64,2144.49,2135.0,2140.23,3255.31
2026-03-13 15:50:00+00:00,2140.2,2142.0,2129.67,2131.64,2014.98
2026-03-13 15:55:00+00:00,2131.68,2131.69,2124.12,2127.01,3453.94
2026-03-13 16:00:00+00:00,2127.01,2131.92,2122.91,2125.45,6687.39
2026-03-13 16:05:00+00:00,2125.45,2131.28,2120.71,2128.63,3251.22
2026-03-13 16:10:00+00:00,2128.32,2132.62,2124.49,2126.77,1786.89
2026-03-13 16:15:00+00:00,2126.8,2128.73,2114.65,2115.55,4877.93
2026-03-13 16:20:00+00:00,2115.55,2121.23,2115.07,2117.79,2281.63
2026-03-13 16:25:00+00:00,2117.8,2120.33,2110.44,2118.76,3725.3
2026-03-13 16:30:00+00:00,2118.74,2125.23,2118.46,2123.34,3121.81
2026-03-13 16:35:00+00:00,2123.34,2130.45,2121.91,2129.31,4578.5
2026-03-13 16:40:00+00:00,2129.49,2132.76,2127.43,2132.27,3223.31
2026-03-13 16:45:00+00:00,2132.35,2136.46,2129.6,2136.13,2161.6
2026-03-13 16:50:00+00:00,2136.07,2142.29,2135.0,2139.71,5419.61
2026-03-13 16:55:00+00:00,2139.71,2140.71,2131.92,2132.98,5154.14
2026-03-13 17:00:00+00:00,2132.98,2135.33,2132.44,2134.27,831.65
2026-03-13 17:05:00+00:00,2134.49,2137.44,2132.54,2136.99,597.28
2026-03-13 17:10:00+00:00,2136.99,2137.02,2132.4,2136.66,1451.66
2026-03-13 17:15:00+00:00,2136.85,2140.58,2132.85,2137.52,5848.19
2026-03-13 17:20:00+00:00,2137.51,2139.19,2133.0,2133.83,1140.7
2026-03-13 17:25:00+00:00,2133.83,2134.77,2119.27,2120.41,5065.48
2026-03-13 17:30:00+00:00,2120.41,2121.72,2116.82,2119.58,1854.41
2026-03-13 17:35:00+00:00,2119.64,2119.99,2110.83,2111.36,1779.87
2026-03-13 17:40:00+00:00,2111.35,2112.92,2102.11,2106.31,3892.21
2026-03-13 17:45:00+00:00,2106.5,2108.61,2093.68,2095.09,4157.6
2026-03-13 17:50:00+00:00,2095.02,2098.23,2090.01,2097.21,3768.11
2026-03-13 17:55:00+00:00,2097.18,2101.91,2091.32,2101.87,2494.45
2026-03-13 18:00:00+00:00,2101.91,2107.64,2101.83,2106.48,2706.6
2026-03-13 18:05:00+00:00,2106.46,2107.58,2100.3,2101.38,1440.23
2026-03-13 18:10:00+00:00,2101.43,2104.48,2098.0,2103.82,1688.38
2026-03-13 18:15:00+00:00,2103.91,2106.5,2091.51,2096.89,1413.49
2026-03-13 18:20:00+00:00,2096.92,2098.59,2090.47,2095.87,1876.57
2026-03-13 18:25:00+00:00,2095.85,2103.0,2095.63,2103.0,1001.09
2026-03-13 18:30:00+00:00,2103.11,2106.56,2102.42,2103.45,1790.11
2026-03-13 18:35:00+00:00,2103.46,2105.79,2102.09,2104.5,739.2
2026-03-13 18:40:00+00:00,2104.46,2107.67,2102.03,2104.52,703.98
2026-03-13 18:45:00+00:00,2104.3,2104.68,2099.49,2102.96,830.93
2026-03-13 18:50:00+00:00,2102.96,2102.99,2097.68,2101.24,589.69
2026-03-13 18:55:00+00:00,2101.22,2101.89,2099.01,2099.81,308.71
2026-03-13 19:00:00+00:00,2099.83,2101.2,2096.85,2097.12,560.1
2026-03-13 19:05:00+00:00,2097.04,2104.67,2095.22,2102.63,1212.75
2026-03-13 19:10:00+00:00,2102.61,2104.96,2102.31,2103.02,872.8
2026-03-13 19:15:00+00:00,2103.02,2105.07,2101.73,2102.09,2541.16
2026-03-13 19:20:00+00:00,2102.14,2103.44,2096.43,2103.44,5114.76
2026-03-13 19:25:00+00:00,2102.65,2102.91,2095.85,2098.04,2756.38
2026-03-13 19:30:00+00:00,2098.04,2102.19,2098.04,2100.53,685.93
2026-03-13 19:35:00+00:00,2100.53,2101.65,2098.51,2099.83,259.86
2026-03-13 19:40:00+00:00,2099.76,2102.37,2098.86,2102.34,302.42
2026-03-13 19:45:00+00:00,2102.36,2104.69,2101.75,2103.25,501.27
2026-03-13 19:50:00+00:00,2103.25,2104.01,2100.65,2102.39,377.32
2026-03-13 19:55:00+00:00,2102.34,2104.82,2100.52,2101.57,1501.78
2026-03-13 20:00:00+00:00,2101.81,2103.25,2100.04,2101.48,617.39
2026-03-13 20:05:00+00:00,2101.46,2105.37,2101.46,2103.97,467.19
2026-03-13 20:10:00+00:00,2103.97,2108.48,2102.8,2108.37,440.51
2026-03-13 20:15:00+00:00,2108.37,2111.57,2106.88,2111.33,1322.51
2026-03-13 20:20:00+00:00,2111.35,2112.77,2109.3,2111.81,1099.98
2026-03-13 20:25:00+00:00,2111.8,2111.8,2108.36,2109.35,517.51
2026-03-13 20:30:00+00:00,2109.33,2110.6,2108.57,2109.26,254.89
2026-03-13 20:35:00+00:00,2109.27,2110.05,2107.76,2109.62,348.0
2026-03-13 20:40:00+00:00,2109.44,2110.14,2108.18,2109.9,355.54
2026-03-13 20:45:00+00:00,2109.92,2112.7,2108.93,2110.96,578.78
2026-03-13 20:50:00+00:00,2110.94,2113.58,2109.94,2112.21,376.8
2026-03-13 20:55:00+00:00,2112.26,2112.26,2110.0,2110.52,332.96
2026-03-13 21:00:00+00:00,2110.52,2113.9,2109.26,2113.31,558.37
2026-03-13 21:05:00+00:00,2113.31,2115.74,2113.29,2113.89,771.55
2026-03-13 21:10:00+00:00,2113.91,2114.29,2110.76,2112.06,423.58
2026-03-13 21:15:00+00:00,2112.08,2112.47,2110.99,2112.23,169.75
2026-03-13 21:20:00+00:00,2112.21,2113.0,2110.85,2112.4,359.85
2026-03-13 21:25:00+00:00,2112.38,2112.38,2103.42,2104.87,2912.1
2026-03-13 21:30:00+00:00,2104.89,2105.92,2103.67,2104.94,430.68
2026-03-13 21:35:00+00:00,2104.96,2108.39,2101.23,2102.92,426.84
2026-03-13 21:40:00+00:00,2102.92,2105.81,2100.41,2102.48,417.75
2026-03-13 21:45:00+00:00,2102.48,2107.34,2102.22,2105.17,1215.71
2026-03-13 21:50:00+00:00,2105.13,2105.93,2103.6,2105.49,152.28
2026-03-13 21:55:00+00:00,2105.47,2106.41,2102.04,2102.07,301.08
2026-03-13 22:00:00+00:00,2102.09,2104.03,2083.36,2089.54,4523.13
2026-03-13 22:05:00+00:00,2089.57,2091.44,2086.9,2089.2,1568.51
2026-03-13 22:10:00+00:00,2089.19,2092.39,2089.15,2090.91,926.53
2026-03-13 22:15:00+00:00,2090.91,2091.0,2084.57,2089.0,954.99
2026-03-13 22:20:00+00:00,2089.02,2089.24,2084.05,2084.05,2020.08
2026-03-13 22:25:00+00:00,2084.05,2085.29,2080.38,2081.52,2123.26
2026-03-13 22:30:00+00:00,2081.52,2084.0,2076.87,2083.25,3202.84
2026-03-13 22:35:00+00:00,2083.25,2086.07,2078.97,2081.39,1135.31
2026-03-13 22:40:00+00:00,2081.37,2084.69,2081.3,2082.52,536.07
2026-03-13 22:45:00+00:00,2082.52,2085.5,2081.15,2084.91,535.87
2026-03-13 22:50:00+00:00,2084.93,2088.26,2083.27,2088.09,624.16
2026-03-13 22:55:00+00:00,2088.12,2089.03,2087.64,2087.96,518.05
2026-03-13 23:00:00+00:00,2088.02,2088.16,2084.43,2087.82,914.82
2026-03-13 23:05:00+00:00,2087.84,2089.42,2086.21,2087.99,2746.53
2026-03-13 23:10:00+00:00,2088.0,2088.56,2086.41,2088.41,497.07
2026-03-13 23:15:00+00:00,2088.41,2092.74,2088.23,2091.58,641.48
2026-03-13 23:20:00+00:00,2091.6,2091.88,2090.06,2091.21,211.85
2026-03-13 23:25:00+00:00,2091.23,2093.16,2090.67,2090.73,393.54
2026-03-13 23:30:00+00:00,2090.73,2090.98,2089.19,2089.59,275.57
2026-03-13 23:35:00+00:00,2089.59,2092.83,2089.48,2090.38,257.93
2026-03-13 23:40:00+00:00,2090.43,2091.68,2090.3,2091.0,256.0
2026-03-13 23:45:00+00:00,2091.0,2092.48,2089.85,2090.85,227.05
2026-03-13 23:50:00+00:00,2090.85,2090.99,2089.23,2090.74,263.93
2026-03-13 23:55:00+00:00,2090.74,2092.01,2090.09,2091.17,276.02
2026-03-14 00:00:00+00:00,2091.01,2091.01,2086.75,2088.12,528.56
2026-03-14 00:05:00+00:00,2088.1,2090.51,2088.08,2090.49,231.84
2026-03-14 00:10:00+00:00,2090.49,2092.62,2089.46,2092.62,390.8
2026-03-14 00:15:00+00:00,2092.68,2093.58,2090.58,2092.64,488.88
2026-03-14 00:20:00+00:00,2092.64,2094.14,2091.82,2091.88,389.2
2026-03-14 00:25:00+00:00,2091.9,2091.9,2087.27,2091.06,349.51
2026-03-14 00:30:00+00:00,2091.04,2092.15,2088.69,2091.89,353.12
2026-03-14 00:35:00+00:00,2091.89,2093.45,2086.94,2086.95,280.0
2026-03-14 00:40:00+00:00,2086.95,2088.96,2082.09,2082.44,802.02
2026-03-14 00:45:00+00:00,2082.56,2086.32,2081.91,2083.21,554.71
2026-03-14 00:50:00+00:00,2083.23,2085.69,2082.91,2084.13,704.46
2026-03-14 00:55:00+00:00,2084.15,2086.0,2084.13,2084.34,271.03
2026-03-14 01:00:00+00:00,2084.36,2088.26,2084.28,2087.58,423.56
2026-03-14 01:05:00+00:00,2087.58,2088.83,2086.17,2088.78,230.68
2026-03-14 01:10:00+00:00,2088.78,2089.22,2085.14,2086.73,626.63
2026-03-14 01:15:00+00:00,2086.71,2089.7,2086.71,2089.48,280.99
2026-03-14 01:20:00+00:00,2089.46,2091.94,2089.15,2091.84,277.33
2026-03-14 01:25:00+00:00,2091.84,2092.63,2090.91,2091.65,504.76
2026-03-14 01:30:00+00:00,2091.68,2092.66,2085.65,2087.49,531.2
2026-03-14 01:35:00+00:00,2087.49,2087.85,2080.4,2086.68,991.73
2026-03-14 01:40:00+00:00,2086.68,2091.07,2086.28,2089.23,614.34
2026-03-14 01:45:00+00:00,2089.21,2092.5,2089.21,2092.5,466.32
2026-03-14 01:50:00+00:00,2092.5,2093.56,2091.33,2093.51,504.71
2026-03-14 01:55:00+00:00,2093.49,2094.46,2091.19,2091.53,526.07
2026-03-14 02:00:00+00:00,2091.53,2091.85,2089.56,2091.71,490.96
2026-03-14 02:05:00+00:00,2091.69,2094.82,2091.67,2093.72,498.87
2026-03-14 02:10:00+00:00,2093.8,2094.6,2092.09,2092.93,352.86
2026-03-14 02:15:00+00:00,2092.91,2094.15,2091.65,2092.79,242.51
2026-03-14 02:20:00+00:00,2092.79,2092.79,2088.94,2090.66,510.27
2026-03-14 02:25:00+00:00,2090.66,2090.68,2088.82,2089.81,188.96
2026-03-14 02:30:00+00:00,2089.81,2092.0,2088.09,2091.98,373.39
2026-03-14 02:35:00+00:00,2091.98,2092.36,2088.9,2090.27,310.32
2026-03-14 02:40:00+00:00,2090.27,2091.93,2090.11,2090.86,195.72
2026-03-14 02:45:00+00:00,2090.88,2091.78,2090.09,2091.76,180.71
2026-03-14 02:50:00+00:00,2091.78,2093.77,2090.77,2091.42,228.41
2026-03-14 02:55:00+00:00,2091.41,2094.3,2091.12,2091.44,405.42
2026-03-14 03:00:00+00:00,2091.55,2093.1,2091.53,2092.97,209.55
2026-03-14 03:05:00+00:00,2092.97,2097.38,2092.95,2097.38,698.77
2026-03-14 03:10:00+00:00,2097.38,2097.43,2095.92,2096.91,345.2
2026-03-14 03:15:00+00:00,2096.91,2099.3,2096.34,2096.63,826.54
2026-03-14 03:20:00+00:00,2096.65,2096.67,2094.83,2096.1,443.8
2026-03-14 03:25:00+00:00,2096.13,2098.56,2096.12,2097.66,293.68
2026-03-14 03:30:00+00:00,2097.66,2102.12,2097.11,2100.61,1425.04
2026-03-14 03:35:00+00:00,2100.63,2101.09,2098.19,2100.65,568.74
2026-03-14 03:40:00+00:00,2100.65,2101.7,2099.89,2100.41,393.13
2026-03-14 03:45:00+00:00,2100.41,2101.23,2099.13,2099.53,375.35
2026-03-14 03:50:00+00:00,2099.53,2100.29,2099.01,2100.03,209.96
2026-03-14 03:55:00+00:00,2100.01,2100.5,2099.05,2100.19,244.78
2026-03-14 04:00:00+00:00,2100.19,2102.62,2098.79,2101.72,285.22
2026-03-14 04:05:00+00:00,2101.72,2103.5,2100.82,2103.5,597.57
2026-03-14 04:10:00+00:00,2103.5,2103.77,2102.28,2102.83,295.91
2026-03-14 04:15:00+00:00,2102.94,2103.71,2099.71,2101.63,435.04
2026-03-14 04:20:00+00:00,2101.63,2101.65,2100.13,2100.56,323.02
2026-03-14 04:25:00+00:00,2100.58,2102.5,2100.43,2102.25,286.86
2026-03-14 04:30:00+00:00,2102.25,2103.07,2100.46,2102.53,224.76
2026-03-14 04:35:00+00:00,2102.53,2104.82,2102.0,2103.99,535.74
2026-03-14 04:40:00+00:00,2103.98,2104.13,2102.39,2102.72,299.11
2026-03-14 04:45:00+00:00,2102.7,2103.69,2102.13,2103.69,202.86
2026-03-14 04:50:00+00:00,2103.82,2104.09,2087.44,2088.62,3246.82
2026-03-14 04:55:00+00:00,2088.62,2090.67,2086.42,2089.37,1553.49
2026-03-14 05:00:00+00:00,2089.36,2091.34,2089.36,2089.82,738.8
2026-03-14 05:05:00+00:00,2089.81,2092.39,2088.4,2091.99,1249.66
2026-03-14 05:10:00+00:00,2092.0,2093.0,2091.5,2091.81,578.73
2026-03-14 05:15:00+00:00,2091.81,2091.81,2089.35,2091.05,395.15
2026-03-14 05:20:00+00:00,2091.05,2093.25,2090.49,2092.12,342.45
2026-03-14 05:25:00+00:00,2092.14,2093.77,2091.27,2091.41,296.72
2026-03-14 05:30:00+00:00,2091.43,2091.83,2086.03,2086.78,1345.8
2026-03-14 05:35:00+00:00,2086.78,2090.01,2085.05,2089.6,862.32
2026-03-14 05:40:00+00:00,2089.62,2089.7,2087.64,2089.56,302.62
2026-03-14 05:45:00+00:00,2089.55,2089.97,2088.29,2089.56,229.83
2026-03-14 05:50:00+00:00,2089.56,2091.93,2088.21,2090.47,318.06
2026-03-14 05:55:00+00:00,2090.45,2091.75,2090.12,2091.3,553.89
2026-03-14 06:00:00+00:00,2091.32,2092.0,2087.4,2087.46,627.18
2026-03-14 06:05:00+00:00,2087.48,2088.8,2087.46,2088.33,304.85
2026-03-14 06:10:00+00:00,2088.33,2088.35,2087.16,2087.88,453.12
2026-03-14 06:15:00+00:00,2087.88,2087.88,2082.46,2083.8,1358.8
2026-03-14 06:20:00+00:00,2083.78,2085.31,2082.09,2082.72,859.6
2026-03-14 06:25:00+00:00,2082.74,2085.08,2080.47,2084.07,1187.6
2026-03-14 06:30:00+00:00,2084.07,2084.36,2078.42,2079.1,1058.97
2026-03-14 06:35:00+00:00,2079.12,2081.02,2071.44,2073.59,4253.92
2026-03-14 06:40:00+00:00,2073.51,2076.6,2067.26,2074.44,2849.5
2026-03-14 06:45:00+00:00,2074.46,2078.29,2073.51,2077.31,1430.87
2026-03-14 06:50:00+00:00,2077.29,2077.68,2075.97,2076.26,566.11
2026-03-14 06:55:00+00:00,2076.28,2078.05,2076.21,2077.14,544.44
2026-03-14 07:00:00+00:00,2077.12,2078.1,2076.42,2077.41,361.86
2026-03-14 07:05:00+00:00,2077.41,2077.8,2074.55,2077.8,1250.39
2026-03-14 07:10:00+00:00,2077.79,2078.52,2077.0,2077.92,343.35
2026-03-14 07:15:00+00:00,2077.94,2077.95,2076.76,2077.12,389.29
2026-03-14 07:20:00+00:00,2077.12,2077.22,2074.75,2075.69,435.25
2026-03-14 07:25:00+00:00,2075.69,2078.52,2075.69,2078.51,669.1
2026-03-14 07:30:00+00:00,2078.51,2079.48,2077.44,2078.44,568.86
2026-03-14 07:35:00+00:00,2078.46,2078.46,2075.18,2077.41,465.26
2026-03-14 07:40:00+00:00,2077.41,2078.07,2075.28,2077.9,275.03
2026-03-14 07:45:00+00:00,2077.92,2077.92,2075.74,2077.19,331.16
2026-03-14 07:50:00+00:00,2077.19,2078.13,2075.47,2075.77,247.43
2026-03-14 07:55:00+00:00,2075.75,2077.45,2075.75,2076.39,302.81
2026-03-14 08:00:00+00:00,2076.39,2077.21,2075.08,2076.31,428.45
2026-03-14 08:05:00+00:00,2076.31,2078.99,2076.18,2078.12,355.43
2026-03-14 08:10:00+00:00,2078.12,2079.92,2078.02,2079.44,449.3
2026-03-14 08:15:00+00:00,2079.4,2079.85,2075.99,2076.39,613.06
2026-03-14 08:20:00+00:00,2076.37,2078.09,2075.87,2077.35,382.62
2026-03-14 08:25:00+00:00,2077.37,2079.49,2077.05,2078.38,299.83
2026-03-14 08:30:00+00:00,2078.36,2078.52,2075.81,2077.9,648.26
2026-03-14 08:35:00+00:00,2077.9,2077.9,2073.69,2074.38,937.13
2026-03-14 08:40:00+00:00,2074.4,2074.4,2072.09,2072.93,915.51
2026-03-14 08:45:00+00:00,2072.92,2074.26,2071.92,2072.02,504.71
2026-03-14 08:50:00+00:00,2071.98,2073.72,2071.67,2073.7,579.35
2026-03-14 08:55:00+00:00,2073.7,2073.86,2072.87,2073.29,370.39
2026-03-14 09:00:00+00:00,2073.31,2075.63,2072.51,2075.51,364.31
2026-03-14 09:05:00+00:00,2075.53,2077.02,2075.41,2076.21,570.96
2026-03-14 09:10:00+00:00,2076.21,2076.26,2074.0,2076.2,330.77
2026-03-14 09:15:00+00:00,2076.2,2076.2,2073.35,2074.79,214.46
2026-03-14 09:20:00+00:00,2075.03,2075.18,2073.56,2074.49,423.57
2026-03-14 09:25:00+00:00,2074.5,2075.75,2074.49,2075.48,195.88
2026-03-14 09:30:00+00:00,2075.46,2076.05,2072.97,2073.79,633.95
2026-03-14 09:35:00+00:00,2073.77,2074.6,2071.34,2073.34,788.57
2026-03-14 09:40:00+00:00,2073.33,2074.11,2072.83,2074.11,312.96
2026-03-14 09:45:00+00:00,2074.11,2074.24,2062.58,2065.4,4287.24
2026-03-14 09:50:00+00:00,2065.38,2068.77,2065.12,2066.71,1219.8
2026-03-14 09:55:00+00:00,2066.73,2068.0,2066.19,2066.21,814.57
2026-03-14 10:00:00+00:00,2066.19,2067.81,2065.65,2066.92,639.17
2026-03-14 10:05:00+00:00,2066.89,2068.0,2066.48,2066.71,369.1
2026-03-14 10:10:00+00:00,2066.69,2067.85,2064.52,2066.99,490.55
2026-03-14 10:15:00+00:00,2067.01,2067.01,2062.88,2065.21,856.41
2026-03-14 10:20:00+00:00,2065.19,2066.04,2064.58,2064.61,529.48
2026-03-14 10:25:00+00:00,2064.61,2065.56,2063.39,2064.59,364.47
2026-03-14 10:30:00+00:00,2064.59,2065.17,2060.41,2063.26,1141.56
2026-03-14 10:35:00+00:00,2063.19,2064.6,2061.46,2063.26,887.31
2026-03-14 10:40:00+00:00,2063.26,2065.29,2062.72,2064.23,718.49
2026-03-14 10:45:00+00:00,2064.23,2064.95,2062.71,2063.66,370.75
2026-03-14 10:50:00+00:00,2063.66,2065.81,2063.64,2065.53,413.04
2026-03-14 10:55:00+00:00,2065.51,2066.2,2064.93,2065.06,651.63
2026-03-14 11:00:00+00:00,2065.08,2068.25,2064.76,2068.18,1158.98
2026-03-14 11:05:00+00:00,2068.18,2069.55,2067.13,2069.16,943.08
2026-03-14 11:10:00+00:00,2069.16,2069.39,2068.78,2069.28,620.82
2026-03-14 11:15:00+00:00,2069.28,2070.0,2068.75,2068.9,572.81
2026-03-14 11:20:00+00:00,2068.92,2069.93,2068.19,2069.7,699.26
2026-03-14 11:25:00+00:00,2069.7,2073.58,2069.7,2072.5,1907.94
2026-03-14 11:30:00+00:00,2072.5,2073.09,2071.44,2073.04,1056.3
2026-03-14 11:35:00+00:00,2073.04,2074.07,2072.53,2074.05,334.4
2026-03-14 11:40:00+00:00,2074.07,2075.63,2073.42,2074.19,770.46
2026-03-14 11:45:00+00:00,2074.21,2075.63,2074.0,2074.84,505.42
2026-03-14 11:50:00+00:00,2074.86,2075.27,2072.84,2073.39,570.76
2026-03-14 11:55:00+00:00,2073.37,2073.39,2071.56,2072.68,574.68
2026-03-14 12:00:00+00:00,2072.68,2076.59,2071.92,2075.05,1145.0
2026-03-14 12:05:00+00:00,2075.03,2076.52,2074.91,2074.93,546.61
2026-03-14 12:10:00+00:00,2074.93,2076.95,2073.42,2074.91,435.45
2026-03-14 12:15:00+00:00,2074.91,2074.93,2073.38,2074.3,227.96
2026-03-14 12:20:00+00:00,2074.3,2075.88,2073.85,2075.52,385.42
2026-03-14 12:25:00+00:00,2075.54,2075.77,2073.45,2073.45,312.6
2026-03-14 12:30:00+00:00,2073.47,2074.39,2070.99,2071.91,531.11
2026-03-14 12:35:00+00:00,2071.89,2071.91,2068.93,2069.73,1154.27
2026-03-14 12:40:00+00:00,2069.73,2071.43,2069.71,2070.29,582.3
2026-03-14 12:45:00+00:00,2070.29,2073.71,2070.28,2073.05,520.55
2026-03-14 12:50:00+00:00,2073.08,2076.0,2072.86,2074.82,440.55
2026-03-14 12:55:00+00:00,2074.81,2075.09,2073.02,2074.4,466.87
2026-03-14 13:00:00+00:00,2074.4,2074.42,2072.38,2073.46,377.74
2026-03-14 13:05:00+00:00,2073.46,2073.7,2072.44,2073.01,251.67
2026-03-14 13:10:00+00:00,2072.9,2073.52,2071.61,2073.48,199.64
2026-03-14 13:15:00+00:00,2073.5,2078.13,2073.48,2077.88,627.51
2026-03-14 13:20:00+00:00,2077.8,2078.44,2076.32,2078.36,877.26
2026-03-14 13:25:00+00:00,2078.34,2079.59,2077.36,2077.75,578.57
2026-03-14 13:30:00+00:00,2077.75,2078.21,2075.81,2077.77,837.53
2026-03-14 13:35:00+00:00,2077.77,2078.0,2076.71,2077.9,411.09
2026-03-14 13:40:00+00:00,2077.88,2078.36,2077.1,2077.99,458.68
2026-03-14 13:45:00+00:00,2077.99,2078.01,2075.4,2076.24,435.52
2026-03-14 13:50:00+00:00,2076.24,2077.97,2075.29,2077.89,289.69
2026-03-14 13:55:00+00:00,2077.87,2078.55,2077.1,2077.22,232.19
2026-03-14 14:00:00+00:00,2077.2,2079.23,2076.26,2078.97,490.85
2026-03-14 14:05:00+00:00,2078.99,2079.38,2074.51,2074.53,500.8
2026-03-14 14:10:00+00:00,2074.51,2074.6,2071.8,2073.04,1313.76
2026-03-14 14:15:00+00:00,2073.06,2074.5,2071.93,2073.48,413.08
2026-03-14 14:20:00+00:00,2073.46,2075.2,2073.46,2074.72,375.67
2026-03-14 14:25:00+00:00,2074.72,2077.17,2074.25,2077.17,685.32
2026-03-14 14:30:00+00:00,2077.15,2078.38,2072.95,2075.29,538.91
2026-03-14 14:35:00+00:00,2075.29,2075.84,2073.25,2073.71,622.9
2026-03-14 14:40:00+00:00,2073.69,2074.25,2068.37,2069.43,724.72
2026-03-14 14:45:00+00:00,2069.45,2071.18,2069.24,2070.79,866.83
2026-03-14 14:50:00+00:00,2070.77,2072.22,2070.31,2072.06,214.72
2026-03-14 14:55:00+00:00,2072.04,2072.92,2069.79,2069.97,456.31
2026-03-14 15:00:00+00:00,2069.97,2073.89,2068.79,2071.97,700.22
2026-03-14 15:05:00+00:00,2071.95,2072.96,2070.92,2072.88,285.63
2026-03-14 15:10:00+00:00,2072.88,2074.58,2072.01,2073.68,323.37
2026-03-14 15:15:00+00:00,2073.68,2076.63,2073.66,2076.01,819.91
2026-03-14 15:20:00+00:00,2075.99,2076.85,2074.47,2075.03,334.84
2026-03-14 15:25:00+00:00,2075.05,2076.69,2074.26,2075.08,370.93
2026-03-14 15:30:00+00:00,2075.02,2075.04,2070.61,2072.16,1344.14
2026-03-14 15:35:00+00:00,2072.16,2074.02,2070.62,2073.01,393.6
2026-03-14 15:40:00+00:00,2073.01,2073.2,2072.17,2072.41,344.07
2026-03-14 15:45:00+00:00,2072.39,2073.53,2071.77,2072.49,284.09
2026-03-14 15:50:00+00:00,2072.49,2075.13,2072.47,2073.66,234.1
2026-03-14 15:55:00+00:00,2073.64,2073.92,2073.22,2073.54,158.18
2026-03-14 16:00:00+00:00,2073.56,2073.56,2070.42,2071.68,597.96
2026-03-14 16:05:00+00:00,2071.7,2074.21,2067.77,2073.74,1326.02
2026-03-14 16:10:00+00:00,2073.74,2073.82,2071.47,2072.31,329.34
2026-03-14 16:15:00+00:00,2072.29,2074.6,2071.78,2073.5,688.59
2026-03-14 16:20:00+00:00,2073.5,2073.67,2072.22,2073.37,320.54
2026-03-14 16:25:00+00:00,2073.37,2074.96,2073.37,2074.33,351.82
2026-03-14 16:30:00+00:00,2074.33,2075.97,2074.12,2075.54,481.9
2026-03-14 16:35:00+00:00,2075.54,2077.48,2074.14,2074.14,461.98
2026-03-14 16:40:00+00:00,2074.16,2075.47,2073.9,2074.59,230.96
2026-03-14 16:45:00+00:00,2074.59,2076.28,2073.0,2076.0,1459.96
2026-03-14 16:50:00+00:00,2076.0,2077.43,2075.65,2077.0,282.85
2026-03-14 16:55:00+00:00,2077.02,2077.2,2076.36,2076.45,180.28
2026-03-14 17:00:00+00:00,2076.43,2076.43,2075.36,2075.52,226.98
2026-03-14 17:05:00+00:00,2075.5,2076.58,2075.4,2076.29,245.34
2026-03-14 17:10:00+00:00,2076.31,2077.16,2075.9,2076.35,220.38
2026-03-14 17:15:00+00:00,2076.35,2077.01,2074.76,2075.42,966.75
2026-03-14 17:20:00+00:00,2075.4,2076.0,2074.52,2075.44,314.05
2026-03-14 17:25:00+00:00,2075.42,2076.98,2075.15,2076.92,635.88
2026-03-14 17:30:00+00:00,2076.92,2076.94,2074.4,2074.6,208.73
2026-03-14 17:35:00+00:00,2074.6,2076.03,2074.58,2075.08,191.29
2026-03-14 17:40:00+00:00,2075.08,2076.76,2074.44,2075.22,203.05
2026-03-14 17:45:00+00:00,2075.22,2075.24,2073.82,2073.82,371.61
2026-03-14 17:50:00+00:00,2073.79,2073.81,2072.31,2072.41,430.49
2026-03-14 17:55:00+00:00,2072.39,2074.13,2072.32,2074.13,355.61
2026-03-14 18:00:00+00:00,2074.11,2074.13,2072.24,2073.07,225.29
2026-03-14 18:05:00+00:00,2073.09,2073.81,2072.83,2073.6,196.95
2026-03-14 18:10:00+00:00,2073.62,2074.0,2072.3,2072.32,154.72
2026-03-14 18:15:00+00:00,2072.32,2072.84,2071.48,2072.14,323.08
2026-03-14 18:20:00+00:00,2072.12,2072.93,2071.69,2072.81,266.29
2026-03-14 18:25:00+00:00,2072.81,2073.8,2072.81,2072.87,159.21
2026-03-14 18:30:00+00:00,2072.89,2075.9,2072.89,2075.88,270.1
2026-03-14 18:35:00+00:00,2075.88,2075.9,2074.29,2074.29,176.09
2026-03-14 18:40:00+00:00,2074.29,2076.12,2074.02,2074.71,180.21
2026-03-14 18:45:00+00:00,2074.71,2076.04,2074.41,2076.02,119.75
2026-03-14 18:50:00+00:00,2076.02,2076.29,2075.28,2075.41,177.86
2026-03-14 18:55:00+00:00,2075.43,2077.15,2075.41,2075.79,176.71
2026-03-14 19:00:00+00:00,2075.77,2075.79,2073.73,2075.06,234.89
2026-03-14 19:05:00+00:00,2075.08,2075.69,2074.64,2074.89,129.59
2026-03-14 19:10:00+00:00,2074.91,2076.41,2074.89,2076.2,191.47
2026-03-14 19:15:00+00:00,2076.18,2077.38,2075.71,2075.85,234.4
2026-03-14 19:20:00+00:00,2075.85,2076.5,2075.44,2075.97,128.28
2026-03-14 19:25:00+00:00,2075.99,2076.33,2075.36,2076.26,137.12
2026-03-14 19:30:00+00:00,2076.26,2076.49,2075.99,2076.07,128.53
2026-03-14 19:35:00+00:00,2076.05,2077.0,2075.26,2076.48,120.06
2026-03-14 19:40:00+00:00,2076.48,2077.89,2076.33,2077.55,1608.38
2026-03-14 19:45:00+00:00,2077.53,2078.39,2076.97,2077.82,336.88
2026-03-14 19:50:00+00:00,2077.84,2077.84,2076.21,2076.3,214.29
2026-03-14 19:55:00+00:00,2076.32,2077.06,2075.65,2076.24,191.58
2026-03-14 20:00:00+00:00,2076.26,2076.74,2074.89,2075.36,220.48
2026-03-14 20:05:00+00:00,2075.38,2076.81,2074.9,2076.32,221.26
2026-03-14 20:10:00+00:00,2076.3,2076.97,2075.98,2076.97,232.18
2026-03-14 20:15:00+00:00,2076.97,2078.79,2076.63,2078.79,240.91
2026-03-14 20:20:00+00:00,2078.79,2079.31,2077.6,2078.43,494.91
2026-03-14 20:25:00+00:00,2078.45,2078.97,2078.13,2078.2,196.33
2026-03-14 20:30:00+00:00,2078.18,2078.58,2077.51,2078.56,189.21
2026-03-14 20:35:00+00:00,2078.56,2079.43,2078.2,2078.89,242.62
2026-03-14 20:40:00+00:00,2078.89,2083.72,2078.85,2082.69,1404.99
2026-03-14 20:45:00+00:00,2082.67,2085.49,2081.11,2085.47,2259.15
2026-03-14 20:50:00+00:00,2085.49,2085.49,2083.9,2084.87,404.78
2026-03-14 20:55:00+00:00,2084.87,2086.12,2084.7,2084.7,442.77
2026-03-14 21:00:00+00:00,2084.7,2085.9,2083.02,2083.93,486.67
2026-03-14 21:05:00+00:00,2083.91,2083.93,2082.06,2082.7,306.62
2026-03-14 21:10:00+00:00,2082.7,2083.14,2081.59,2081.78,435.17
2026-03-14 21:15:00+00:00,2081.8,2083.98,2080.57,2080.57,454.42
2026-03-14 21:20:00+00:00,2080.52,2083.12,2080.52,2082.53,224.47
2026-03-14 21:25:00+00:00,2082.55,2082.71,2081.24,2082.17,370.18
2026-03-14 21:30:00+00:00,2082.19,2082.72,2081.69,2082.18,256.56
2026-03-14 21:35:00+00:00,2082.19,2083.82,2082.17,2083.79,195.38
2026-03-14 21:40:00+00:00,2083.77,2085.0,2083.46,2084.02,2004.55
2026-03-14 21:45:00+00:00,2084.02,2085.75,2083.27,2085.72,268.35
2026-03-14 21:50:00+00:00,2085.7,2087.69,2085.29,2086.09,1217.84
2026-03-14 21:55:00+00:00,2086.11,2086.89,2084.73,2085.77,246.11
2026-03-14 22:00:00+00:00,2085.79,2087.21,2084.37,2086.1,694.37
2026-03-14 22:05:00+00:00,2086.08,2086.25,2084.23,2084.23,301.14
2026-03-14 22:10:00+00:00,2084.23,2085.47,2083.95,2083.99,261.52
2026-03-14 22:15:00+00:00,2084.13,2085.58,2083.55,2084.45,278.34
2026-03-14 22:20:00+00:00,2084.47,2085.73,2084.38,2085.73,186.29
2026-03-14 22:25:00+00:00,2085.73,2086.37,2084.74,2085.27,222.82
2026-03-14 22:30:00+00:00,2085.27,2086.41,2085.27,2085.51,162.65
2026-03-14 22:35:00+00:00,2085.51,2086.73,2085.49,2085.86,170.52
2026-03-14 22:40:00+00:00,2085.86,2085.86,2084.61,2085.03,164.88
2026-03-14 22:45:00+00:00,2085.03,2085.03,2082.75,2082.77,279.22
2026-03-14 22:50:00+00:00,2082.77,2083.33,2082.2,2082.78,307.4
2026-03-14 22:55:00+00:00,2082.76,2083.45,2081.25,2083.43,299.62
2026-03-14 23:00:00+00:00,2083.39,2092.23,2082.84,2091.76,2664.69
2026-03-14 23:05:00+00:00,2091.81,2098.0,2091.56,2096.07,2697.82
2026-03-14 23:10:00+00:00,2096.07,2096.8,2090.06,2092.77,1478.62
2026-03-14 23:15:00+00:00,2092.75,2093.54,2087.5,2089.63,1109.56
2026-03-14 23:20:00+00:00,2089.7,2092.31,2089.7,2091.65,357.48
2026-03-14 23:25:00+00:00,2091.63,2094.84,2090.62,2094.41,425.01
2026-03-14 23:30:00+00:00,2094.43,2096.17,2093.06,2095.65,415.72
2026-03-14 23:35:00+00:00,2095.66,2097.37,2095.29,2097.24,446.66
2026-03-14 23:40:00+00:00,2097.24,2097.76,2095.55,2095.65,553.8
2026-03-14 23:45:00+00:00,2095.63,2097.35,2093.76,2095.01,519.29
2026-03-14 23:50:00+00:00,2095.03,2096.23,2094.22,2096.21,502.86
2026-03-14 23:55:00+00:00,2096.23,2097.29,2094.43,2095.36,288.39
2026-03-15 00:00:00+00:00,2095.36,2095.88,2092.11,2092.43,784.96
2026-03-15 00:05:00+00:00,2092.42,2094.72,2090.63,2090.72,409.38
2026-03-15 00:10:00+00:00,2090.74,2092.87,2090.72,2092.87,421.14
2026-03-15 00:15:00+00:00,2092.85,2093.5,2090.83,2091.46,386.85
2026-03-15 00:20:00+00:00,2091.46,2091.78,2087.83,2090.74,827.54
2026-03-15 00:25:00+00:00,2090.73,2094.09,2088.46,2088.51,730.97
2026-03-15 00:30:00+00:00,2088.47,2090.18,2088.25,2088.75,388.06
2026-03-15 00:35:00+00:00,2088.75,2089.18,2086.81,2089.16,883.04
2026-03-15 00:40:00+00:00,2089.18,2090.57,2088.78,2089.94,493.22
2026-03-15 00:45:00+00:00,2089.92,2089.92,2085.68,2086.39,576.77
2026-03-15 00:50:00+00:00,2086.39,2087.39,2086.39,2086.83,258.56
2026-03-15 00:55:00+00:00,2086.81,2087.92,2085.78,2086.81,304.82
2026-03-15 01:00:00+00:00,2086.81,2088.68,2086.07,2086.9,295.94
2026-03-15 01:05:00+00:00,2086.88,2088.12,2086.81,2087.64,344.93
2026-03-15 01:10:00+00:00,2087.64,2087.64,2083.04,2085.25,779.7
2026-03-15 01:15:00+00:00,2085.27,2087.15,2085.27,2085.89,290.0
2026-03-15 01:20:00+00:00,2085.91,2086.52,2083.64,2085.33,260.15
2026-03-15 01:25:00+00:00,2085.33,2086.23,2083.95,2085.03,291.82
2026-03-15 01:30:00+00:00,2085.05,2085.27,2082.21,2084.0,503.58
2026-03-15 01:35:00+00:00,2084.0,2084.48,2083.17,2084.18,256.91
2026-03-15 01:40:00+00:00,2084.18,2085.89,2083.92,2085.57,414.14
2026-03-15 01:45:00+00:00,2085.57,2086.61,2084.61,2086.61,320.03
2026-03-15 01:50:00+00:00,2086.66,2090.32,2086.59,2088.48,784.55
2026-03-15 01:55:00+00:00,2088.48,2089.1,2087.19,2087.21,719.5
2026-03-15 02:00:00+00:00,2087.23,2098.22,2087.23,2092.31,1771.07
2026-03-15 02:05:00+00:00,2092.33,2096.27,2091.24,2094.33,927.29
2026-03-15 02:10:00+00:00,2094.35,2095.41,2093.45,2095.1,343.62
2026-03-15 02:15:00+00:00,2095.09,2095.98,2092.66,2094.49,589.49
2026-03-15 02:20:00+00:00,2094.49,2094.77,2091.14,2091.79,331.59
2026-03-15 02:25:00+00:00,2091.8,2093.79,2091.79,2092.15,310.78
2026-03-15 02:30:00+00:00,2092.13,2092.22,2090.0,2090.25,438.14
2026-03-15 02:35:00+00:00,2090.25,2092.31,2089.03,2092.06,427.4
2026-03-15 02:40:00+00:00,2092.11,2103.0,2091.7,2103.0,983.73
2026-03-15 02:45:00+00:00,2102.89,2107.21,2099.04,2106.63,3914.44
2026-03-15 02:50:00+00:00,2106.28,2106.65,2099.7,2101.11,1648.68
2026-03-15 02:55:00+00:00,2101.09,2102.14,2099.02,2100.93,1017.13
2026-03-15 03:00:00+00:00,2100.91,2104.17,2100.91,2101.55,688.8
2026-03-15 03:05:00+00:00,2101.57,2102.45,2100.35,2101.67,406.89
2026-03-15 03:10:00+00:00,2101.66,2103.59,2100.44,2101.79,578.33
2026-03-15 03:15:00+00:00,2101.81,2102.09,2093.92,2096.52,1877.49
2026-03-15 03:20:00+00:00,2096.52,2097.74,2095.1,2096.12,391.79
2026-03-15 03:25:00+00:00,2096.13,2096.62,2094.19,2094.92,506.26
2026-03-15 03:30:00+00:00,2094.9,2097.74,2092.8,2097.56,484.74
2026-03-15 03:35:00+00:00,2097.56,2098.09,2096.72,2097.39,503.12
2026-03-15 03:40:00+00:00,2097.41,2097.75,2094.0,2094.44,277.6
2026-03-15 03:45:00+00:00,2094.44,2095.19,2092.69,2094.78,678.25
2026-03-15 03:50:00+00:00,2094.76,2094.78,2093.69,2094.14,256.91
2026-03-15 03:55:00+00:00,2094.14,2095.63,2093.74,2095.33,257.72
2026-03-15 04:00:00+00:00,2095.31,2099.01,2095.18,2098.57,506.04
2026-03-15 04:05:00+00:00,2098.68,2102.34,2098.68,2100.32,1016.51
2026-03-15 04:10:00+00:00,2100.3,2102.22,2099.13,2100.78,366.08
2026-03-15 04:15:00+00:00,2100.78,2103.23,2100.08,2100.66,423.75
2026-03-15 04:20:00+00:00,2100.66,2103.04,2098.5,2098.99,396.93
2026-03-15 04:25:00+00:00,2099.0,2100.45,2098.36,2099.38,404.72
2026-03-15 04:30:00+00:00,2099.4,2100.63,2098.28,2098.58,303.48
2026-03-15 04:35:00+00:00,2098.58,2101.32,2097.85,2101.01,344.97
2026-03-15 04:40:00+00:00,2101.01,2101.06,2097.48,2100.96,305.31
2026-03-15 04:45:00+00:00,2100.93,2100.93,2098.31,2099.93,236.29
2026-03-15 04:50:00+00:00,2099.95,2101.29,2099.85,2100.07,244.5
2026-03-15 04:55:00+00:00,2100.09,2103.36,2099.45,2103.36,346.87
2026-03-15 05:00:00+00:00,2103.36,2103.69,2101.7,2101.7,429.47
2026-03-15 05:05:00+00:00,2101.72,2102.61,2101.0,2102.45,231.54
2026-03-15 05:10:00+00:00,2102.47,2103.06,2101.54,2102.86,206.04
2026-03-15 05:15:00+00:00,2102.84,2114.42,2101.78,2109.52,4125.96
2026-03-15 05:20:00+00:00,2109.52,2112.63,2108.8,2111.25,1090.76
2026-03-15 05:25:00+00:00,2111.15,2111.15,2107.26,2108.39,920.74
2026-03-15 05:30:00+00:00,2108.36,2110.83,2107.12,2109.66,636.77
2026-03-15 05:35:00+00:00,2109.64,2112.53,2108.48,2112.32,494.68
2026-03-15 05:40:00+00:00,2112.26,2114.83,2110.96,2111.66,1014.93
2026-03-15 05:45:00+00:00,2111.68,2111.81,2107.27,2107.56,945.96
2026-03-15 05:50:00+00:00,2107.59,2108.79,2106.2,2106.25,872.81
2026-03-15 05:55:00+00:00,2106.27,2108.0,2106.2,2106.86,965.42
2026-03-15 06:00:00+00:00,2106.87,2110.14,2106.65,2109.25,495.42
2026-03-15 06:05:00+00:00,2109.27,2109.34,2108.0,2109.29,238.96
2026-03-15 06:10:00+00:00,2109.29,2109.31,2107.36,2108.42,256.77
2026-03-15 06:15:00+00:00,2108.4,2110.0,2107.17,2108.5,748.68
2026-03-15 06:20:00+00:00,2108.5,2108.5,2104.92,2105.3,552.79
2026-03-15 06:25:00+00:00,2105.3,2107.18,2105.14,2105.66,425.93
2026-03-15 06:30:00+00:00,2105.64,2105.77,2103.91,2105.04,514.47
2026-03-15 06:35:00+00:00,2105.04,2105.1,2102.59,2103.2,419.35
2026-03-15 06:40:00+00:00,2103.21,2104.11,2102.41,2103.39,539.46
2026-03-15 06:45:00+00:00,2103.37,2104.3,2103.34,2103.87,384.19
2026-03-15 06:50:00+00:00,2103.88,2107.05,2103.67,2106.3,434.25
2026-03-15 06:55:00+00:00,2106.3,2107.39,2105.0,2106.92,271.28
2026-03-15 07:00:00+00:00,2106.94,2109.73,2106.61,2109.51,464.73
2026-03-15 07:05:00+00:00,2109.51,2110.0,2106.74,2106.74,434.52
2026-03-15 07:10:00+00:00,2106.74,2112.8,2106.73,2110.05,962.29
2026-03-15 07:15:00+00:00,2110.07,2111.0,2109.85,2109.86,269.43
2026-03-15 07:20:00+00:00,2109.86,2109.9,2108.62,2109.44,444.48
2026-03-15 07:25:00+00:00,2109.44,2109.81,2107.33,2107.33,653.54
2026-03-15 07:30:00+00:00,2107.33,2107.35,2104.9,2106.05,874.2
2026-03-15 07:35:00+00:00,2106.03,2106.09,2104.58,2105.09,731.51
2026-03-15 07:40:00+00:00,2105.09,2105.09,2103.94,2103.96,699.97
2026-03-15 07:45:00+00:00,2103.94,2104.58,2103.04,2103.66,515.3
2026-03-15 07:50:00+00:00,2103.64,2104.37,2101.84,2103.99,389.76
2026-03-15 07:55:00+00:00,2104.01,2105.51,2103.98,2104.96,472.36
2026-03-15 08:00:00+00:00,2104.96,2107.42,2104.96,2105.92,394.67
2026-03-15 08:05:00+00:00,2105.92,2109.02,2105.92,2106.05,304.73
2026-03-15 08:10:00+00:00,2106.07,2110.7,2105.96,2108.3,726.43
2026-03-15 08:15:00+00:00,2108.32,2111.2,2108.01,2109.86,505.95
2026-03-15 08:20:00+00:00,2109.88,2110.22,2108.93,2109.46,311.18
2026-03-15 08:25:00+00:00,2109.26,2109.51,2106.98,2108.08,305.37
2026-03-15 08:30:00+00:00,2108.1,2108.77,2107.26,2107.47,263.39
2026-03-15 08:35:00+00:00,2107.45,2107.95,2106.83,2107.95,222.77
2026-03-15 08:40:00+00:00,2107.95,2108.79,2107.56,2108.77,227.17
2026-03-15 08:45:00+00:00,2108.77,2112.19,2108.77,2110.17,814.2
2026-03-15 08:50:00+00:00,2110.17,2111.04,2109.54,2109.99,413.16
2026-03-15 08:55:00+00:00,2109.99,2111.99,2109.97,2111.86,267.38
2026-03-15 09:00:00+00:00,2111.84,2118.0,2111.8,2115.43,2751.15
2026-03-15 09:05:00+00:00,2115.43,2122.0,2114.1,2121.48,2427.53
2026-03-15 09:10:00+00:00,2121.42,2121.42,2118.22,2118.28,2169.25
2026-03-15 09:15:00+00:00,2118.28,2120.45,2117.14,2120.1,963.99
2026-03-15 09:20:00+00:00,2120.12,2122.6,2117.81,2119.53,1219.91
2026-03-15 09:25:00+00:00,2119.53,2119.56,2116.0,2116.81,969.29
2026-03-15 09:30:00+00:00,2116.79,2118.02,2115.43,2116.47,466.25
2026-03-15 09:35:00+00:00,2116.47,2116.54,2114.59,2116.04,546.09
2026-03-15 09:40:00+00:00,2116.04,2116.95,2114.4,2115.0,689.97
2026-03-15 09:45:00+00:00,2115.0,2117.03,2113.81,2113.81,315.99
2026-03-15 09:50:00+00:00,2113.81,2117.68,2113.77,2116.62,583.73
2026-03-15 09:55:00+00:00,2116.64,2118.37,2116.13,2116.25,272.47
2026-03-15 10:00:00+00:00,2116.25,2117.23,2114.64,2114.71,315.91
2026-03-15 10:05:00+00:00,2114.7,2114.72,2113.22,2114.31,531.07
2026-03-15 10:10:00+00:00,2114.36,2115.68,2113.52,2115.07,288.84
2026-03-15 10:15:00+00:00,2115.09,2118.52,2113.89,2117.18,352.9
2026-03-15 10:20:00+00:00,2117.18,2120.07,2117.01,2118.42,594.26
2026-03-15 10:25:00+00:00,2118.4,2119.35,2118.01,2118.82,380.73
2026-03-15 10:30:00+00:00,2118.84,2119.18,2117.21,2118.77,358.29
2026-03-15 10:35:00+00:00,2118.79,2120.51,2118.21,2118.73,482.17
2026-03-15 10:40:00+00:00,2118.73,2119.5,2118.22,2119.32,206.46
2026-03-15 10:45:00+00:00,2119.32,2119.82,2117.94,2119.18,386.23
2026-03-15 10:50:00+00:00,2119.16,2120.0,2119.11,2119.66,398.53
2026-03-15 10:55:00+00:00,2119.66,2119.66,2117.96,2118.01,285.09
2026-03-15 11:00:00+00:00,2118.01,2119.32,2117.56,2117.91,472.71
2026-03-15 11:05:00+00:00,2117.93,2119.27,2116.23,2116.24,605.34
2026-03-15 11:10:00+00:00,2116.24,2117.77,2115.9,2117.34,408.5
2026-03-15 11:15:00+00:00,2117.34,2119.3,2116.94,2117.04,439.29
2026-03-15 11:20:00+00:00,2117.05,2118.39,2117.05,2117.52,299.81
2026-03-15 11:25:00+00:00,2117.5,2117.52,2114.81,2115.27,751.68
2026-03-15 11:30:00+00:00,2115.25,2116.3,2114.91,2115.43,584.65
2026-03-15 11:35:00+00:00,2115.43,2116.0,2114.65,2114.76,390.12
2026-03-15 11:40:00+00:00,2114.76,2116.26,2113.9,2116.12,1069.27
2026-03-15 11:45:00+00:00,2116.14,2119.41,2115.73,2118.07,842.79
2026-03-15 11:50:00+00:00,2118.07,2120.28,2118.05,2119.71,722.54
2026-03-15 11:55:00+00:00,2119.7,2119.73,2118.28,2118.79,263.79
2026-03-15 12:00:00+00:00,2118.77,2118.95,2116.02,2117.73,653.91
2026-03-15 12:05:00+00:00,2117.71,2117.79,2115.43,2115.76,321.31
2026-03-15 12:10:00+00:00,2115.74,2115.76,2114.64,2114.97,585.58
2026-03-15 12:15:00+00:00,2114.97,2116.78,2114.18,2115.6,485.14
2026-03-15 12:20:00+00:00,2115.62,2116.0,2113.63,2114.84,670.04
2026-03-15 12:25:00+00:00,2114.82,2116.21,2114.61,2115.97,424.72
2026-03-15 12:30:00+00:00,2115.99,2116.9,2114.47,2114.6,609.05
2026-03-15 12:35:00+00:00,2114.6,2115.46,2113.96,2115.04,420.04
2026-03-15 12:40:00+00:00,2115.04,2115.06,2108.29,2108.31,2295.0
2026-03-15 12:45:00+00:00,2108.31,2111.2,2107.77,2109.96,1707.9
2026-03-15 12:50:00+00:00,2109.98,2110.71,2107.03,2107.88,1348.34
2026-03-15 12:55:00+00:00,2107.88,2109.0,2107.84,2108.57,654.57
2026-03-15 13:00:00+00:00,2108.59,2111.52,2108.43,2109.74,858.68
2026-03-15 13:05:00+00:00,2109.72,2110.31,2094.33,2095.68,5514.54
2026-03-15 13:10:00+00:00,2095.72,2097.89,2090.77,2097.35,4493.26
2026-03-15 13:15:00+00:00,2097.33,2097.51,2087.8,2091.55,2673.0
2026-03-15 13:20:00+00:00,2091.56,2095.04,2090.75,2094.29,1621.98
2026-03-15 13:25:00+00:00,2094.29,2096.57,2094.11,2095.67,1294.03
2026-03-15 13:30:00+00:00,2095.67,2096.74,2089.27,2090.44,1517.13
2026-03-15 13:35:00+00:00,2090.34,2092.36,2085.58,2086.49,1774.21
2026-03-15 13:40:00+00:00,2086.38,2089.15,2085.91,2089.15,1984.69
2026-03-15 13:45:00+00:00,2089.16,2093.5,2088.03,2091.9,1402.59
2026-03-15 13:50:00+00:00,2091.76,2094.99,2091.32,2094.26,547.56
2026-03-15 13:55:00+00:00,2094.27,2097.0,2092.93,2096.25,697.64
2026-03-15 14:00:00+00:00,2096.25,2097.88,2093.87,2095.87,1580.28
2026-03-15 14:05:00+00:00,2095.87,2096.24,2093.97,2095.79,624.19
2026-03-15 14:10:00+00:00,2095.79,2095.81,2093.68,2094.16,592.12
2026-03-15 14:15:00+00:00,2094.18,2094.18,2091.0,2091.99,588.01
2026-03-15 14:20:00+00:00,2091.99,2093.51,2089.16,2090.58,551.2
2026-03-15 14:25:00+00:00,2090.56,2092.65,2090.56,2092.06,389.83
2026-03-15 14:30:00+00:00,2092.08,2092.08,2087.91,2090.46,1234.48
2026-03-15 14:35:00+00:00,2090.47,2090.83,2085.54,2087.75,2067.48
2026-03-15 14:40:00+00:00,2087.75,2091.5,2087.57,2091.4,535.47
2026-03-15 14:45:00+00:00,2091.46,2092.52,2090.3,2090.92,616.93
2026-03-15 14:50:00+00:00,2090.92,2094.02,2090.87,2093.4,706.8
2026-03-15 14:55:00+00:00,2093.38,2096.13,2092.8,2096.11,757.56
2026-03-15 15:00:00+00:00,2096.11,2096.3,2093.19,2093.39,497.6
2026-03-15 15:05:00+00:00,2093.41,2093.62,2091.25,2092.41,547.94
2026-03-15 15:10:00+00:00,2092.41,2094.11,2092.3,2092.71,245.65
2026-03-15 15:15:00+00:00,2092.71,2093.72,2091.28,2092.79,490.25
2026-03-15 15:20:00+00:00,2092.78,2094.61,2091.29,2094.6,423.98
2026-03-15 15:25:00+00:00,2094.6,2095.66,2090.78,2091.7,533.29
2026-03-15 15:30:00+00:00,2091.7,2094.26,2089.2,2093.34,779.97
2026-03-15 15:35:00+00:00,2093.34,2094.4,2092.01,2092.17,886.29
2026-03-15 15:40:00+00:00,2092.19,2093.03,2091.67,2093.02,244.51
2026-03-15 15:45:00+00:00,2093.0,2094.25,2092.84,2093.95,213.11
2026-03-15 15:50:00+00:00,2093.93,2094.37,2093.21,2093.61,237.07
2026-03-15 15:55:00+00:00,2093.62,2094.45,2092.31,2092.89,226.58
2026-03-15 16:00:00+00:00,2092.87,2094.83,2091.76,2094.68,473.05
2026-03-15 16:05:00+00:00,2094.66,2097.96,2094.61,2096.39,883.3
2026-03-15 16:10:00+00:00,2096.41,2097.07,2095.03,2096.9,381.34
2026-03-15 16:15:00+00:00,2096.88,2096.96,2088.54,2092.22,2299.87
2026-03-15 16:20:00+00:00,2092.22,2092.22,2089.4,2091.1,690.77
2026-03-15 16:25:00+00:00,2091.1,2091.79,2090.06,2091.65,302.63
2026-03-15 16:30:00+00:00,2091.59,2091.73,2088.8,2089.07,725.04
2026-03-15 16:35:00+00:00,2089.07,2092.9,2088.71,2091.86,857.75
2026-03-15 16:40:00+00:00,2091.84,2094.68,2091.49,2092.2,746.12
2026-03-15 16:45:00+00:00,2092.2,2093.25,2091.61,2091.61,442.39
2026-03-15 16:50:00+00:00,2091.63,2091.63,2087.6,2090.62,772.82
2026-03-15 16:55:00+00:00,2090.62,2091.56,2090.21,2090.62,258.48
2026-03-15 17:00:00+00:00,2090.64,2094.64,2090.12,2094.03,571.77
2026-03-15 17:05:00+00:00,2094.03,2095.07,2093.49,2094.48,585.75
2026-03-15 17:10:00+00:00,2094.48,2094.76,2092.99,2093.78,279.35
2026-03-15 17:15:00+00:00,2093.76,2095.0,2092.86,2094.99,203.51
2026-03-15 17:20:00+00:00,2094.99,2095.29,2093.88,2094.96,509.28
2026-03-15 17:25:00+00:00,2094.96,2095.81,2093.03,2094.01,385.87
2026-03-15 17:30:00+00:00,2094.01,2095.07,2092.96,2093.25,237.0
2026-03-15 17:35:00+00:00,2093.23,2095.68,2093.23,2095.51,698.46
2026-03-15 17:40:00+00:00,2095.53,2096.26,2095.5,2095.76,474.34
2026-03-15 17:45:00+00:00,2095.76,2097.68,2095.28,2097.07,476.03
2026-03-15 17:50:00+00:00,2097.07,2117.47,2096.43,2116.11,4939.47
2026-03-15 17:55:00+00:00,2116.0,2117.14,2108.44,2109.72,2744.78
2026-03-15 18:00:00+00:00,2109.77,2112.58,2107.5,2108.59,1238.12
2026-03-15 18:05:00+00:00,2108.59,2110.0,2107.06,2108.78,605.29
2026-03-15 18:10:00+00:00,2108.78,2108.8,2106.49,2107.78,1281.07
2026-03-15 18:15:00+00:00,2107.78,2110.0,2105.7,2109.81,546.91
2026-03-15 18:20:00+00:00,2109.79,2109.98,2106.12,2108.01,309.97
2026-03-15 18:25:00+00:00,2107.99,2108.85,2106.52,2107.43,227.81
2026-03-15 18:30:00+00:00,2107.41,2112.69,2107.41,2110.66,802.92
2026-03-15 18:35:00+00:00,2110.64,2111.32,2108.76,2108.76,377.45
2026-03-15 18:40:00+00:00,2108.76,2110.21,2108.5,2108.63,189.2
2026-03-15 18:45:00+00:00,2108.65,2109.12,2097.96,2098.19,1685.67
2026-03-15 18:50:00+00:00,2098.19,2100.33,2096.61,2097.93,1011.34
2026-03-15 18:55:00+00:00,2097.93,2098.58,2093.37,2098.05,1009.62
2026-03-15 19:00:00+00:00,2098.07,2104.0,2095.81,2103.75,1028.71
2026-03-15 19:05:00+00:00,2103.75,2104.13,2100.7,2101.74,670.9
2026-03-15 19:10:00+00:00,2101.72,2110.68,2099.9,2110.27,815.25
2026-03-15 19:15:00+00:00,2110.27,2110.6,2106.84,2108.94,964.59
2026-03-15 19:20:00+00:00,2108.94,2110.59,2108.11,2109.81,543.99
2026-03-15 19:25:00+00:00,2109.83,2111.88,2109.38,2110.64,506.89
2026-03-15 19:30:00+00:00,2110.66,2113.34,2109.27,2111.27,656.01
2026-03-15 19:35:00+00:00,2111.29,2111.4,2109.04,2109.71,365.91
2026-03-15 19:40:00+00:00,2109.73,2110.39,2108.27,2109.23,283.01
2026-03-15 19:45:00+00:00,2109.21,2110.0,2108.34,2109.99,221.78
2026-03-15 19:50:00+00:00,2109.99,2110.82,2107.79,2110.38,291.85
2026-03-15 19:55:00+00:00,2110.38,2113.37,2110.22,2112.4,451.41
2026-03-15 20:00:00+00:00,2112.42,2113.19,2110.15,2112.09,335.87
2026-03-15 20:05:00+00:00,2112.11,2112.97,2110.89,2111.81,234.23
2026-03-15 20:10:00+00:00,2111.81,2112.44,2110.8,2111.22,299.58
2026-03-15 20:15:00+00:00,2111.24,2112.9,2109.98,2109.98,529.4
2026-03-15 20:20:00+00:00,2109.98,2113.48,2109.89,2112.15,253.12
2026-03-15 20:25:00+00:00,2112.15,2113.22,2109.04,2113.22,455.49
2026-03-15 20:30:00+00:00,2113.21,2128.23,2113.21,2122.35,4896.63
2026-03-15 20:35:00+00:00,2122.48,2138.0,2122.47,2136.03,3881.54
2026-03-15 20:40:00+00:00,2136.03,2137.87,2128.85,2130.06,2536.49
2026-03-15 20:45:00+00:00,2130.06,2132.46,2127.47,2128.92,939.5
2026-03-15 20:50:00+00:00,2128.9,2129.91,2127.21,2127.9,1205.27
2026-03-15 20:55:00+00:00,2127.9,2130.88,2127.36,2128.0,485.8
2026-03-15 21:00:00+00:00,2128.02,2131.89,2127.13,2128.05,903.53
2026-03-15 21:05:00+00:00,2128.07,2129.0,2124.27,2125.02,836.29
2026-03-15 21:10:00+00:00,2125.0,2125.04,2122.66,2122.67,547.52
2026-03-15 21:15:00+00:00,2122.67,2126.16,2122.62,2125.67,416.83
2026-03-15 21:20:00+00:00,2125.67,2128.76,2125.67,2127.87,477.56
2026-03-15 21:25:00+00:00,2127.87,2131.1,2127.85,2128.54,508.3
2026-03-15 21:30:00+00:00,2128.56,2135.4,2128.52,2133.69,893.52
2026-03-15 21:35:00+00:00,2133.69,2143.88,2133.2,2136.94,2896.26
2026-03-15 21:40:00+00:00,2136.85,2140.29,2135.05,2139.73,1465.97
2026-03-15 21:45:00+00:00,2139.7,2143.09,2134.67,2137.27,1029.45
2026-03-15 21:50:00+00:00,2137.21,2137.98,2134.56,2135.77,768.23
2026-03-15 21:55:00+00:00,2135.8,2138.45,2134.86,2138.18,401.27
2026-03-15 22:00:00+00:00,2138.47,2148.0,2136.19,2146.06,2419.56
2026-03-15 22:05:00+00:00,2146.04,2146.25,2134.33,2134.83,1738.89
2026-03-15 22:10:00+00:00,2134.81,2135.9,2128.05,2129.08,1570.86
2026-03-15 22:15:00+00:00,2129.1,2130.78,2124.81,2128.26,1642.63
2026-03-15 22:20:00+00:00,2128.26,2133.95,2127.38,2132.12,954.65
2026-03-15 22:25:00+00:00,2132.14,2135.71,2131.73,2133.22,611.22
2026-03-15 22:30:00+00:00,2133.22,2155.71,2133.2,2152.44,5203.83
2026-03-15 22:35:00+00:00,2152.37,2165.72,2148.83,2163.34,3704.61
2026-03-15 22:40:00+00:00,2163.38,2177.14,2161.86,2171.4,7179.58
2026-03-15 22:45:00+00:00,2171.4,2181.66,2169.64,2175.22,4526.87
2026-03-15 22:50:00+00:00,2175.24,2192.2,2175.09,2179.8,10064.19
2026-03-15 22:55:00+00:00,2179.81,2186.18,2178.84,2183.66,2799.31
2026-03-15 23:00:00+00:00,2183.96,2191.68,2183.96,2189.98,2671.42
2026-03-15 23:05:00+00:00,2189.93,2200.0,2188.4,2194.62,9538.08
2026-03-15 23:10:00+00:00,2194.64,2202.17,2189.76,2195.75,4292.58
2026-03-15 23:15:00+00:00,2195.73,2199.29,2182.93,2185.13,3778.07
2026-03-15 23:20:00+00:00,2185.11,2187.0,2174.0,2176.56,3100.96
2026-03-15 23:25:00+00:00,2176.43,2178.19,2172.06,2172.08,1738.94
2026-03-15 23:30:00+00:00,2172.06,2176.33,2166.45,2168.92,2321.15
2026-03-15 23:35:00+00:00,2168.94,2172.51,2165.12,2169.13,1591.46
2026-03-15 23:40:00+00:00,2169.08,2180.85,2168.43,2178.03,2072.31
2026-03-15 23:45:00+00:00,2178.03,2182.28,2172.81,2175.95,1726.62
2026-03-15 23:50:00+00:00,2175.96,2175.96,2168.5,2173.77,1224.46
2026-03-15 23:55:00+00:00,2173.75,2177.82,2173.12,2177.45,799.23
2026-03-16 00:00:00+00:00,2177.43,2186.18,2177.39,2181.36,2456.92
2026-03-16 00:05:00+00:00,2181.33,2185.0,2180.54,2181.21,957.86
2026-03-16 00:10:00+00:00,2181.3,2182.53,2173.16,2173.42,1467.32
2026-03-16 00:15:00+00:00,2173.56,2180.38,2171.53,2172.17,792.98
2026-03-16 00:20:00+00:00,2172.17,2172.75,2169.68,2170.35,1068.88
2026-03-16 00:25:00+00:00,2170.36,2170.79,2166.68,2167.75,1142.33
2026-03-16 00:30:00+00:00,2167.75,2170.53,2166.51,2170.13,750.19
2026-03-16 00:35:00+00:00,2169.95,2173.0,2168.56,2168.58,587.25
2026-03-16 00:40:00+00:00,2168.59,2170.78,2164.5,2169.16,1457.3
2026-03-16 00:45:00+00:00,2169.13,2174.0,2168.9,2172.46,747.18
2026-03-16 00:50:00+00:00,2172.48,2174.52,2171.03,2172.35,1059.42
2026-03-16 00:55:00+00:00,2172.35,2173.14,2169.74,2170.39,331.79
2026-03-16 01:00:00+00:00,2170.38,2173.76,2165.2,2167.03,784.23
2026-03-16 01:05:00+00:00,2167.12,2170.61,2166.38,2168.95,723.73
2026-03-16 01:10:00+00:00,2168.93,2171.78,2164.38,2164.97,1020.51
2026-03-16 01:15:00+00:00,2164.99,2170.78,2164.99,2170.2,953.3
2026-03-16 01:20:00+00:00,2170.2,2178.91,2170.0,2178.19,1651.56
2026-03-16 01:25:00+00:00,2178.19,2182.26,2175.79,2179.04,1447.73
2026-03-16 01:30:00+00:00,2179.02,2179.02,2173.46,2175.56,1161.04
2026-03-16 01:35:00+00:00,2175.54,2180.84,2175.2,2176.42,634.33
2026-03-16 01:40:00+00:00,2176.36,2180.04,2175.11,2178.41,675.62
2026-03-16 01:45:00+00:00,2178.43,2180.56,2177.63,2178.46,563.6
2026-03-16 01:50:00+00:00,2178.48,2189.63,2178.45,2187.68,2260.34
2026-03-16 01:55:00+00:00,2187.63,2188.45,2183.86,2184.98,1229.18
2026-03-16 02:00:00+00:00,2185.0,2188.0,2182.69,2187.98,748.76
2026-03-16 02:05:00+00:00,2188.0,2188.39,2181.59,2183.63,648.62
2026-03-16 02:10:00+00:00,2183.6,2183.63,2177.0,2178.76,1539.41
2026-03-16 02:15:00+00:00,2178.78,2180.64,2175.79,2176.51,715.57
2026-03-16 02:20:00+00:00,2176.53,2178.02,2175.0,2176.99,709.16
2026-03-16 02:25:00+00:00,2176.99,2177.03,2169.11,2172.6,1863.64
2026-03-16 02:30:00+00:00,2172.58,2172.6,2169.93,2172.04,581.56
2026-03-16 02:35:00+00:00,2172.04,2176.68,2171.23,2175.14,676.76
2026-03-16 02:40:00+00:00,2175.14,2176.44,2174.15,2175.56,638.74
2026-03-16 02:45:00+00:00,2175.58,2177.89,2172.86,2174.05,871.3
2026-03-16 02:50:00+00:00,2174.11,2179.72,2174.09,2179.44,825.61
2026-03-16 02:55:00+00:00,2179.44,2182.84,2179.37,2179.52,1425.26
2026-03-16 03:00:00+00:00,2179.5,2181.33,2176.29,2181.32,1352.22
2026-03-16 03:05:00+00:00,2181.32,2184.3,2177.3,2182.91,4014.67
2026-03-16 03:10:00+00:00,2182.89,2182.89,2179.05,2180.68,1312.44
2026-03-16 03:15:00+00:00,2180.68,2185.78,2178.65,2184.78,1662.13
2026-03-16 03:20:00+00:00,2184.78,2208.0,2184.0,2206.04,6450.48
2026-03-16 03:25:00+00:00,2206.06,2208.72,2198.04,2199.93,3902.8
2026-03-16 03:30:00+00:00,2199.92,2245.66,2199.85,2243.41,16762.11
2026-03-16 03:35:00+00:00,2243.39,2248.88,2232.63,2243.62,7376.47
2026-03-16 03:40:00+00:00,2243.71,2253.0,2233.39,2237.69,5839.2
2026-03-16 03:45:00+00:00,2237.67,2243.23,2229.43,2232.66,4073.76
2026-03-16 03:50:00+00:00,2232.77,2239.45,2231.75,2237.99,2662.59
2026-03-16 03:55:00+00:00,2238.1,2238.65,2233.9,2235.02,1314.98
2026-03-16 04:00:00+00:00,2235.02,2242.14,2235.02,2238.89,2063.42
2026-03-16 04:05:00+00:00,2238.85,2244.44,2237.06,2240.84,1770.29
2026-03-16 04:10:00+00:00,2240.84,2244.0,2238.87,2244.0,1405.11
2026-03-16 04:15:00+00:00,2243.99,2248.74,2242.14,2244.9,2882.16
2026-03-16 04:20:00+00:00,2245.12,2265.15,2243.36,2253.01,7558.38
2026-03-16 04:25:00+00:00,2252.85,2253.28,2244.15,2248.23,3692.28
2026-03-16 04:30:00+00:00,2248.23,2258.46,2248.12,2254.76,2178.49
2026-03-16 04:35:00+00:00,2254.71,2268.63,2252.72,2264.71,4784.67
2026-03-16 04:40:00+00:00,2264.71,2268.29,2259.9,2260.09,3371.13
2026-03-16 04:45:00+00:00,2260.08,2267.25,2257.49,2266.61,1897.06
2026-03-16 04:50:00+00:00,2266.61,2269.0,2260.0,2268.03,1916.59
2026-03-16 04:55:00+00:00,2268.03,2276.87,2261.23,2262.19,4441.68
2026-03-16 05:00:00+00:00,2262.17,2263.56,2258.92,2259.67,2025.66
2026-03-16 05:05:00+00:00,2259.83,2261.55,2257.04,2261.02,1974.81
2026-03-16 05:10:00+00:00,2261.04,2268.41,2261.02,2262.35,1432.08
2026-03-16 05:15:00+00:00,2262.36,2263.44,2258.83,2262.26,1752.91
2026-03-16 05:20:00+00:00,2262.24,2268.5,2262.24,2268.13,1468.54
2026-03-16 05:25:00+00:00,2268.11,2269.09,2265.62,2267.84,1055.35
2026-03-16 05:30:00+00:00,2267.86,2267.86,2259.38,2259.38,1613.4
2026-03-16 05:35:00+00:00,2259.3,2266.72,2258.66,2265.22,914.27
2026-03-16 05:40:00+00:00,2265.22,2271.29,2264.82,2269.55,1751.25
2026-03-16 05:45:00+00:00,2269.55,2276.0,2267.2,2273.58,3230.34
2026-03-16 05:50:00+00:00,2273.56,2275.0,2268.42,2273.67,1731.74
2026-03-16 05:55:00+00:00,2273.67,2287.48,2272.91,2279.42,7072.97
2026-03-16 06:00:00+00:00,2279.4,2280.42,2266.8,2266.88,2673.65
2026-03-16 06:05:00+00:00,2266.9,2268.01,2261.41,2261.45,2465.25
2026-03-16 06:10:00+00:00,2261.45,2265.06,2260.35,2262.52,1884.87
2026-03-16 06:15:00+00:00,2262.48,2269.79,2261.93,2267.84,1556.72
2026-03-16 06:20:00+00:00,2267.84,2270.08,2265.05,2267.11,1378.66
2026-03-16 06:25:00+00:00,2266.89,2267.97,2264.08,2264.68,784.12
2026-03-16 06:30:00+00:00,2264.71,2268.6,2263.06,2263.17,1430.33
2026-03-16 06:35:00+00:00,2263.17,2266.92,2262.8,2265.89,661.85
2026-03-16 06:40:00+00:00,2265.89,2268.99,2264.8,2265.77,1259.81
2026-03-16 06:45:00+00:00,2265.83,2265.87,2262.12,2262.45,1779.96
2026-03-16 06:50:00+00:00,2262.45,2263.67,2261.48,2261.62,1030.22
2026-03-16 06:55:00+00:00,2261.68,2262.94,2260.29,2260.7,758.71
2026-03-16 07:00:00+00:00,2260.7,2268.46,2259.55,2266.66,2304.68
2026-03-16 07:05:00+00:00,2266.72,2267.27,2264.38,2266.23,579.41
2026-03-16 07:10:00+00:00,2266.16,2268.01,2264.8,2265.07,577.13
2026-03-16 07:15:00+00:00,2265.07,2268.0,2259.56,2267.35,1019.39
2026-03-16 07:20:00+00:00,2267.33,2267.86,2264.47,2264.49,772.03
2026-03-16 07:25:00+00:00,2264.47,2266.44,2262.46,2266.0,755.88
2026-03-16 07:30:00+00:00,2266.02,2266.41,2259.85,2259.85,1293.04
2026-03-16 07:35:00+00:00,2259.84,2260.81,2250.55,2251.79,3120.5
2026-03-16 07:40:00+00:00,2251.75,2254.49,2251.16,2252.55,1572.56
2026-03-16 07:45:00+00:00,2252.52,2253.56,2250.37,2250.7,1046.01
2026-03-16 07:50:00+00:00,2250.66,2251.2,2245.21,2247.55,3389.91
2026-03-16 07:55:00+00:00,2247.55,2250.49,2247.47,2248.09,1296.38
2026-03-16 08:00:00+00:00,2248.1,2255.94,2248.1,2254.15,2433.56
2026-03-16 08:05:00+00:00,2254.15,2258.0,2253.34,2256.67,1295.88
2026-03-16 08:10:00+00:00,2256.67,2258.0,2249.13,2249.58,2153.06
2026-03-16 08:15:00+00:00,2249.52,2253.4,2244.44,2252.42,2641.18
2026-03-16 08:20:00+00:00,2252.4,2256.82,2250.38,2254.86,1681.24
2026-03-16 08:25:00+00:00,2254.84,2254.84,2249.88,2249.95,1003.41
2026-03-16 08:30:00+00:00,2249.97,2251.53,2244.05,2246.23,1864.02
2026-03-16 08:35:00+00:00,2246.24,2249.74,2240.29,2240.4,2031.76
2026-03-16 08:40:00+00:00,2240.4,2244.06,2236.08,2236.25,2499.6
2026-03-16 08:45:00+00:00,2236.27,2243.3,2234.49,2241.97,3009.44
2026-03-16 08:50:00+00:00,2241.98,2245.53,2236.15,2245.03,1993.77
2026-03-16 08:55:00+00:00,2245.03,2245.22,2242.04,2242.56,1010.85
2026-03-16 09:00:00+00:00,2242.54,2244.24,2240.77,2241.39,629.03
2026-03-16 09:05:00+00:00,2241.37,2244.68,2239.18,2244.66,497.47
2026-03-16 09:10:00+00:00,2244.79,2247.4,2244.18,2245.17,1588.22
2026-03-16 09:15:00+00:00,2245.19,2249.25,2245.14,2247.96,1585.63
2026-03-16 09:20:00+00:00,2247.94,2250.87,2245.55,2248.66,735.33
2026-03-16 09:25:00+00:00,2248.66,2255.6,2248.66,2254.33,3198.62
2026-03-16 09:30:00+00:00,2254.33,2255.34,2250.6,2250.93,889.95
2026-03-16 09:35:00+00:00,2250.93,2255.42,2250.93,2252.93,1540.5
2026-03-16 09:40:00+00:00,2252.95,2255.2,2252.55,2252.58,564.11
2026-03-16 09:45:00+00:00,2252.58,2264.96,2252.3,2263.09,2447.63
2026-03-16 09:50:00+00:00,2263.07,2263.77,2258.9,2258.95,1605.07
2026-03-16 09:55:00+00:00,2258.95,2260.17,2258.66,2259.64,863.53
2026-03-16 10:00:00+00:00,2259.47,2267.77,2259.42,2265.15,2662.75
2026-03-16 10:05:00+00:00,2265.15,2268.7,2263.15,2266.95,1307.97
2026-03-16 10:10:00+00:00,2266.96,2267.01,2264.62,2265.1,979.51
2026-03-16 10:15:00+00:00,2265.1,2268.23,2264.43,2264.9,490.08
2026-03-16 10:20:00+00:00,2265.13,2271.04,2263.26,2267.76,2096.74
2026-03-16 10:25:00+00:00,2267.74,2268.05,2264.7,2264.81,794.59
2026-03-16 10:30:00+00:00,2264.79,2264.84,2258.33,2258.61,2060.67
2026-03-16 10:35:00+00:00,2258.61,2258.74,2255.27,2256.44,3631.15
2026-03-16 10:40:00+00:00,2256.39,2259.7,2256.18,2258.24,1182.17
2026-03-16 10:45:00+00:00,2258.32,2266.8,2257.39,2266.65,2541.78
2026-03-16 10:50:00+00:00,2266.6,2269.24,2264.82,2267.86,1571.82
2026-03-16 10:55:00+00:00,2267.86,2277.86,2267.86,2277.09,5134.86
2026-03-16 11:00:00+00:00,2277.09,2278.84,2272.97,2273.67,2735.53
2026-03-16 11:05:00+00:00,2273.71,2275.88,2273.45,2273.51,1010.29
2026-03-16 11:10:00+00:00,2273.5,2276.83,2272.65,2273.03,1462.01
2026-03-16 11:15:00+00:00,2273.0,2278.99,2272.24,2275.97,1302.48
2026-03-16 11:20:00+00:00,2275.98,2276.46,2267.11,2268.27,1804.93
2026-03-16 11:25:00+00:00,2268.29,2271.27,2264.31,2266.24,2679.15
2026-03-16 11:30:00+00:00,2266.24,2269.22,2264.56,2268.51,1867.04
2026-03-16 11:35:00+00:00,2268.53,2269.29,2266.47,2268.43,515.97
2026-03-16 11:40:00+00:00,2268.43,2271.39,2267.27,2270.13,2344.42
2026-03-16 11:45:00+00:00,2270.13,2273.62,2269.79,2270.86,1865.79
2026-03-16 11:50:00+00:00,2270.88,2272.59,2269.27,2270.6,517.99
2026-03-16 11:55:00+00:00,2270.6,2270.63,2268.57,2268.7,500.05
2026-03-16 12:00:00+00:00,2268.78,2291.84,2268.56,2277.77,3753.35
2026-03-16 12:05:00+00:00,2277.77,2280.54,2273.0,2275.11,4719.6
2026-03-16 12:10:00+00:00,2275.13,2282.05,2270.51,2280.38,1923.66
2026-03-16 12:15:00+00:00,2280.4,2286.82,2276.08,2286.79,1974.91
2026-03-16 12:20:00+00:00,2286.83,2295.94,2282.78,2285.76,5847.12
2026-03-16 12:25:00+00:00,2285.78,2302.0,2280.94,2299.0,7011.55
2026-03-16 12:30:00+00:00,2299.0,2301.44,2290.18,2292.5,7045.46
2026-03-16 12:35:00+00:00,2292.5,2293.62,2283.13,2286.86,3644.06
2026-03-16 12:40:00+00:00,2286.87,2287.87,2279.07,2281.75,2851.02
2026-03-16 12:45:00+00:00,2281.75,2283.13,2275.89,2278.13,2578.81
2026-03-16 12:50:00+00:00,2278.3,2280.46,2275.69,2276.38,1745.47
2026-03-16 12:55:00+00:00,2276.38,2279.65,2275.89,2278.02,765.9
2026-03-16 13:00:00+00:00,2278.0,2280.88,2276.1,2277.93,838.14
2026-03-16 13:05:00+00:00,2277.95,2280.98,2272.38,2273.63,3074.3
2026-03-16 13:10:00+00:00,2273.61,2278.37,2272.1,2278.34,1496.81
2026-03-16 13:15:00+00:00,2278.36,2279.49,2271.06,2272.6,1307.89
2026-03-16 13:20:00+00:00,2272.58,2281.17,2272.08,2279.29,1322.38
2026-03-16 13:25:00+00:00,2279.29,2280.48,2277.28,2279.54,1007.15
2026-03-16 13:30:00+00:00,2279.49,2296.69,2275.9,2295.48,6066.69
2026-03-16 13:35:00+00:00,2295.48,2301.4,2286.8,2296.75,6559.11
2026-03-16 13:40:00+00:00,2296.75,2307.57,2286.79,2289.98,8750.65
2026-03-16 13:45:00+00:00,2290.03,2301.22,2289.2,2290.01,4384.18
2026-03-16 13:50:00+00:00,2290.06,2292.0,2276.07,2276.26,4918.16
2026-03-16 13:55:00+00:00,2276.28,2288.0,2276.14,2287.54,3045.48
2026-03-16 14:00:00+00:00,2287.54,2298.0,2282.37,2293.54,3997.35
2026-03-16 14:05:00+00:00,2293.54,2302.55,2289.22,2298.25,2930.79
2026-03-16 14:10:00+00:00,2298.25,2303.0,2293.43,2296.27,2557.62
2026-03-16 14:15:00+00:00,2296.19,2300.84,2293.01,2293.01,1753.07
2026-03-16 14:20:00+00:00,2293.0,2301.0,2292.78,2294.66,1676.59
2026-03-16 14:25:00+00:00,2294.64,2295.0,2279.42,2279.42,3909.46
2026-03-16 14:30:00+00:00,2279.42,2279.82,2258.0,2266.69,11525.86
2026-03-16 14:35:00+00:00,2266.76,2273.3,2257.0,2259.0,4172.95
2026-03-16 14:40:00+00:00,2258.74,2266.0,2254.09,2262.47,3738.24
2026-03-16 14:45:00+00:00,2262.45,2265.81,2259.42,2259.75,2229.42
2026-03-16 14:50:00+00:00,2259.75,2271.33,2255.16,2270.5,3201.4
2026-03-16 14:55:00+00:00,2270.52,2288.45,2268.71,2286.89,5788.74
2026-03-16 15:00:00+00:00,2286.94,2290.41,2278.16,2282.53,4941.7
2026-03-16 15:05:00+00:00,2282.51,2286.3,2275.07,2286.26,1769.98
2026-03-16 15:10:00+00:00,2286.28,2292.0,2281.07,2285.93,2175.33
2026-03-16 15:15:00+00:00,2285.93,2291.96,2281.19,2291.53,2678.34
2026-03-16 15:20:00+00:00,2291.63,2292.14,2284.55,2289.42,2161.33
2026-03-16 15:25:00+00:00,2289.42,2290.56,2286.67,2290.16,1266.85
2026-03-16 15:30:00+00:00,2290.18,2297.97,2285.66,2287.28,2698.06
2026-03-16 15:35:00+00:00,2287.26,2292.04,2282.45,2284.56,1701.12
2026-03-16 15:40:00+00:00,2284.55,2285.64,2280.93,2282.52,1324.21
2026-03-16 15:45:00+00:00,2282.5,2286.37,2280.83,2282.85,818.33
2026-03-16 15:50:00+00:00,2282.85,2283.1,2273.29,2275.03,1928.79
2026-03-16 15:55:00+00:00,2275.02,2275.03,2268.65,2272.32,2084.23
2026-03-16 16:00:00+00:00,2272.3,2275.49,2268.51,2272.4,1442.19
2026-03-16 16:05:00+00:00,2272.4,2284.69,2272.0,2278.2,3051.85
2026-03-16 16:10:00+00:00,2278.18,2280.29,2274.75,2275.99,738.93
2026-03-16 16:15:00+00:00,2276.0,2285.6,2275.94,2283.8,2334.11
2026-03-16 16:20:00+00:00,2283.78,2284.87,2277.87,2277.95,756.63
2026-03-16 16:25:00+00:00,2277.94,2282.24,2275.47,2281.87,866.1
2026-03-16 16:30:00+00:00,2281.85,2284.55,2276.64,2279.27,971.96
2026-03-16 16:35:00+00:00,2279.17,2284.38,2279.11,2283.31,567.56
2026-03-16 16:40:00+00:00,2283.29,2291.56,2282.02,2290.18,2113.93
2026-03-16 16:45:00+00:00,2290.18,2293.71,2286.5,2288.22,2017.65
2026-03-16 16:50:00+00:00,2288.22,2297.06,2287.5,2293.67,2485.68
2026-03-16 16:55:00+00:00,2293.67,2299.65,2291.5,2295.88,2193.91
2026-03-16 17:00:00+00:00,2295.88,2303.0,2292.26,2298.74,3432.44
2026-03-16 17:05:00+00:00,2298.74,2305.68,2298.11,2299.99,2955.09
2026-03-16 17:10:00+00:00,2299.99,2307.32,2299.89,2303.66,2092.3
2026-03-16 17:15:00+00:00,2303.73,2304.58,2299.43,2302.46,1169.86
2026-03-16 17:20:00+00:00,2302.47,2305.59,2299.54,2301.81,865.17
2026-03-16 17:25:00+00:00,2301.81,2303.71,2297.43,2299.34,985.54
2026-03-16 17:30:00+00:00,2299.34,2315.54,2299.34,2304.0,5288.09
2026-03-16 17:35:00+00:00,2303.98,2311.5,2303.98,2311.22,1859.35
2026-03-16 17:40:00+00:00,2311.17,2314.97,2309.4,2311.56,1522.77
2026-03-16 17:45:00+00:00,2311.56,2321.81,2311.26,2315.67,4229.68
2026-03-16 17:50:00+00:00,2315.67,2315.67,2307.68,2311.97,1537.97
2026-03-16 17:55:00+00:00,2311.95,2314.82,2310.39,2313.6,1336.76
2026-03-16 18:00:00+00:00,2313.5,2317.79,2312.8,2316.82,835.78
2026-03-16 18:05:00+00:00,2316.8,2336.4,2315.29,2334.4,7206.71
2026-03-16 18:10:00+00:00,2334.4,2341.13,2328.55,2333.75,5711.02
2026-03-16 18:15:00+00:00,2333.79,2338.75,2331.12,2332.96,2902.13
2026-03-16 18:20:00+00:00,2332.72,2339.84,2329.05,2338.8,2207.59
2026-03-16 18:25:00+00:00,2338.82,2345.11,2332.94,2336.29,4481.71
2026-03-16 18:30:00+00:00,2336.28,2343.44,2333.2,2342.21,2486.54
2026-03-16 18:35:00+00:00,2342.19,2344.6,2332.58,2334.22,2730.47
2026-03-16 18:40:00+00:00,2334.54,2341.18,2332.96,2338.72,1598.06
2026-03-16 18:45:00+00:00,2338.74,2338.74,2332.85,2333.74,1074.77
2026-03-16 18:50:00+00:00,2333.76,2334.52,2323.57,2323.81,2857.31
2026-03-16 18:55:00+00:00,2323.77,2323.95,2319.24,2320.8,1233.23
2026-03-16 19:00:00+00:00,2320.78,2326.88,2317.65,2320.87,1660.16
2026-03-16 19:05:00+00:00,2320.71,2343.84,2320.35,2343.65,3903.53
2026-03-16 19:10:00+00:00,2343.48,2347.55,2332.0,2337.05,3354.52
2026-03-16 19:15:00+00:00,2336.96,2340.56,2329.44,2329.45,1545.25
2026-03-16 19:20:00+00:00,2329.45,2334.85,2327.61,2333.52,1499.84
2026-03-16 19:25:00+00:00,2333.57,2333.8,2323.3,2331.64,1140.97
2026-03-16 19:30:00+00:00,2331.64,2337.18,2331.18,2332.96,981.71
2026-03-16 19:35:00+00:00,2332.98,2335.63,2328.27,2335.09,730.2
2026-03-16 19:40:00+00:00,2335.09,2337.24,2333.44,2333.44,494.33
2026-03-16 19:45:00+00:00,2333.44,2334.15,2323.54,2327.09,1058.7
2026-03-16 19:50:00+00:00,2327.11,2330.65,2325.04,2327.96,617.67
2026-03-16 19:55:00+00:00,2327.96,2333.21,2327.96,2329.78,488.04
2026-03-16 20:00:00+00:00,2329.85,2331.3,2323.9,2324.82,1311.34
2026-03-16 20:05:00+00:00,2324.81,2326.45,2322.4,2325.0,1458.86
2026-03-16 20:10:00+00:00,2324.98,2326.32,2323.46,2325.83,292.32
2026-03-16 20:15:00+00:00,2325.85,2329.34,2324.02,2324.66,450.55
2026-03-16 20:20:00+00:00,2324.66,2330.46,2324.23,2328.73,681.11
2026-03-16 20:25:00+00:00,2328.71,2331.91,2327.44,2330.19,461.98
2026-03-16 20:30:00+00:00,2330.17,2335.44,2329.56,2335.44,617.6
2026-03-16 20:35:00+00:00,2335.17,2341.51,2333.45,2341.03,1086.97
2026-03-16 20:40:00+00:00,2341.03,2341.03,2335.38,2336.01,727.97
2026-03-16 20:45:00+00:00,2335.99,2340.71,2335.91,2340.71,663.67
2026-03-16 20:50:00+00:00,2340.69,2345.76,2339.78,2341.61,2323.8
2026-03-16 20:55:00+00:00,2341.64,2346.69,2341.01,2344.15,1187.49
2026-03-16 21:00:00+00:00,2344.15,2356.17,2342.63,2353.92,5250.38
2026-03-16 21:05:00+00:00,2353.43,2354.62,2342.55,2345.85,3553.05
2026-03-16 21:10:00+00:00,2345.87,2352.43,2345.77,2349.67,3609.69
2026-03-16 21:15:00+00:00,2349.69,2352.17,2345.59,2349.43,1671.03
2026-03-16 21:20:00+00:00,2349.45,2352.22,2343.76,2348.81,1790.67
2026-03-16 21:25:00+00:00,2348.79,2349.26,2343.87,2345.8,832.2
2026-03-16 21:30:00+00:00,2345.78,2357.93,2345.09,2355.75,907.08
2026-03-16 21:35:00+00:00,2355.73,2375.87,2353.67,2361.9,10017.88
2026-03-16 21:40:00+00:00,2362.82,2364.03,2354.42,2358.12,2114.66
2026-03-16 21:45:00+00:00,2358.14,2365.23,2356.0,2364.77,1271.5
2026-03-16 21:50:00+00:00,2364.77,2369.95,2359.67,2363.34,1490.89
2026-03-16 21:55:00+00:00,2363.36,2363.44,2356.73,2359.65,925.56
2026-03-16 22:00:00+00:00,2359.65,2372.56,2358.43,2371.31,1224.04
2026-03-16 22:05:00+00:00,2371.29,2384.6,2371.25,2380.03,5824.33
2026-03-16 22:10:00+00:00,2380.02,2380.11,2372.93,2375.37,4136.4
2026-03-16 22:15:00+00:00,2375.37,2375.94,2368.39,2372.53,2385.4
2026-03-16 22:20:00+00:00,2372.53,2372.53,2357.59,2359.26,3054.36
2026-03-16 22:25:00+00:00,2359.0,2360.71,2354.0,2358.35,4317.63
2026-03-16 22:30:00+00:00,2358.35,2363.29,2357.34,2358.94,846.89
2026-03-16 22:35:00+00:00,2358.96,2364.73,2358.84,2363.99,791.85
2026-03-16 22:40:00+00:00,2364.01,2365.47,2360.53,2364.6,1394.22
2026-03-16 22:45:00+00:00,2364.6,2367.95,2363.91,2365.14,501.7
2026-03-16 22:50:00+00:00,2365.16,2365.48,2357.24,2358.09,1539.91
2026-03-16 22:55:00+00:00,2358.09,2358.96,2355.31,2356.61,917.09
2026-03-16 23:00:00+00:00,2356.61,2356.85,2341.85,2342.6,2705.85
2026-03-16 23:05:00+00:00,2342.57,2346.22,2329.21,2331.85,2844.17
2026-03-16 23:10:00+00:00,2331.55,2339.81,2330.96,2338.42,2277.5
2026-03-16 23:15:00+00:00,2338.42,2343.16,2336.55,2340.47,1115.5
2026-03-16 23:20:00+00:00,2340.47,2344.38,2336.13,2342.53,1973.14
2026-03-16 23:25:00+00:00,2342.58,2350.49,2342.55,2350.18,2345.49
2026-03-16 23:30:00+00:00,2350.17,2357.0,2348.71,2354.11,2354.56
2026-03-16 23:35:00+00:00,2354.11,2356.01,2352.24,2353.89,735.16
2026-03-16 23:40:00+00:00,2353.92,2357.84,2353.28,2356.54,599.49
2026-03-16 23:45:00+00:00,2356.49,2360.32,2351.65,2353.3,3209.94
2026-03-16 23:50:00+00:00,2353.3,2355.53,2345.72,2349.38,2511.96
2026-03-16 23:55:00+00:00,2349.38,2351.96,2348.32,2351.62,589.56
2026-03-17 00:00:00+00:00,2351.64,2352.03,2339.39,2341.73,1864.28
2026-03-17 00:05:00+00:00,2341.73,2351.6,2341.47,2347.5,3608.79
2026-03-17 00:10:00+00:00,2347.54,2372.06,2347.54,2366.09,4519.19
2026-03-17 00:15:00+00:00,2366.08,2375.15,2359.12,2362.34,5245.55
2026-03-17 00:20:00+00:00,2362.33,2362.35,2345.29,2345.82,3820.07
2026-03-17 00:25:00+00:00,2345.68,2352.92,2341.25,2352.92,1668.79
2026-03-17 00:30:00+00:00,2352.92,2366.0,2352.92,2362.0,2316.42
2026-03-17 00:35:00+00:00,2362.02,2364.54,2349.74,2351.36,3620.51
2026-03-17 00:40:00+00:00,2351.34,2354.84,2347.72,2352.24,1098.72
2026-03-17 00:45:00+00:00,2352.26,2355.7,2349.17,2349.23,695.98
2026-03-17 00:50:00+00:00,2349.06,2350.99,2345.52,2349.39,2113.95
2026-03-17 00:55:00+00:00,2349.37,2356.61,2346.0,2356.43,2280.24
2026-03-17 01:00:00+00:00,2356.54,2357.94,2346.03,2347.88,990.69
2026-03-17 01:05:00+00:00,2347.88,2362.85,2346.0,2357.97,3383.22
2026-03-17 01:10:00+00:00,2357.97,2372.0,2356.26,2363.7,2613.06
2026-03-17 01:15:00+00:00,2363.68,2367.03,2358.06,2365.45,1064.01
2026-03-17 01:20:00+00:00,2365.47,2366.64,2356.46,2360.41,1555.36
2026-03-17 01:25:00+00:00,2360.41,2364.62,2359.58,2363.35,662.92
2026-03-17 01:30:00+00:00,2363.33,2368.4,2357.71,2368.4,872.01
2026-03-17 01:35:00+00:00,2368.33,2373.68,2363.33,2364.69,2344.19
2026-03-17 01:40:00+00:00,2364.69,2367.36,2350.16,2359.2,1966.98
2026-03-17 01:45:00+00:00,2359.32,2365.43,2355.34,2359.37,3488.53
2026-03-17 01:50:00+00:00,2359.39,2361.23,2350.45,2352.5,842.04
2026-03-17 01:55:00+00:00,2352.48,2360.67,2352.48,2359.69,1038.54
2026-03-17 02:00:00+00:00,2359.65,2360.62,2356.24,2357.04,4769.67
2026-03-17 02:05:00+00:00,2357.06,2357.06,2345.96,2348.4,2839.14
2026-03-17 02:10:00+00:00,2348.45,2349.27,2343.8,2348.23,1097.27
2026-03-17 02:15:00+00:00,2348.31,2349.99,2343.64,2344.53,796.37
2026-03-17 02:20:00+00:00,2344.47,2348.29,2343.49,2345.14,617.74
2026-03-17 02:25:00+00:00,2345.13,2347.54,2343.6,2346.8,533.12
2026-03-17 02:30:00+00:00,2346.82,2353.02,2345.01,2352.05,685.77
2026-03-17 02:35:00+00:00,2352.05,2358.77,2351.65,2358.77,949.67
2026-03-17 02:40:00+00:00,2358.96,2360.0,2355.89,2357.16,706.22
2026-03-17 02:45:00+00:00,2357.18,2360.32,2354.29,2356.28,1076.5
2026-03-17 02:50:00+00:00,2356.3,2357.86,2354.05,2355.95,1294.2
2026-03-17 02:55:00+00:00,2355.83,2355.88,2349.26,2350.03,1201.16
2026-03-17 03:00:00+00:00,2350.03,2354.78,2349.6,2352.84,405.1
2026-03-17 03:05:00+00:00,2352.8,2352.8,2348.26,2348.26,452.53
2026-03-17 03:10:00+00:00,2348.26,2348.26,2340.61,2341.41,1192.91
2026-03-17 03:15:00+00:00,2341.39,2343.18,2338.86,2342.91,1098.65
2026-03-17 03:20:00+00:00,2342.93,2343.33,2333.62,2334.97,1584.54
2026-03-17 03:25:00+00:00,2334.97,2338.58,2332.67,2335.55,1069.76
2026-03-17 03:30:00+00:00,2335.66,2336.0,2321.2,2323.52,2846.28
2026-03-17 03:35:00+00:00,2323.43,2325.0,2317.14,2322.91,2859.71
2026-03-17 03:40:00+00:00,2322.93,2322.93,2313.25,2315.39,2345.11
2026-03-17 03:45:00+00:00,2315.39,2315.46,2308.15,2310.0,3104.0
2026-03-17 03:50:00+00:00,2310.01,2317.0,2306.96,2312.11,3080.36
2026-03-17 03:55:00+00:00,2312.09,2320.06,2310.09,2319.13,2001.22
2026-03-17 04:00:00+00:00,2319.13,2325.3,2317.79,2322.33,2558.19
2026-03-17 04:05:00+00:00,2322.32,2326.56,2321.2,2326.44,1156.41
2026-03-17 04:10:00+00:00,2326.46,2329.02,2322.62,2326.94,1206.11
2026-03-17 04:15:00+00:00,2326.94,2327.3,2316.75,2318.64,1191.82
2026-03-17 04:20:00+00:00,2318.73,2319.97,2308.09,2310.26,2134.69
2026-03-17 04:25:00+00:00,2310.28,2314.74,2309.0,2312.06,1338.21
2026-03-17 04:30:00+00:00,2312.04,2315.69,2303.99,2308.7,2057.6
2026-03-17 04:35:00+00:00,2308.68,2313.05,2301.66,2303.03,1007.4
2026-03-17 04:40:00+00:00,2303.01,2308.09,2295.0,2303.89,4613.69
2026-03-17 04:45:00+00:00,2303.82,2309.64,2303.7,2309.58,834.49
2026-03-17 04:50:00+00:00,2309.58,2312.42,2308.59,2310.24,717.83
2026-03-17 04:55:00+00:00,2310.22,2312.53,2309.08,2310.31,606.32
2026-03-17 05:00:00+00:00,2310.33,2311.12,2304.67,2310.77,922.1
2026-03-17 05:05:00+00:00,2310.83,2315.0,2310.38,2310.54,1685.6
2026-03-17 05:10:00+00:00,2310.52,2314.49,2309.81,2311.65,559.02
2026-03-17 05:15:00+00:00,2311.67,2316.82,2311.64,2312.72,905.25
2026-03-17 05:20:00+00:00,2312.7,2314.07,2309.2,2313.93,731.36
2026-03-17 05:25:00+00:00,2313.95,2316.91,2313.92,2314.9,678.78
2026-03-17 05:30:00+00:00,2314.9,2316.93,2311.9,2312.79,464.68
2026-03-17 05:35:00+00:00,2312.79,2313.32,2305.53,2306.99,954.27
2026-03-17 05:40:00+00:00,2307.01,2308.08,2301.1,2302.18,862.48
2026-03-17 05:45:00+00:00,2301.67,2304.01,2296.82,2299.57,1769.06
2026-03-17 05:50:00+00:00,2299.55,2307.83,2299.55,2307.33,1147.24
2026-03-17 05:55:00+00:00,2307.34,2309.78,2304.47,2306.42,608.39
2026-03-17 06:00:00+00:00,2306.44,2307.99,2299.38,2301.08,2034.23
2026-03-17 06:05:00+00:00,2301.08,2304.52,2297.41,2303.59,920.85
2026-03-17 06:10:00+00:00,2303.73,2316.58,2301.28,2314.36,1974.54
2026-03-17 06:15:00+00:00,2314.36,2316.81,2312.41,2313.22,993.02
2026-03-17 06:20:00+00:00,2313.26,2321.8,2312.97,2319.42,1669.38
2026-03-17 06:25:00+00:00,2319.41,2321.09,2317.2,2320.34,735.67
2026-03-17 06:30:00+00:00,2320.36,2322.83,2315.0,2318.56,1021.63
2026-03-17 06:35:00+00:00,2318.54,2320.65,2317.88,2320.61,531.27
2026-03-17 06:40:00+00:00,2320.61,2320.62,2308.95,2309.52,1323.93
2026-03-17 06:45:00+00:00,2309.5,2313.16,2307.64,2308.93,1259.93
2026-03-17 06:50:00+00:00,2308.93,2314.57,2308.93,2311.88,544.92
2026-03-17 06:55:00+00:00,2311.99,2314.77,2311.94,2314.33,452.74
2026-03-17 07:00:00+00:00,2314.33,2320.0,2314.29,2318.69,765.52
2026-03-17 07:05:00+00:00,2318.69,2320.0,2316.59,2318.65,540.79
2026-03-17 07:10:00+00:00,2318.65,2324.31,2318.65,2323.74,758.77
2026-03-17 07:15:00+00:00,2323.72,2336.14,2323.63,2335.11,3248.22
2026-03-17 07:20:00+00:00,2335.11,2336.92,2333.04,2335.49,2295.57
2026-03-17 07:25:00+00:00,2335.49,2335.9,2333.39,2334.35,864.42
2026-03-17 07:30:00+00:00,2334.35,2335.24,2329.5,2330.6,1793.86
2026-03-17 07:35:00+00:00,2330.6,2332.01,2327.76,2330.0,757.64
2026-03-17 07:40:00+00:00,2330.01,2333.05,2327.84,2329.91,885.13
2026-03-17 07:45:00+00:00,2329.93,2332.0,2328.05,2328.13,464.91
2026-03-17 07:50:00+00:00,2328.13,2328.14,2324.17,2324.19,1376.76
2026-03-17 07:55:00+00:00,2324.19,2327.0,2323.86,2326.87,492.26
2026-03-17 08:00:00+00:00,2326.87,2334.33,2326.78,2329.76,1467.55
2026-03-17 08:05:00+00:00,2329.76,2331.59,2325.82,2326.2,981.16
2026-03-17 08:10:00+00:00,2326.18,2327.32,2316.56,2321.31,2380.14
2026-03-17 08:15:00+00:00,2321.33,2327.74,2317.39,2326.91,937.83
2026-03-17 08:20:00+00:00,2326.87,2329.77,2323.61,2324.55,1126.55
2026-03-17 08:25:00+00:00,2324.64,2327.51,2323.75,2325.74,778.13
2026-03-17 08:30:00+00:00,2325.66,2327.48,2320.99,2321.51,626.58
2026-03-17 08:35:00+00:00,2321.51,2322.31,2319.78,2321.65,864.48
2026-03-17 08:40:00+00:00,2321.58,2332.08,2321.36,2330.43,1211.99
2026-03-17 08:45:00+00:00,2330.41,2331.79,2329.55,2330.1,496.59
2026-03-17 08:50:00+00:00,2330.08,2330.76,2326.64,2327.24,541.63
2026-03-17 08:55:00+00:00,2327.24,2328.0,2315.39,2319.57,1438.81
2026-03-17 09:00:00+00:00,2319.59,2323.23,2312.94,2314.82,1648.07
2026-03-17 09:05:00+00:00,2314.82,2316.0,2309.8,2310.18,2181.13
2026-03-17 09:10:00+00:00,2310.18,2312.55,2308.5,2309.64,1171.0
2026-03-17 09:15:00+00:00,2309.62,2318.53,2306.44,2318.04,1985.77
2026-03-17 09:20:00+00:00,2318.04,2318.21,2313.78,2317.23,910.69
2026-03-17 09:25:00+00:00,2317.24,2328.0,2317.23,2323.95,2363.13
2026-03-17 09:30:00+00:00,2323.93,2325.08,2318.14,2319.41,939.29
2026-03-17 09:35:00+00:00,2319.41,2324.0,2317.58,2322.48,1514.57
2026-03-17 09:40:00+00:00,2322.48,2325.3,2319.15,2322.15,825.12
2026-03-17 09:45:00+00:00,2322.15,2322.42,2318.78,2319.99,760.74
2026-03-17 09:50:00+00:00,2319.99,2321.3,2313.27,2314.22,759.17
2026-03-17 09:55:00+00:00,2314.22,2315.65,2310.0,2314.75,1736.21
2026-03-17 10:00:00+00:00,2314.73,2316.05,2312.44,2312.44,504.55
2026-03-17 10:05:00+00:00,2312.46,2312.66,2306.35,2311.05,1619.63
2026-03-17 10:10:00+00:00,2311.05,2314.93,2309.03,2312.03,748.85
2026-03-17 10:15:00+00:00,2312.01,2312.88,2304.12,2310.02,1680.25
2026-03-17 10:20:00+00:00,2310.02,2311.18,2307.3,2310.4,804.61
2026-03-17 10:25:00+00:00,2310.42,2313.64,2308.84,2312.55,592.29
2026-03-17 10:30:00+00:00,2312.48,2313.48,2309.59,2313.28,391.9
2026-03-17 10:35:00+00:00,2313.26,2315.74,2308.82,2313.24,891.6
2026-03-17 10:40:00+00:00,2313.24,2313.24,2308.21,2309.15,667.38
2026-03-17 10:45:00+00:00,2309.08,2310.19,2307.4,2307.64,693.61
2026-03-17 10:50:00+00:00,2307.54,2315.06,2305.62,2311.71,1333.4
2026-03-17 10:55:00+00:00,2311.73,2312.69,2310.99,2312.07,635.93
2026-03-17 11:00:00+00:00,2312.07,2315.36,2310.33,2315.36,589.97
2026-03-17 11:05:00+00:00,2315.36,2320.67,2314.81,2320.67,1497.2
2026-03-17 11:10:00+00:00,2320.67,2323.11,2319.55,2322.55,1214.82
2026-03-17 11:15:00+00:00,2322.55,2329.89,2322.54,2328.95,2470.21
2026-03-17 11:20:00+00:00,2329.35,2330.44,2326.58,2328.94,1102.63
2026-03-17 11:25:00+00:00,2328.92,2331.4,2326.28,2327.4,1266.83
2026-03-17 11:30:00+00:00,2327.42,2328.42,2324.59,2326.62,1188.84
2026-03-17 11:35:00+00:00,2326.6,2329.88,2325.11,2327.98,798.92
2026-03-17 11:40:00+00:00,2327.94,2329.6,2327.62,2328.85,331.35
2026-03-17 11:45:00+00:00,2328.83,2331.61,2327.32,2329.68,581.19
2026-03-17 11:50:00+00:00,2329.68,2331.6,2324.2,2324.76,1350.99
2026-03-17 11:55:00+00:00,2324.75,2327.37,2323.91,2325.74,779.68
2026-03-17 12:00:00+00:00,2325.72,2327.93,2325.14,2327.1,520.76
2026-03-17 12:05:00+00:00,2327.07,2329.84,2326.8,2329.46,927.43
2026-03-17 12:10:00+00:00,2329.48,2331.49,2324.52,2325.35,898.36
2026-03-17 12:15:00+00:00,2325.37,2333.53,2321.11,2332.83,1299.14
2026-03-17 12:20:00+00:00,2332.67,2334.1,2322.91,2323.38,1945.03
2026-03-17 12:25:00+00:00,2323.48,2324.08,2315.68,2319.21,1877.41
2026-03-17 12:30:00+00:00,2319.24,2323.0,2317.66,2320.54,647.8
2026-03-17 12:35:00+00:00,2320.51,2321.78,2312.1,2320.65,1575.32
2026-03-17 12:40:00+00:00,2320.42,2321.63,2318.09,2320.01,598.86
2026-03-17 12:45:00+00:00,2320.03,2320.03,2315.16,2316.02,634.94
2026-03-17 12:50:00+00:00,2316.02,2316.63,2312.45,2314.87,896.59
2026-03-17 12:55:00+00:00,2314.87,2317.0,2312.46,2314.65,922.09
2026-03-17 13:00:00+00:00,2314.62,2318.0,2312.4,2318.0,1494.17
2026-03-17 13:05:00+00:00,2318.16,2318.95,2315.81,2317.6,463.22
2026-03-17 13:10:00+00:00,2317.62,2319.6,2316.32,2318.07,367.97
2026-03-17 13:15:00+00:00,2318.09,2320.69,2314.95,2318.66,461.44
2026-03-17 13:20:00+00:00,2318.66,2321.42,2316.8,2318.82,531.99
2026-03-17 13:25:00+00:00,2318.84,2320.29,2316.04,2319.57,751.47
2026-03-17 13:30:00+00:00,2319.55,2342.2,2317.63,2334.88,6936.32
2026-03-17 13:35:00+00:00,2334.88,2342.16,2332.36,2342.05,5410.56
2026-03-17 13:40:00+00:00,2342.16,2345.71,2331.12,2331.76,5506.64
2026-03-17 13:45:00+00:00,2331.7,2333.3,2320.85,2329.97,3874.98
2026-03-17 13:50:00+00:00,2329.97,2330.76,2316.07,2325.66,3355.94
2026-03-17 13:55:00+00:00,2325.65,2329.82,2324.3,2327.79,1198.1
2026-03-17 14:00:00+00:00,2327.79,2329.57,2317.84,2321.94,1870.13
2026-03-17 14:05:00+00:00,2321.97,2333.2,2321.57,2332.42,1996.76
2026-03-17 14:10:00+00:00,2332.42,2334.77,2325.9,2330.95,1387.91
2026-03-17 14:15:00+00:00,2330.93,2331.86,2321.98,2328.67,1191.57
2026-03-17 14:20:00+00:00,2328.73,2333.15,2326.57,2330.83,892.54
2026-03-17 14:25:00+00:00,2330.8,2336.16,2327.05,2332.97,1402.07
2026-03-17 14:30:00+00:00,2332.97,2344.82,2332.97,2342.6,2619.06
2026-03-17 14:35:00+00:00,2342.52,2347.6,2338.41,2340.0,3502.5
2026-03-17 14:40:00+00:00,2340.0,2345.04,2338.41,2341.7,1711.08
2026-03-17 14:45:00+00:00,2341.7,2346.19,2339.2,2340.4,1651.11
2026-03-17 14:50:00+00:00,2340.4,2341.69,2335.52,2339.81,1819.76
2026-03-17 14:55:00+00:00,2339.83,2344.04,2339.53,2342.44,988.12
2026-03-17 15:00:00+00:00,2342.44,2356.37,2342.25,2349.95,6715.51
2026-03-17 15:05:00+00:00,2349.9,2350.71,2335.11,2335.87,3779.04
2026-03-17 15:10:00+00:00,2335.81,2335.86,2327.0,2327.82,3858.46
2026-03-17 15:15:00+00:00,2327.82,2333.58,2326.63,2331.46,1985.29
2026-03-17 15:20:00+00:00,2331.46,2333.64,2322.33,2323.84,3613.09
2026-03-17 15:25:00+00:00,2323.71,2326.2,2319.1,2322.32,1536.5
2026-03-17 15:30:00+00:00,2322.28,2326.0,2316.14,2317.01,2108.24
2026-03-17 15:35:00+00:00,2317.0,2318.53,2303.13,2308.73,6637.94
2026-03-17 15:40:00+00:00,2308.75,2313.21,2303.25,2312.19,2596.23
2026-03-17 15:45:00+00:00,2312.0,2312.17,2306.13,2307.61,1101.47
2026-03-17 15:50:00+00:00,2307.63,2319.6,2307.51,2317.63,2279.49
2026-03-17 15:55:00+00:00,2317.68,2317.91,2313.16,2314.8,1061.73
2026-03-17 16:00:00+00:00,2314.78,2317.41,2311.22,2315.93,882.74
2026-03-17 16:05:00+00:00,2315.93,2321.77,2314.5,2320.13,3176.52
2026-03-17 16:10:00+00:00,2320.11,2324.25,2316.09,2316.26,1605.48
2026-03-17 16:15:00+00:00,2316.26,2327.29,2315.37,2326.7,1221.17
2026-03-17 16:20:00+00:00,2326.78,2334.98,2324.12,2333.53,2334.47
2026-03-17 16:25:00+00:00,2333.55,2335.52,2328.73,2329.95,1728.39
2026-03-17 16:30:00+00:00,2329.97,2331.74,2321.39,2325.59,1061.18
2026-03-17 16:35:00+00:00,2325.62,2326.0,2319.68,2322.65,1234.18
2026-03-17 16:40:00+00:00,2322.67,2325.67,2320.65,2324.9,1307.53
2026-03-17 16:45:00+00:00,2324.9,2327.63,2320.23,2324.93,665.67
2026-03-17 16:50:00+00:00,2324.79,2330.4,2324.57,2326.45,890.09
2026-03-17 16:55:00+00:00,2326.54,2328.03,2322.51,2325.78,442.97
2026-03-17 17:00:00+00:00,2325.8,2332.9,2325.32,2330.0,589.24
2026-03-17 17:05:00+00:00,2330.01,2330.77,2325.97,2326.63,624.56
2026-03-17 17:10:00+00:00,2326.63,2326.94,2319.37,2325.58,816.44
2026-03-17 17:15:00+00:00,2325.58,2328.37,2322.87,2328.36,771.3
2026-03-17 17:20:00+00:00,2328.27,2334.09,2327.38,2331.19,964.09
2026-03-17 17:25:00+00:00,2331.32,2331.5,2327.04,2328.25,538.84
2026-03-17 17:30:00+00:00,2328.25,2331.55,2324.7,2325.18,562.68
2026-03-17 17:35:00+00:00,2325.2,2330.88,2325.17,2330.88,492.66
2026-03-17 17:40:00+00:00,2330.88,2334.44,2330.72,2332.3,769.95
2026-03-17 17:45:00+00:00,2332.47,2337.82,2331.27,2337.0,1003.28
2026-03-17 17:50:00+00:00,2337.01,2341.58,2336.59,2337.52,2077.86
2026-03-17 17:55:00+00:00,2337.52,2339.0,2336.19,2338.62,521.72
2026-03-17 18:00:00+00:00,2338.62,2339.58,2335.38,2337.74,673.78
2026-03-17 18:05:00+00:00,2337.7,2341.0,2335.41,2340.99,626.74
2026-03-17 18:10:00+00:00,2340.99,2341.62,2337.26,2337.26,534.15
2026-03-17 18:15:00+00:00,2337.28,2339.52,2335.63,2337.64,363.59
2026-03-17 18:20:00+00:00,2337.65,2338.35,2332.59,2333.01,569.05
2026-03-17 18:25:00+00:00,2333.02,2334.93,2330.52,2331.7,770.89
2026-03-17 18:30:00+00:00,2331.7,2339.04,2331.19,2336.91,1025.75
2026-03-17 18:35:00+00:00,2336.89,2340.17,2335.35,2338.43,327.83
2026-03-17 18:40:00+00:00,2338.43,2339.5,2335.54,2335.82,398.69
2026-03-17 18:45:00+00:00,2335.8,2338.48,2335.5,2336.21,287.25
2026-03-17 18:50:00+00:00,2336.15,2336.37,2333.2,2334.64,593.94
2026-03-17 18:55:00+00:00,2334.64,2334.77,2326.74,2331.77,1050.25
2026-03-17 19:00:00+00:00,2331.75,2334.71,2330.05,2331.75,498.15
2026-03-17 19:05:00+00:00,2331.73,2334.95,2330.93,2333.81,384.95
2026-03-17 19:10:00+00:00,2333.83,2337.62,2333.28,2335.95,536.0
2026-03-17 19:15:00+00:00,2336.07,2338.86,2336.06,2337.1,327.34
2026-03-17 19:20:00+00:00,2337.08,2337.68,2332.99,2335.23,1122.07
2026-03-17 19:25:00+00:00,2335.21,2336.48,2330.31,2333.54,517.01
2026-03-17 19:30:00+00:00,2333.52,2334.18,2326.46,2328.48,654.33
2026-03-17 19:35:00+00:00,2328.46,2334.16,2328.46,2331.86,370.81
2026-03-17 19:40:00+00:00,2331.88,2332.41,2323.76,2324.38,1013.51
2026-03-17 19:45:00+00:00,2324.36,2324.97,2318.77,2323.28,1943.84
2026-03-17 19:50:00+00:00,2323.28,2323.31,2317.62,2319.78,1252.44
2026-03-17 19:55:00+00:00,2319.78,2320.2,2315.58,2318.87,1099.78
2026-03-17 20:00:00+00:00,2318.87,2322.82,2318.87,2319.78,952.79
2026-03-17 20:05:00+00:00,2319.78,2320.86,2316.32,2318.79,977.85
2026-03-17 20:10:00+00:00,2318.81,2321.52,2317.0,2317.0,570.58
2026-03-17 20:15:00+00:00,2317.01,2321.09,2316.83,2320.14,271.44
2026-03-17 20:20:00+00:00,2320.16,2327.17,2319.89,2326.91,1143.95
2026-03-17 20:25:00+00:00,2326.91,2329.1,2325.99,2328.02,932.75
2026-03-17 20:30:00+00:00,2327.95,2328.09,2324.41,2324.95,587.18
2026-03-17 20:35:00+00:00,2324.95,2328.1,2324.93,2327.49,318.65
2026-03-17 20:40:00+00:00,2327.49,2327.55,2324.45,2325.47,230.89
2026-03-17 20:45:00+00:00,2325.45,2326.17,2322.95,2326.15,269.26
2026-03-17 20:50:00+00:00,2326.19,2326.77,2325.3,2326.14,209.28
2026-03-17 20:55:00+00:00,2326.16,2327.95,2325.89,2326.94,283.42
2026-03-17 21:00:00+00:00,2326.94,2329.89,2326.74,2328.53,549.66
2026-03-17 21:05:00+00:00,2328.51,2331.58,2328.34,2331.29,522.17
2026-03-17 21:10:00+00:00,2331.27,2343.36,2330.67,2337.98,2418.28
2026-03-17 21:15:00+00:00,2337.98,2338.27,2335.66,2336.22,554.41
2026-03-17 21:20:00+00:00,2336.22,2338.54,2335.42,2337.65,351.32
2026-03-17 21:25:00+00:00,2337.65,2337.93,2335.26,2335.49,222.1
2026-03-17 21:30:00+00:00,2335.49,2335.72,2332.0,2334.71,712.01
2026-03-17 21:35:00+00:00,2334.71,2339.77,2334.7,2337.56,529.8
2026-03-17 21:40:00+00:00,2337.56,2339.7,2336.24,2337.73,966.82
2026-03-17 21:45:00+00:00,2337.73,2340.26,2335.5,2337.33,698.95
2026-03-17 21:50:00+00:00,2337.35,2338.72,2336.18,2337.47,545.38
2026-03-17 21:55:00+00:00,2337.49,2337.89,2336.22,2337.07,742.89
2026-03-17 22:00:00+00:00,2337.07,2340.22,2333.06,2339.92,1077.32
2026-03-17 22:05:00+00:00,2339.92,2340.79,2332.91,2334.68,921.37
2026-03-17 22:10:00+00:00,2334.67,2335.01,2331.26,2332.06,557.91
2026-03-17 22:15:00+00:00,2332.06,2333.55,2331.05,2331.38,308.42
2026-03-17 22:20:00+00:00,2331.38,2332.9,2330.47,2331.2,242.55
2026-03-17 22:25:00+00:00,2331.2,2331.32,2327.36,2327.37,1043.83
2026-03-17 22:30:00+00:00,2327.37,2328.22,2323.89,2324.78,575.88
2026-03-17 22:35:00+00:00,2324.8,2326.0,2317.08,2319.34,1636.95
2026-03-17 22:40:00+00:00,2319.32,2325.34,2318.15,2323.57,1124.04
2026-03-17 22:45:00+00:00,2323.57,2324.83,2321.85,2323.82,840.76
2026-03-17 22:50:00+00:00,2323.8,2327.28,2323.11,2327.27,557.47
2026-03-17 22:55:00+00:00,2327.27,2329.3,2326.14,2328.39,477.36
2026-03-17 23:00:00+00:00,2328.39,2329.52,2325.69,2327.84,412.96
2026-03-17 23:05:00+00:00,2327.84,2329.84,2325.64,2329.55,397.78
2026-03-17 23:10:00+00:00,2329.56,2331.79,2329.1,2329.39,368.43
2026-03-17 23:15:00+00:00,2329.37,2331.88,2327.85,2331.31,327.53
2026-03-17 23:20:00+00:00,2331.29,2331.98,2323.17,2328.59,1024.62
2026-03-17 23:25:00+00:00,2328.61,2328.65,2325.38,2326.4,311.69
2026-03-17 23:30:00+00:00,2326.4,2326.42,2321.7,2322.91,728.96
2026-03-17 23:35:00+00:00,2322.87,2324.6,2320.32,2322.19,644.99
2026-03-17 23:40:00+00:00,2322.19,2322.19,2316.72,2317.63,996.03
2026-03-17 23:45:00+00:00,2317.72,2321.46,2317.72,2320.58,682.51
2026-03-17 23:50:00+00:00,2320.58,2320.6,2316.51,2317.98,642.54
2026-03-17 23:55:00+00:00,2318.0,2318.72,2315.22,2316.24,484.12
2026-03-18 00:00:00+00:00,2316.26,2320.47,2314.09,2317.9,1150.57
2026-03-18 00:05:00+00:00,2317.87,2322.46,2317.75,2320.0,1039.09
2026-03-18 00:10:00+00:00,2320.02,2321.72,2319.73,2319.87,375.43
2026-03-18 00:15:00+00:00,2319.89,2320.77,2312.12,2315.3,1283.59
2026-03-18 00:20:00+00:00,2315.32,2318.92,2308.9,2310.08,951.29
2026-03-18 00:25:00+00:00,2309.97,2313.89,2308.84,2312.76,1727.41
2026-03-18 00:30:00+00:00,2312.74,2313.62,2308.38,2310.99,543.89
2026-03-18 00:35:00+00:00,2310.99,2311.79,2306.37,2308.06,1051.54
2026-03-18 00:40:00+00:00,2308.04,2313.59,2306.1,2313.56,1312.27
2026-03-18 00:45:00+00:00,2313.61,2320.6,2313.61,2319.56,1703.41
2026-03-18 00:50:00+00:00,2319.56,2321.5,2319.02,2320.19,567.92
2026-03-18 00:55:00+00:00,2320.21,2324.43,2319.61,2323.17,844.43
2026-03-18 01:00:00+00:00,2323.17,2328.0,2322.44,2326.3,1005.42
2026-03-18 01:05:00+00:00,2326.3,2328.87,2324.97,2327.67,670.32
2026-03-18 01:10:00+00:00,2327.72,2328.26,2322.21,2324.31,634.78
2026-03-18 01:15:00+00:00,2324.33,2326.18,2322.23,2324.54,589.75
2026-03-18 01:20:00+00:00,2324.52,2328.41,2324.09,2327.06,446.39
2026-03-18 01:25:00+00:00,2327.06,2329.9,2326.21,2328.77,388.4
2026-03-18 01:30:00+00:00,2328.77,2334.12,2328.1,2330.33,1789.6
2026-03-18 01:35:00+00:00,2330.32,2331.26,2326.8,2328.77,474.43
2026-03-18 01:40:00+00:00,2328.75,2330.75,2328.59,2329.21,364.38
2026-03-18 01:45:00+00:00,2329.26,2331.58,2327.12,2328.57,817.52
2026-03-18 01:50:00+00:00,2328.6,2328.91,2322.0,2322.95,1128.06
2026-03-18 01:55:00+00:00,2322.93,2324.65,2322.89,2323.84,537.25
2026-03-18 02:00:00+00:00,2323.86,2326.73,2323.31,2325.45,938.57
2026-03-18 02:05:00+00:00,2325.43,2333.55,2325.43,2333.44,367.49
2026-03-18 02:10:00+00:00,2333.41,2334.11,2330.68,2333.11,889.36
2026-03-18 02:15:00+00:00,2333.11,2333.74,2331.28,2331.86,344.64
2026-03-18 02:20:00+00:00,2331.88,2332.26,2328.55,2330.63,552.32
2026-03-18 02:25:00+00:00,2330.61,2330.61,2328.53,2329.88,260.86
2026-03-18 02:30:00+00:00,2329.9,2339.94,2328.79,2336.62,997.47
2026-03-18 02:35:00+00:00,2336.64,2336.88,2333.88,2335.47,1624.75
2026-03-18 02:40:00+00:00,2335.41,2336.34,2334.18,2335.15,575.32
2026-03-18 02:45:00+00:00,2335.15,2336.42,2332.96,2333.3,376.58
2026-03-18 02:50:00+00:00,2333.3,2334.0,2331.35,2331.93,608.68
2026-03-18 02:55:00+00:00,2331.95,2332.69,2329.39,2330.11,489.45
2026-03-18 03:00:00+00:00,2330.11,2332.81,2329.19,2330.8,416.22
2026-03-18 03:05:00+00:00,2330.8,2331.52,2327.24,2328.95,517.61
2026-03-18 03:10:00+00:00,2328.95,2331.11,2327.98,2329.64,352.15
2026-03-18 03:15:00+00:00,2329.64,2330.13,2328.62,2329.59,303.55
2026-03-18 03:20:00+00:00,2329.59,2338.33,2328.84,2337.51,646.33
2026-03-18 03:25:00+00:00,2337.41,2341.42,2336.88,2338.42,1809.04
2026-03-18 03:30:00+00:00,2338.41,2346.2,2338.21,2343.59,1922.29
2026-03-18 03:35:00+00:00,2343.59,2348.0,2340.06,2340.67,2667.35
2026-03-18 03:40:00+00:00,2340.67,2342.27,2339.45,2340.68,1114.47
2026-03-18 03:45:00+00:00,2340.54,2341.59,2338.5,2340.55,585.13
2026-03-18 03:50:00+00:00,2340.55,2340.79,2338.05,2340.24,485.56
2026-03-18 03:55:00+00:00,2340.24,2340.8,2338.71,2339.52,361.48
2026-03-18 04:00:00+00:00,2339.5,2340.94,2338.23,2340.03,888.13
2026-03-18 04:05:00+00:00,2340.05,2340.05,2337.17,2337.94,483.95
2026-03-18 04:10:00+00:00,2337.98,2338.67,2337.0,2338.0,362.64
2026-03-18 04:15:00+00:00,2337.98,2338.1,2334.01,2335.17,530.88
2026-03-18 04:20:00+00:00,2335.15,2337.59,2333.66,2333.82,632.75
2026-03-18 04:25:00+00:00,2333.8,2333.82,2331.45,2331.52,1303.68
2026-03-18 04:30:00+00:00,2331.5,2331.62,2327.13,2329.48,1260.58
2026-03-18 04:35:00+00:00,2329.5,2329.85,2327.04,2329.15,842.35
2026-03-18 04:40:00+00:00,2329.12,2329.3,2328.07,2328.82,467.09
2026-03-18 04:45:00+00:00,2328.81,2329.77,2326.69,2326.9,499.15
2026-03-18 04:50:00+00:00,2326.92,2328.03,2325.73,2325.81,456.89
2026-03-18 04:55:00+00:00,2325.81,2326.87,2325.02,2326.33,402.35
2026-03-18 05:00:00+00:00,2326.25,2329.34,2325.5,2326.79,522.92
2026-03-18 05:05:00+00:00,2326.77,2328.95,2324.66,2328.11,772.38
2026-03-18 05:10:00+00:00,2328.13,2330.0,2327.42,2328.66,650.89
2026-03-18 05:15:00+00:00,2328.64,2329.36,2327.51,2328.65,303.87
2026-03-18 05:20:00+00:00,2328.63,2328.65,2325.0,2327.22,308.17
2026-03-18 05:25:00+00:00,2327.22,2327.25,2323.78,2325.23,438.65
2026-03-18 05:30:00+00:00,2325.23,2327.44,2322.58,2322.75,621.27
2026-03-18 05:35:00+00:00,2322.64,2324.28,2322.27,2323.1,678.04
2026-03-18 05:40:00+00:00,2323.12,2323.12,2321.02,2321.05,609.99
2026-03-18 05:45:00+00:00,2321.07,2323.57,2319.82,2321.17,893.78
2026-03-18 05:50:00+00:00,2321.19,2322.34,2313.28,2313.43,957.67
2026-03-18 05:55:00+00:00,2313.49,2318.0,2313.0,2317.42,2518.9
2026-03-18 06:00:00+00:00,2317.42,2319.86,2316.67,2319.5,1254.59
2026-03-18 06:05:00+00:00,2319.5,2321.01,2318.13,2320.92,580.56
2026-03-18 06:10:00+00:00,2321.05,2323.1,2319.48,2323.05,1268.31
2026-03-18 06:15:00+00:00,2323.07,2323.58,2321.09,2321.56,785.19
2026-03-18 06:20:00+00:00,2321.56,2328.38,2320.92,2326.92,711.19
2026-03-18 06:25:00+00:00,2326.99,2330.47,2326.25,2327.91,1512.83
2026-03-18 06:30:00+00:00,2327.91,2328.88,2326.75,2327.74,662.05
2026-03-18 06:35:00+00:00,2327.74,2327.94,2322.4,2323.64,816.95
2026-03-18 06:40:00+00:00,2323.65,2323.67,2321.59,2323.22,592.6
2026-03-18 06:45:00+00:00,2323.2,2325.2,2322.86,2323.15,354.01
2026-03-18 06:50:00+00:00,2323.15,2326.49,2323.13,2326.4,262.77
2026-03-18 06:55:00+00:00,2326.4,2326.65,2321.09,2321.48,530.86
2026-03-18 07:00:00+00:00,2321.5,2322.07,2319.22,2319.61,840.17
2026-03-18 07:05:00+00:00,2319.59,2320.0,2315.3,2315.36,746.86
2026-03-18 07:10:00+00:00,2315.38,2320.34,2315.36,2320.34,687.91
2026-03-18 07:15:00+00:00,2320.34,2320.76,2316.63,2316.63,412.17
2026-03-18 07:20:00+00:00,2316.65,2318.31,2315.49,2318.0,528.66
2026-03-18 07:25:00+00:00,2317.99,2318.0,2314.45,2316.3,795.82
2026-03-18 07:30:00+00:00,2316.31,2316.31,2313.41,2314.13,1006.89
2026-03-18 07:35:00+00:00,2314.15,2316.08,2311.43,2311.94,1927.43
2026-03-18 07:40:00+00:00,2311.94,2314.85,2310.86,2312.44,905.74
2026-03-18 07:45:00+00:00,2312.46,2316.0,2311.69,2315.52,770.33
2026-03-18 07:50:00+00:00,2315.54,2318.13,2315.25,2317.57,1063.86
2026-03-18 07:55:00+00:00,2317.55,2318.05,2316.21,2316.54,597.97
2026-03-18 08:00:00+00:00,2316.56,2321.04,2316.03,2320.52,792.71
2026-03-18 08:05:00+00:00,2320.56,2322.72,2318.34,2318.41,1304.82
2026-03-18 08:10:00+00:00,2318.41,2321.78,2317.34,2320.8,545.81
2026-03-18 08:15:00+00:00,2320.8,2322.21,2318.88,2319.79,470.1
2026-03-18 08:20:00+00:00,2319.8,2321.54,2319.48,2320.81,339.14
2026-03-18 08:25:00+00:00,2320.83,2321.37,2318.25,2320.28,260.32
2026-03-18 08:30:00+00:00,2320.28,2321.46,2317.86,2320.77,486.95
2026-03-18 08:35:00+00:00,2320.77,2321.76,2317.35,2321.07,290.71
2026-03-18 08:40:00+00:00,2321.05,2321.07,2317.92,2320.69,369.1
2026-03-18 08:45:00+00:00,2320.68,2322.38,2318.83,2322.01,294.89
2026-03-18 08:50:00+00:00,2322.01,2324.59,2321.33,2321.68,793.1
2026-03-18 08:55:00+00:00,2321.68,2322.55,2320.04,2321.47,301.92
2026-03-18 09:00:00+00:00,2321.49,2323.41,2320.48,2322.53,371.82
2026-03-18 09:05:00+00:00,2322.53,2327.61,2322.37,2326.66,972.84
2026-03-18 09:10:00+00:00,2326.64,2328.68,2325.63,2327.02,958.78
2026-03-18 09:15:00+00:00,2327.02,2329.86,2326.9,2329.36,699.3
2026-03-18 09:20:00+00:00,2329.38,2331.17,2328.2,2328.67,949.4
2026-03-18 09:25:00+00:00,2328.67,2329.33,2327.17,2327.47,450.38
2026-03-18 09:30:00+00:00,2327.45,2329.72,2327.27,2328.78,430.48
2026-03-18 09:35:00+00:00,2328.78,2332.56,2328.01,2330.51,976.55
2026-03-18 09:40:00+00:00,2330.51,2331.83,2330.11,2330.24,460.23
2026-03-18 09:45:00+00:00,2330.24,2331.58,2327.97,2329.51,572.63
2026-03-18 09:50:00+00:00,2329.53,2329.78,2325.5,2326.2,658.91
2026-03-18 09:55:00+00:00,2326.18,2328.59,2326.18,2327.97,476.75
2026-03-18 10:00:00+00:00,2327.97,2328.94,2324.53,2324.53,408.93
2026-03-18 10:05:00+00:00,2324.54,2325.56,2322.76,2325.53,701.03
2026-03-18 10:10:00+00:00,2325.51,2330.0,2325.51,2329.45,773.26
2026-03-18 10:15:00+00:00,2329.43,2329.43,2328.0,2328.14,428.38
2026-03-18 10:20:00+00:00,2328.16,2328.21,2326.14,2327.25,463.69
2026-03-18 10:25:00+00:00,2327.25,2329.73,2327.01,2329.4,402.4
2026-03-18 10:30:00+00:00,2329.4,2330.74,2326.28,2326.73,427.69
2026-03-18 10:35:00+00:00,2326.73,2327.4,2320.84,2321.38,1344.48
2026-03-18 10:40:00+00:00,2321.38,2322.27,2311.49,2313.16,2464.01
2026-03-18 10:45:00+00:00,2313.16,2314.11,2308.52,2311.68,4110.56
2026-03-18 10:50:00+00:00,2311.7,2311.92,2308.0,2309.01,1575.73
2026-03-18 10:55:00+00:00,2309.0,2312.16,2308.03,2311.62,1373.08
2026-03-18 11:00:00+00:00,2311.62,2311.82,2303.99,2305.85,4383.65
2026-03-18 11:05:00+00:00,2305.83,2310.31,2302.62,2310.31,2508.84
2026-03-18 11:10:00+00:00,2310.39,2317.69,2310.37,2313.54,2501.64
2026-03-18 11:15:00+00:00,2313.56,2315.92,2313.25,2314.33,932.12
2026-03-18 11:20:00+00:00,2314.13,2314.53,2309.92,2310.47,920.17
2026-03-18 11:25:00+00:00,2310.49,2310.69,2291.72,2294.01,5031.35
2026-03-18 11:30:00+00:00,2294.11,2296.88,2272.5,2274.55,16539.66
2026-03-18 11:35:00+00:00,2274.43,2275.55,2261.72,2263.58,14426.35
2026-03-18 11:40:00+00:00,2263.57,2275.41,2262.4,2275.22,6195.79
2026-03-18 11:45:00+00:00,2275.4,2275.47,2268.91,2270.9,2364.17
2026-03-18 11:50:00+00:00,2270.92,2275.85,2265.92,2267.82,2188.2
2026-03-18 11:55:00+00:00,2267.97,2270.79,2265.0,2268.0,1856.87
2026-03-18 12:00:00+00:00,2268.0,2269.69,2261.19,2265.48,4879.49
2026-03-18 12:05:00+00:00,2265.32,2265.69,2255.0,2258.33,4476.75
2026-03-18 12:10:00+00:00,2258.33,2259.93,2252.73,2259.14,3509.83
2026-03-18 12:15:00+00:00,2259.16,2261.83,2255.55,2257.92,2251.34
2026-03-18 12:20:00+00:00,2257.94,2261.28,2254.9,2258.31,1733.31
2026-03-18 12:25:00+00:00,2258.3,2262.81,2257.2,2262.52,1643.51
2026-03-18 12:30:00+00:00,2262.45,2262.45,2239.24,2242.15,8192.66
2026-03-18 12:35:00+00:00,2242.16,2246.35,2239.71,2241.84,3430.66
2026-03-18 12:40:00+00:00,2241.84,2244.01,2236.5,2240.75,3259.81
2026-03-18 12:45:00+00:00,2240.73,2241.5,2234.65,2237.99,3586.69
2026-03-18 12:50:00+00:00,2238.0,2245.31,2234.91,2243.63,2808.11
2026-03-18 12:55:00+00:00,2243.62,2245.1,2236.44,2236.58,2392.87
2026-03-18 13:00:00+00:00,2236.57,2237.37,2222.37,2233.45,8896.66
2026-03-18 13:05:00+00:00,2233.34,2239.47,2233.34,2236.28,2682.67
2026-03-18 13:10:00+00:00,2236.3,2238.62,2233.85,2236.81,2105.07
2026-03-18 13:15:00+00:00,2236.85,2236.87,2229.02,2232.27,1893.9
2026-03-18 13:20:00+00:00,2232.42,2240.96,2231.04,2239.17,2007.88
2026-03-18 13:25:00+00:00,2239.17,2240.53,2236.35,2237.9,1851.89
2026-03-18 13:30:00+00:00,2237.9,2237.97,2230.72,2232.59,2232.4
2026-03-18 13:35:00+00:00,2232.59,2242.0,2231.71,2239.76,2751.26
2026-03-18 13:40:00+00:00,2239.91,2243.79,2235.54,2236.83,2633.41
2026-03-18 13:45:00+00:00,2236.86,2240.24,2232.5,2235.36,1966.52
2026-03-18 13:50:00+00:00,2235.38,2237.69,2232.0,2234.02,1312.7
2026-03-18 13:55:00+00:00,2234.03,2235.33,2227.94,2234.61,3009.68
2026-03-18 14:00:00+00:00,2234.65,2236.13,2225.33,2229.05,2284.2
2026-03-18 14:05:00+00:00,2229.07,2232.83,2225.5,2229.99,1541.41
2026-03-18 14:10:00+00:00,2229.97,2230.06,2220.07,2221.88,3358.66
2026-03-18 14:15:00+00:00,2221.81,2225.74,2219.81,2221.97,3474.59
2026-03-18 14:20:00+00:00,2222.11,2227.08,2221.0,2224.65,2306.24
2026-03-18 14:25:00+00:00,2224.63,2225.93,2211.7,2214.65,5775.5
2026-03-18 14:30:00+00:00,2214.65,2222.0,2212.37,2219.32,3632.92
2026-03-18 14:35:00+00:00,2219.32,2223.35,2217.94,2218.31,1665.92
2026-03-18 14:40:00+00:00,2218.31,2219.26,2202.39,2203.29,7969.42
2026-03-18 14:45:00+00:00,2203.29,2209.93,2203.06,2209.78,4382.16
2026-03-18 14:50:00+00:00,2209.78,2211.07,2193.78,2196.08,7173.76
2026-03-18 14:55:00+00:00,2196.03,2197.78,2186.11,2189.21,10869.49
2026-03-18 15:00:00+00:00,2189.33,2191.71,2168.7,2186.58,20048.59
2026-03-18 15:05:00+00:00,2186.68,2195.0,2184.47,2192.99,6359.41
2026-03-18 15:10:00+00:00,2192.99,2193.14,2176.2,2180.11,4418.33
2026-03-18 15:15:00+00:00,2180.09,2185.83,2177.09,2182.12,4209.01
2026-03-18 15:20:00+00:00,2182.15,2183.11,2173.7,2177.47,4309.6
2026-03-18 15:25:00+00:00,2177.45,2182.76,2175.09,2181.71,2833.79
2026-03-18 15:30:00+00:00,2181.73,2191.22,2179.0,2189.24,4297.83
2026-03-18 15:35:00+00:00,2189.26,2189.47,2182.58,2185.17,2682.8
2026-03-18 15:40:00+00:00,2185.19,2185.26,2178.35,2182.67,1595.16
2026-03-18 15:45:00+00:00,2182.67,2183.15,2176.31,2180.06,2679.67
2026-03-18 15:50:00+00:00,2180.04,2184.24,2179.11,2183.9,1713.9
2026-03-18 15:55:00+00:00,2183.89,2188.24,2181.69,2186.34,2432.56
2026-03-18 16:00:00+00:00,2186.34,2190.0,2182.54,2183.64,2488.8
2026-03-18 16:05:00+00:00,2183.76,2184.68,2178.75,2180.14,1987.1
2026-03-18 16:10:00+00:00,2180.13,2182.36,2173.97,2176.24,2453.66
2026-03-18 16:15:00+00:00,2176.24,2179.33,2173.34,2174.33,1867.74
2026-03-18 16:20:00+00:00,2174.31,2176.69,2170.34,2172.06,2900.61
2026-03-18 16:25:00+00:00,2172.08,2176.0,2165.45,2173.57,4228.37
2026-03-18 16:30:00+00:00,2173.49,2177.41,2170.57,2171.45,2297.55
2026-03-18 16:35:00+00:00,2170.96,2178.3,2167.51,2177.19,2007.03
2026-03-18 16:40:00+00:00,2177.19,2179.52,2174.33,2178.99,2040.49
2026-03-18 16:45:00+00:00,2178.99,2180.84,2177.71,2179.37,1473.55
2026-03-18 16:50:00+00:00,2179.35,2185.75,2177.1,2184.82,1444.87
2026-03-18 16:55:00+00:00,2184.81,2184.82,2179.08,2180.18,1130.7
2026-03-18 17:00:00+00:00,2180.2,2182.56,2175.92,2182.56,934.58
2026-03-18 17:05:00+00:00,2182.54,2182.81,2178.14,2179.14,929.1
2026-03-18 17:10:00+00:00,2179.14,2183.19,2179.14,2181.24,1338.4
2026-03-18 17:15:00+00:00,2181.33,2184.88,2179.0,2184.88,1976.32
2026-03-18 17:20:00+00:00,2185.0,2194.48,2184.25,2194.11,5009.82
2026-03-18 17:25:00+00:00,2194.05,2199.2,2190.2,2197.33,2698.36
2026-03-18 17:30:00+00:00,2197.37,2198.12,2190.81,2195.07,1964.88
2026-03-18 17:35:00+00:00,2195.02,2210.5,2195.02,2209.31,5331.03
2026-03-18 17:40:00+00:00,2209.5,2209.63,2199.26,2203.4,3706.26
2026-03-18 17:45:00+00:00,2203.42,2209.78,2202.96,2205.8,1966.75
2026-03-18 17:50:00+00:00,2205.78,2205.78,2200.39,2202.81,1207.63
2026-03-18 17:55:00+00:00,2202.81,2204.2,2200.49,2203.18,1292.26
2026-03-18 18:00:00+00:00,2203.01,2218.76,2202.47,2216.55,5703.21
2026-03-18 18:05:00+00:00,2216.6,2218.06,2211.71,2212.06,2349.66
2026-03-18 18:10:00+00:00,2212.04,2215.7,2210.43,2214.16,2137.72
2026-03-18 18:15:00+00:00,2214.16,2214.17,2191.72,2194.25,3987.02
2026-03-18 18:20:00+00:00,2194.25,2198.59,2191.12,2195.96,3532.85
2026-03-18 18:25:00+00:00,2195.96,2197.14,2192.94,2197.12,1231.97
2026-03-18 18:30:00+00:00,2197.1,2208.34,2193.31,2193.43,3264.87
2026-03-18 18:35:00+00:00,2193.34,2207.88,2193.19,2198.28,2289.56
2026-03-18 18:40:00+00:00,2198.54,2204.0,2197.24,2199.3,577.84
2026-03-18 18:45:00+00:00,2199.28,2199.28,2192.03,2192.09,1328.3
2026-03-18 18:50:00+00:00,2192.07,2192.52,2177.9,2177.97,3043.58
2026-03-18 18:55:00+00:00,2177.84,2183.45,2175.0,2180.2,5010.18
2026-03-18 19:00:00+00:00,2180.16,2192.0,2178.44,2192.0,3034.19
2026-03-18 19:05:00+00:00,2192.0,2192.41,2186.86,2191.68,1388.19
2026-03-18 19:10:00+00:00,2191.7,2191.7,2186.63,2187.72,776.89
2026-03-18 19:15:00+00:00,2187.74,2195.85,2186.56,2194.42,888.07
2026-03-18 19:20:00+00:00,2194.38,2194.91,2189.77,2190.09,833.6
2026-03-18 19:25:00+00:00,2190.11,2193.03,2188.2,2192.57,862.44
2026-03-18 19:30:00+00:00,2192.57,2195.54,2189.43,2193.43,999.51
2026-03-18 19:35:00+00:00,2193.44,2193.67,2189.69,2190.05,437.5
2026-03-18 19:40:00+00:00,2190.08,2191.94,2188.09,2190.73,875.49
2026-03-18 19:45:00+00:00,2190.73,2191.87,2184.38,2184.81,609.44
2026-03-18 19:50:00+00:00,2184.79,2185.3,2178.15,2184.54,1845.55
2026-03-18 19:55:00+00:00,2184.44,2185.72,2182.35,2184.88,741.37
2026-03-18 20:00:00+00:00,2184.88,2187.44,2180.45,2183.54,1222.83
2026-03-18 20:05:00+00:00,2183.56,2183.56,2163.5,2164.47,7750.35
2026-03-18 20:10:00+00:00,2164.45,2173.18,2151.83,2170.56,8919.67
2026-03-18 20:15:00+00:00,2170.56,2175.0,2168.17,2169.96,1856.06
2026-03-18 20:20:00+00:00,2170.23,2173.56,2169.54,2172.1,909.14
2026-03-18 20:25:00+00:00,2172.1,2177.84,2171.38,2175.86,1036.55
2026-03-18 20:30:00+00:00,2175.86,2182.85,2175.0,2182.16,1238.67
2026-03-18 20:35:00+00:00,2182.08,2184.52,2180.06,2183.66,1339.53
2026-03-18 20:40:00+00:00,2183.65,2184.75,2179.85,2180.05,463.93
2026-03-18 20:45:00+00:00,2180.07,2192.89,2177.16,2190.07,1182.78
2026-03-18 20:50:00+00:00,2190.05,2191.21,2186.18,2187.53,1665.31
2026-03-18 20:55:00+00:00,2187.53,2188.78,2186.64,2186.64,383.62
2026-03-18 21:00:00+00:00,2186.43,2191.89,2184.56,2190.51,679.06
2026-03-18 21:05:00+00:00,2190.49,2193.95,2190.35,2192.04,784.27
2026-03-18 21:10:00+00:00,2192.04,2193.66,2187.88,2187.94,506.3
2026-03-18 21:15:00+00:00,2187.94,2195.18,2187.25,2192.62,770.0
2026-03-18 21:20:00+00:00,2192.64,2197.83,2192.62,2196.13,913.68
2026-03-18 21:25:00+00:00,2196.13,2197.77,2193.83,2196.27,705.63
2026-03-18 21:30:00+00:00,2196.27,2197.7,2190.5,2192.05,602.31
2026-03-18 21:35:00+00:00,2192.03,2202.11,2190.49,2200.95,931.49
2026-03-18 21:40:00+00:00,2200.85,2203.69,2199.14,2200.38,1097.42
2026-03-18 21:45:00+00:00,2200.38,2202.71,2197.32,2200.86,574.87
2026-03-18 21:50:00+00:00,2200.88,2203.01,2200.06,2202.1,399.27
2026-03-18 21:55:00+00:00,2202.14,2205.99,2201.51,2201.55,1060.44
2026-03-18 22:00:00+00:00,2201.55,2202.59,2195.0,2195.39,917.8
2026-03-18 22:05:00+00:00,2195.39,2196.24,2190.48,2192.22,1059.42
2026-03-18 22:10:00+00:00,2192.2,2192.9,2187.32,2189.22,958.51
2026-03-18 22:15:00+00:00,2189.22,2194.85,2187.56,2193.74,1046.11
2026-03-18 22:20:00+00:00,2193.74,2194.53,2188.81,2193.02,497.5
2026-03-18 22:25:00+00:00,2193.02,2193.08,2190.7,2192.85,160.89
2026-03-18 22:30:00+00:00,2192.85,2193.7,2186.3,2189.43,446.5
2026-03-18 22:35:00+00:00,2189.38,2191.0,2188.19,2189.71,1010.45
2026-03-18 22:40:00+00:00,2189.71,2190.78,2186.67,2190.47,325.23
2026-03-18 22:45:00+00:00,2190.45,2192.0,2187.85,2190.9,167.17
2026-03-18 22:50:00+00:00,2190.92,2191.51,2188.78,2190.49,504.35
2026-03-18 22:55:00+00:00,2190.47,2193.5,2190.47,2193.44,314.9
2026-03-18 23:00:00+00:00,2193.44,2197.87,2189.71,2190.86,487.85
2026-03-18 23:05:00+00:00,2190.86,2194.54,2189.4,2194.02,435.05
2026-03-18 23:10:00+00:00,2194.0,2196.07,2191.73,2192.39,610.63
2026-03-18 23:15:00+00:00,2192.37,2192.95,2187.84,2190.06,350.23
2026-03-18 23:20:00+00:00,2190.08,2190.86,2188.5,2190.84,361.52
2026-03-18 23:25:00+00:00,2190.82,2194.33,2189.86,2193.51,261.58
2026-03-18 23:30:00+00:00,2193.49,2201.13,2193.44,2200.42,1056.44
2026-03-18 23:35:00+00:00,2200.39,2202.42,2199.0,2202.0,470.0
2026-03-18 23:40:00+00:00,2202.0,2203.16,2200.67,2200.72,562.14
2026-03-18 23:45:00+00:00,2200.71,2204.78,2198.92,2204.47,1219.6
2026-03-18 23:50:00+00:00,2204.47,2204.64,2200.23,2202.82,484.45
2026-03-18 23:55:00+00:00,2202.81,2204.61,2201.54,2201.98,405.15
2026-03-19 00:00:00+00:00,2201.98,2206.53,2200.01,2204.35,695.13
2026-03-19 00:05:00+00:00,2204.33,2206.57,2200.0,2200.09,1495.63
2026-03-19 00:10:00+00:00,2200.08,2200.28,2193.0,2200.2,1084.85
2026-03-19 00:15:00+00:00,2200.18,2200.97,2197.17,2198.2,2108.94
2026-03-19 00:20:00+00:00,2198.21,2199.15,2195.11,2195.74,287.01
2026-03-19 00:25:00+00:00,2195.76,2203.15,2195.13,2202.16,531.25
2026-03-19 00:30:00+00:00,2202.16,2203.17,2192.56,2192.79,1324.03
2026-03-19 00:35:00+00:00,2192.88,2196.58,2190.91,2193.97,858.52
2026-03-19 00:40:00+00:00,2193.97,2194.67,2190.5,2191.32,359.58
2026-03-19 00:45:00+00:00,2191.3,2194.99,2190.65,2191.39,304.84
2026-03-19 00:50:00+00:00,2191.39,2194.77,2189.22,2193.35,661.55
2026-03-19 00:55:00+00:00,2193.39,2193.6,2190.62,2192.04,748.38
2026-03-19 01:00:00+00:00,2192.07,2196.07,2189.7,2190.55,602.92
2026-03-19 01:05:00+00:00,2190.47,2194.45,2188.07,2189.96,619.7
2026-03-19 01:10:00+00:00,2189.98,2191.34,2189.0,2190.04,383.64
2026-03-19 01:15:00+00:00,2190.04,2193.03,2188.98,2189.42,510.13
2026-03-19 01:20:00+00:00,2189.42,2191.58,2186.16,2187.99,447.17
2026-03-19 01:25:00+00:00,2188.05,2192.33,2187.65,2191.58,290.99
2026-03-19 01:30:00+00:00,2191.6,2195.61,2189.65,2194.9,539.38
2026-03-19 01:35:00+00:00,2194.85,2197.69,2193.77,2197.18,1358.28
2026-03-19 01:40:00+00:00,2197.09,2200.44,2195.58,2198.54,825.84
2026-03-19 01:45:00+00:00,2198.52,2200.83,2197.37,2199.65,430.25
2026-03-19 01:50:00+00:00,2199.68,2199.79,2196.0,2199.09,342.13
2026-03-19 01:55:00+00:00,2199.09,2200.24,2195.49,2195.63,346.46
2026-03-19 02:00:00+00:00,2195.61,2196.03,2187.68,2192.83,675.27
2026-03-19 02:05:00+00:00,2192.83,2199.33,2190.51,2196.04,438.08
2026-03-19 02:10:00+00:00,2196.05,2200.38,2196.05,2198.88,621.22
2026-03-19 02:15:00+00:00,2198.86,2201.42,2197.95,2199.03,439.1
2026-03-19 02:20:00+00:00,2199.01,2202.58,2198.47,2199.28,306.09
2026-03-19 02:25:00+00:00,2199.28,2200.74,2198.32,2200.64,254.0
2026-03-19 02:30:00+00:00,2200.85,2202.9,2198.19,2202.12,348.34
2026-03-19 02:35:00+00:00,2202.14,2203.2,2200.43,2202.31,307.37
2026-03-19 02:40:00+00:00,2202.33,2204.0,2202.1,2203.09,272.97
2026-03-19 02:45:00+00:00,2203.11,2203.39,2197.9,2197.95,485.38
2026-03-19 02:50:00+00:00,2197.95,2199.19,2196.23,2197.19,518.53
2026-03-19 02:55:00+00:00,2197.21,2197.68,2194.84,2195.61,220.48
2026-03-19 03:00:00+00:00,2195.61,2200.85,2195.61,2199.55,314.89
2026-03-19 03:05:00+00:00,2199.55,2203.64,2198.53,2203.3,499.41
2026-03-19 03:10:00+00:00,2203.3,2205.93,2203.3,2204.28,672.42
2026-03-19 03:15:00+00:00,2204.28,2225.68,2203.77,2222.91,5795.23
2026-03-19 03:20:00+00:00,2222.99,2231.64,2219.4,2227.5,4336.3
2026-03-19 03:25:00+00:00,2227.48,2232.28,2225.28,2227.2,2014.47
2026-03-19 03:30:00+00:00,2227.26,2228.47,2218.68,2219.15,1984.27
2026-03-19 03:35:00+00:00,2219.15,2220.01,2212.46,2213.21,1721.72
2026-03-19 03:40:00+00:00,2213.28,2214.37,2208.59,2209.19,1405.02
2026-03-19 03:45:00+00:00,2209.15,2213.97,2205.64,2213.77,1290.04
2026-03-19 03:50:00+00:00,2213.77,2213.94,2211.24,2213.66,587.67
2026-03-19 03:55:00+00:00,2213.64,2213.66,2210.04,2210.89,470.15
2026-03-19 04:00:00+00:00,2210.89,2211.68,2207.31,2209.08,685.74
2026-03-19 04:05:00+00:00,2209.1,2209.1,2196.71,2201.62,2204.53
2026-03-19 04:10:00+00:00,2201.62,2202.05,2199.1,2200.07,777.44
2026-03-19 04:15:00+00:00,2200.07,2201.89,2197.49,2198.59,992.75
2026-03-19 04:20:00+00:00,2198.58,2199.04,2195.17,2196.42,985.92
2026-03-19 04:25:00+00:00,2196.39,2196.41,2191.5,2193.77,1169.05
2026-03-19 04:30:00+00:00,2193.72,2197.07,2192.55,2196.71,823.07
2026-03-19 04:35:00+00:00,2196.77,2197.68,2193.78,2194.23,493.4
2026-03-19 04:40:00+00:00,2194.23,2194.62,2189.81,2193.38,1166.43
2026-03-19 04:45:00+00:00,2193.38,2193.55,2189.96,2191.8,347.9
2026-03-19 04:50:00+00:00,2191.81,2194.74,2191.8,2193.96,681.65
2026-03-19 04:55:00+00:00,2194.0,2196.7,2192.18,2192.41,615.83
2026-03-19 05:00:00+00:00,2192.39,2194.49,2191.58,2193.38,395.99
2026-03-19 05:05:00+00:00,2193.36,2195.14,2189.66,2193.03,554.4
2026-03-19 05:10:00+00:00,2193.05,2193.75,2190.31,2192.28,301.09
2026-03-19 05:15:00+00:00,2192.28,2197.49,2191.92,2196.93,414.54
2026-03-19 05:20:00+00:00,2196.93,2197.23,2193.06,2194.14,331.98
2026-03-19 05:25:00+00:00,2194.16,2195.02,2188.4,2189.76,581.53
2026-03-19 05:30:00+00:00,2189.75,2189.75,2185.41,2185.8,1831.82
2026-03-19 05:35:00+00:00,2185.81,2188.98,2185.37,2188.82,615.81
2026-03-19 05:40:00+00:00,2188.84,2193.54,2188.82,2189.49,1479.57
2026-03-19 05:45:00+00:00,2189.64,2191.01,2186.24,2190.56,656.9
2026-03-19 05:50:00+00:00,2190.57,2190.57,2187.92,2189.92,474.22
2026-03-19 05:55:00+00:00,2189.92,2190.31,2187.88,2188.06,237.3
2026-03-19 06:00:00+00:00,2188.2,2189.54,2182.37,2184.32,2071.7
2026-03-19 06:05:00+00:00,2184.3,2191.19,2181.22,2187.28,1603.93
2026-03-19 06:10:00+00:00,2187.28,2193.18,2186.7,2190.32,2041.77
2026-03-19 06:15:00+00:00,2190.32,2194.77,2189.81,2191.53,1336.51
2026-03-19 06:20:00+00:00,2191.51,2193.01,2188.08,2189.32,456.46
2026-03-19 06:25:00+00:00,2189.32,2192.35,2185.47,2186.04,2054.06
2026-03-19 06:30:00+00:00,2186.04,2187.8,2181.6,2182.35,1304.84
2026-03-19 06:35:00+00:00,2182.33,2185.67,2177.0,2184.68,2764.61
2026-03-19 06:40:00+00:00,2184.68,2186.18,2183.57,2185.68,779.85
2026-03-19 06:45:00+00:00,2185.68,2187.1,2182.5,2182.63,672.73
2026-03-19 06:50:00+00:00,2182.66,2183.56,2177.73,2177.93,971.13
2026-03-19 06:55:00+00:00,2178.08,2180.26,2176.87,2179.58,1294.27
2026-03-19 07:00:00+00:00,2179.6,2179.99,2171.6,2178.72,1939.1
2026-03-19 07:05:00+00:00,2178.7,2181.1,2168.96,2172.54,2016.98
2026-03-19 07:10:00+00:00,2172.53,2173.16,2158.3,2159.53,6533.88
2026-03-19 07:15:00+00:00,2159.57,2162.34,2153.52,2158.1,7549.48
2026-03-19 07:20:00+00:00,2158.1,2158.11,2141.78,2145.45,8786.42
2026-03-19 07:25:00+00:00,2145.47,2156.97,2143.84,2153.96,2757.94
2026-03-19 07:30:00+00:00,2153.96,2161.8,2152.6,2160.8,2257.71
2026-03-19 07:35:00+00:00,2160.86,2170.98,2159.87,2170.5,3931.08
2026-03-19 07:40:00+00:00,2170.5,2174.5,2166.2,2166.62,2236.44
2026-03-19 07:45:00+00:00,2166.62,2168.25,2162.88,2164.25,1554.44
2026-03-19 07:50:00+00:00,2164.23,2172.55,2163.16,2169.65,2137.34
2026-03-19 07:55:00+00:00,2169.7,2171.83,2163.64,2165.14,979.75
2026-03-19 08:00:00+00:00,2165.17,2169.88,2161.0,2161.42,2649.98
2026-03-19 08:05:00+00:00,2161.47,2166.09,2160.13,2163.53,832.9
2026-03-19 08:10:00+00:00,2163.53,2168.51,2162.17,2164.51,1313.91
2026-03-19 08:15:00+00:00,2164.39,2167.37,2163.34,2164.88,555.74
2026-03-19 08:20:00+00:00,2165.08,2167.8,2160.09,2165.28,456.94
2026-03-19 08:25:00+00:00,2165.26,2165.26,2157.37,2158.17,2125.43
2026-03-19 08:30:00+00:00,2158.15,2163.17,2157.44,2158.0,1911.39
2026-03-19 08:35:00+00:00,2158.02,2161.23,2157.1,2157.16,658.34
2026-03-19 08:40:00+00:00,2157.26,2165.82,2156.75,2159.64,1180.19
2026-03-19 08:45:00+00:00,2159.64,2164.03,2158.54,2162.77,549.93
2026-03-19 08:50:00+00:00,2162.79,2163.15,2157.47,2161.04,648.11
2026-03-19 08:55:00+00:00,2161.04,2161.66,2157.71,2159.58,496.72
2026-03-19 09:00:00+00:00,2159.6,2166.18,2159.6,2164.02,893.0
2026-03-19 09:05:00+00:00,2163.96,2167.24,2163.0,2165.0,712.23
2026-03-19 09:10:00+00:00,2165.0,2166.6,2159.34,2162.97,788.41
2026-03-19 09:15:00+00:00,2162.78,2166.64,2161.75,2166.34,431.78
2026-03-19 09:20:00+00:00,2166.32,2186.58,2165.7,2178.59,5170.27
2026-03-19 09:25:00+00:00,2178.59,2181.09,2173.46,2178.55,2991.24
2026-03-19 09:30:00+00:00,2178.55,2180.4,2175.13,2175.88,1703.88
2026-03-19 09:35:00+00:00,2175.98,2183.62,2175.69,2180.96,803.87
2026-03-19 09:40:00+00:00,2180.96,2185.39,2180.26,2181.71,1298.28
2026-03-19 09:45:00+00:00,2181.71,2184.8,2180.15,2184.8,890.79
2026-03-19 09:50:00+00:00,2184.97,2187.56,2182.44,2183.83,1080.01
2026-03-19 09:55:00+00:00,2183.93,2189.84,2182.97,2188.1,1650.42
2026-03-19 10:00:00+00:00,2188.33,2190.8,2183.35,2184.45,1529.11
2026-03-19 10:05:00+00:00,2184.45,2186.78,2183.07,2183.15,510.64
2026-03-19 10:10:00+00:00,2183.27,2184.61,2181.81,2183.13,744.47
2026-03-19 10:15:00+00:00,2183.14,2185.93,2183.06,2183.67,489.94
2026-03-19 10:20:00+00:00,2183.67,2185.67,2180.92,2182.89,440.86
2026-03-19 10:25:00+00:00,2182.66,2184.29,2180.81,2181.02,471.93
2026-03-19 10:30:00+00:00,2181.0,2181.65,2177.6,2177.85,1166.17
2026-03-19 10:35:00+00:00,2177.83,2179.18,2174.79,2176.99,1317.72
2026-03-19 10:40:00+00:00,2177.01,2177.8,2175.23,2177.12,1477.66
2026-03-19 10:45:00+00:00,2177.1,2177.58,2175.37,2176.53,747.4
2026-03-19 10:50:00+00:00,2176.53,2176.53,2172.3,2174.37,1329.89
2026-03-19 10:55:00+00:00,2174.26,2174.47,2171.29,2171.62,466.33
2026-03-19 11:00:00+00:00,2171.6,2175.47,2170.65,2171.68,1322.82
2026-03-19 11:05:00+00:00,2171.7,2172.28,2168.0,2169.5,1164.11
2026-03-19 11:10:00+00:00,2169.51,2172.0,2165.94,2169.36,1215.32
2026-03-19 11:15:00+00:00,2169.38,2172.34,2167.75,2171.72,680.47
2026-03-19 11:20:00+00:00,2171.72,2174.88,2171.12,2172.82,1583.16
2026-03-19 11:25:00+00:00,2172.82,2174.33,2172.13,2173.78,361.77
2026-03-19 11:30:00+00:00,2173.82,2176.64,2169.31,2169.73,1140.31
2026-03-19 11:35:00+00:00,2169.75,2169.75,2165.47,2165.78,1243.92
2026-03-19 11:40:00+00:00,2165.8,2167.81,2164.69,2166.5,721.43
2026-03-19 11:45:00+00:00,2166.5,2169.45,2166.12,2167.07,788.95
2026-03-19 11:50:00+00:00,2167.09,2168.93,2166.26,2166.76,523.62
2026-03-19 11:55:00+00:00,2166.74,2166.82,2164.56,2165.86,1312.88
2026-03-19 12:00:00+00:00,2165.88,2166.76,2160.51,2161.04,3222.11
2026-03-19 12:05:00+00:00,2161.08,2161.1,2154.65,2158.48,4744.5
2026-03-19 12:10:00+00:00,2158.48,2162.72,2158.4,2161.02,2230.06
2026-03-19 12:15:00+00:00,2161.05,2161.73,2155.02,2157.31,1371.45
2026-03-19 12:20:00+00:00,2157.33,2160.29,2157.33,2158.57,1433.49
2026-03-19 12:25:00+00:00,2158.57,2159.12,2152.53,2154.65,2921.52
2026-03-19 12:30:00+00:00,2154.65,2155.44,2151.91,2153.05,1058.4
2026-03-19 12:35:00+00:00,2153.21,2157.69,2153.21,2154.99,1603.8
2026-03-19 12:40:00+00:00,2154.99,2157.12,2152.13,2153.51,1231.21
2026-03-19 12:45:00+00:00,2153.5,2153.51,2145.88,2146.5,3509.23
2026-03-19 12:50:00+00:00,2146.53,2147.11,2129.0,2132.57,11895.88
2026-03-19 12:55:00+00:00,2132.57,2136.26,2129.1,2131.37,5035.84
2026-03-19 13:00:00+00:00,2131.37,2134.0,2117.67,2133.64,11407.59
2026-03-19 13:05:00+00:00,2133.64,2135.09,2128.17,2131.2,4536.31
2026-03-19 13:10:00+00:00,2131.15,2131.17,2115.74,2118.38,6719.92
2026-03-19 13:15:00+00:00,2118.25,2126.69,2116.98,2126.35,7253.24
2026-03-19 13:20:00+00:00,2126.35,2136.25,2125.63,2127.51,3569.89
2026-03-19 13:25:00+00:00,2127.53,2130.16,2125.81,2128.8,1522.6
2026-03-19 13:30:00+00:00,2128.78,2128.78,2118.18,2122.21,4525.52
2026-03-19 13:35:00+00:00,2122.23,2123.12,2112.81,2113.7,4355.38
2026-03-19 13:40:00+00:00,2113.68,2141.57,2110.08,2136.92,11044.9
2026-03-19 13:45:00+00:00,2136.92,2139.18,2126.87,2139.09,3602.79
2026-03-19 13:50:00+00:00,2139.09,2142.0,2133.2,2141.65,3229.38
2026-03-19 13:55:00+00:00,2141.89,2141.99,2134.99,2136.2,2146.53
2026-03-19 14:00:00+00:00,2136.2,2146.25,2132.0,2133.96,3682.65
2026-03-19 14:05:00+00:00,2134.0,2138.29,2126.61,2127.99,3104.02
2026-03-19 14:10:00+00:00,2128.0,2133.92,2124.48,2126.29,2713.48
2026-03-19 14:15:00+00:00,2126.29,2128.17,2119.48,2122.34,3503.36
2026-03-19 14:20:00+00:00,2122.4,2125.0,2116.86,2120.75,2465.28
2026-03-19 14:25:00+00:00,2120.75,2123.16,2108.01,2108.43,4702.97
2026-03-19 14:30:00+00:00,2108.46,2114.0,2106.41,2113.3,4622.54
2026-03-19 14:35:00+00:00,2113.27,2114.86,2101.38,2107.13,6125.32
2026-03-19 14:40:00+00:00,2107.11,2116.89,2105.78,2113.82,3513.93
2026-03-19 14:45:00+00:00,2113.8,2116.49,2110.59,2116.49,2122.3
2026-03-19 14:50:00+00:00,2116.7,2130.48,2115.18,2123.6,5536.55
2026-03-19 14:55:00+00:00,2123.64,2126.37,2118.92,2121.0,2097.7
2026-03-19 15:00:00+00:00,2121.01,2130.36,2119.61,2129.65,2003.24
2026-03-19 15:05:00+00:00,2129.89,2135.95,2124.24,2126.24,4391.37
2026-03-19 15:10:00+00:00,2126.22,2128.98,2122.81,2127.56,1980.43
2026-03-19 15:15:00+00:00,2127.56,2134.43,2115.35,2116.78,2412.14
2026-03-19 15:20:00+00:00,2116.71,2119.05,2109.5,2111.06,2813.36
2026-03-19 15:25:00+00:00,2111.14,2115.46,2110.21,2111.24,2563.25
2026-03-19 15:30:00+00:00,2111.24,2114.69,2110.54,2111.23,2731.27
2026-03-19 15:35:00+00:00,2111.23,2115.71,2108.71,2113.03,1464.72
2026-03-19 15:40:00+00:00,2112.97,2114.45,2104.07,2104.07,2475.97
2026-03-19 15:45:00+00:00,2104.07,2118.97,2098.14,2117.01,7578.21
2026-03-19 15:50:00+00:00,2117.25,2123.18,2113.64,2120.98,4442.81
2026-03-19 15:55:00+00:00,2121.15,2125.96,2117.15,2117.73,2799.48
2026-03-19 16:00:00+00:00,2117.86,2121.06,2112.3,2113.81,1982.75
2026-03-19 16:05:00+00:00,2113.74,2118.42,2111.74,2117.07,1691.98
2026-03-19 16:10:00+00:00,2117.14,2118.56,2112.16,2114.8,2214.86
2026-03-19 16:15:00+00:00,2114.82,2116.0,2105.82,2107.31,2197.53
2026-03-19 16:20:00+00:00,2107.31,2113.1,2105.6,2109.12,3347.71
2026-03-19 16:25:00+00:00,2109.1,2114.75,2109.1,2111.83,2687.49
2026-03-19 16:30:00+00:00,2111.83,2114.0,2106.01,2109.0,1440.37
2026-03-19 16:35:00+00:00,2109.01,2114.66,2106.01,2114.66,1198.96
2026-03-19 16:40:00+00:00,2115.0,2121.05,2114.74,2116.05,2210.58
2026-03-19 16:45:00+00:00,2116.05,2117.1,2111.79,2113.07,1059.07
2026-03-19 16:50:00+00:00,2113.05,2113.42,2107.35,2112.71,1631.19
2026-03-19 16:55:00+00:00,2112.71,2115.9,2111.33,2114.55,888.35
2026-03-19 17:00:00+00:00,2114.55,2115.81,2109.34,2110.47,1011.6
2026-03-19 17:05:00+00:00,2110.45,2111.53,2103.77,2105.4,2435.21
2026-03-19 17:10:00+00:00,2105.34,2112.92,2104.97,2108.6,1947.67
2026-03-19 17:15:00+00:00,2108.46,2117.65,2106.15,2117.52,1645.11
2026-03-19 17:20:00+00:00,2117.58,2126.0,2114.93,2124.57,2975.94
2026-03-19 17:25:00+00:00,2124.55,2127.14,2123.27,2124.46,2035.44
2026-03-19 17:30:00+00:00,2124.51,2127.92,2119.0,2120.43,2113.28
2026-03-19 17:35:00+00:00,2120.41,2120.43,2113.88,2116.78,961.14
2026-03-19 17:40:00+00:00,2116.78,2118.68,2115.4,2116.72,1206.72
2026-03-19 17:45:00+00:00,2116.7,2121.45,2115.45,2120.81,414.37
2026-03-19 17:50:00+00:00,2120.83,2130.75,2120.44,2127.17,1704.53
2026-03-19 17:55:00+00:00,2127.19,2127.87,2125.11,2126.24,680.84
2026-03-19 18:00:00+00:00,2126.24,2126.91,2121.89,2121.91,553.29
2026-03-19 18:05:00+00:00,2121.93,2125.34,2121.09,2123.06,442.95
2026-03-19 18:10:00+00:00,2123.04,2128.67,2122.73,2124.89,820.96
2026-03-19 18:15:00+00:00,2124.89,2126.51,2121.22,2122.73,842.1
2026-03-19 18:20:00+00:00,2122.73,2124.47,2120.61,2120.61,568.9
2026-03-19 18:25:00+00:00,2120.63,2120.82,2116.99,2117.81,591.2
2026-03-19 18:30:00+00:00,2117.83,2119.32,2114.16,2115.22,1409.17
2026-03-19 18:35:00+00:00,2115.22,2118.94,2113.87,2116.06,577.83
2026-03-19 18:40:00+00:00,2116.06,2116.44,2113.12,2115.71,401.45
2026-03-19 18:45:00+00:00,2115.71,2116.64,2114.18,2114.91,345.43
2026-03-19 18:50:00+00:00,2114.92,2119.7,2112.97,2118.79,1251.84
2026-03-19 18:55:00+00:00,2118.77,2125.33,2117.89,2124.17,1456.53
2026-03-19 19:00:00+00:00,2124.17,2135.98,2123.94,2135.41,2559.69
2026-03-19 19:05:00+00:00,2135.39,2146.68,2135.39,2138.84,4659.62
2026-03-19 19:10:00+00:00,2138.83,2151.33,2137.45,2141.0,4537.74
2026-03-19 19:15:00+00:00,2140.84,2154.04,2138.0,2152.97,3079.64
2026-03-19 19:20:00+00:00,2152.83,2156.0,2148.22,2151.38,3828.32
2026-03-19 19:25:00+00:00,2151.39,2151.39,2138.96,2144.11,2483.43
2026-03-19 19:30:00+00:00,2144.12,2145.34,2139.15,2140.68,2202.13
2026-03-19 19:35:00+00:00,2140.68,2144.7,2136.73,2144.56,1335.35
2026-03-19 19:40:00+00:00,2144.56,2146.88,2143.08,2144.4,1031.81
2026-03-19 19:45:00+00:00,2144.38,2147.21,2142.47,2143.94,648.78
2026-03-19 19:50:00+00:00,2143.94,2144.1,2137.5,2140.67,790.44
2026-03-19 19:55:00+00:00,2140.65,2143.12,2138.46,2140.01,2365.97
2026-03-19 20:00:00+00:00,2140.08,2142.22,2138.41,2140.91,1606.36
2026-03-19 20:05:00+00:00,2141.09,2143.82,2139.05,2142.49,314.9
2026-03-19 20:10:00+00:00,2142.57,2143.29,2139.07,2143.28,475.71
2026-03-19 20:15:00+00:00,2143.29,2148.48,2141.65,2145.72,981.1
2026-03-19 20:20:00+00:00,2145.72,2146.72,2141.1,2141.29,303.54
2026-03-19 20:25:00+00:00,2141.29,2143.98,2138.29,2139.7,584.27
2026-03-19 20:30:00+00:00,2139.7,2142.94,2138.74,2141.85,270.64
2026-03-19 20:35:00+00:00,2141.85,2148.22,2141.58,2148.22,809.25
2026-03-19 20:40:00+00:00,2148.37,2151.87,2144.94,2146.39,1058.07
2026-03-19 20:45:00+00:00,2146.39,2147.85,2142.29,2144.83,518.41
2026-03-19 20:50:00+00:00,2144.81,2145.66,2143.03,2145.57,324.86
2026-03-19 20:55:00+00:00,2145.57,2146.48,2143.61,2145.09,321.19
2026-03-19 21:00:00+00:00,2145.07,2148.79,2144.36,2146.1,526.41
2026-03-19 21:05:00+00:00,2146.51,2150.56,2145.18,2150.55,619.01
2026-03-19 21:10:00+00:00,2150.55,2154.74,2150.38,2152.7,940.31
2026-03-19 21:15:00+00:00,2152.68,2152.7,2148.84,2148.99,450.8
2026-03-19 21:20:00+00:00,2148.99,2149.52,2144.63,2145.69,841.71
2026-03-19 21:25:00+00:00,2145.69,2148.0,2145.6,2147.58,515.21
2026-03-19 21:30:00+00:00,2147.58,2149.58,2145.04,2146.55,302.54
2026-03-19 21:35:00+00:00,2146.53,2149.39,2146.43,2147.82,280.23
2026-03-19 21:40:00+00:00,2147.84,2149.85,2146.25,2147.5,280.92
2026-03-19 21:45:00+00:00,2147.52,2149.04,2145.59,2146.5,310.01
2026-03-19 21:50:00+00:00,2146.5,2148.2,2144.25,2146.2,477.9
2026-03-19 21:55:00+00:00,2146.22,2152.26,2146.21,2148.85,588.51
2026-03-19 22:00:00+00:00,2148.85,2150.21,2145.31,2145.38,532.84
2026-03-19 22:05:00+00:00,2145.38,2149.56,2142.23,2148.05,712.69
2026-03-19 22:10:00+00:00,2148.03,2150.87,2147.28,2149.31,509.04
2026-03-19 22:15:00+00:00,2149.31,2151.25,2145.96,2150.45,545.74
2026-03-19 22:20:00+00:00,2150.43,2151.24,2146.53,2149.21,394.56
2026-03-19 22:25:00+00:00,2149.19,2150.6,2148.35,2148.37,221.5
2026-03-19 22:30:00+00:00,2148.35,2149.88,2138.4,2141.51,1478.42
2026-03-19 22:35:00+00:00,2141.51,2141.89,2131.79,2136.44,2225.26
2026-03-19 22:40:00+00:00,2136.46,2138.26,2133.5,2137.61,663.06
2026-03-19 22:45:00+00:00,2137.61,2139.0,2134.14,2138.0,733.06
2026-03-19 22:50:00+00:00,2138.1,2141.0,2138.02,2139.77,492.61
2026-03-19 22:55:00+00:00,2139.79,2139.97,2136.13,2139.13,744.88
2026-03-19 23:00:00+00:00,2139.13,2146.35,2139.1,2144.99,816.7
2026-03-19 23:05:00+00:00,2144.99,2146.9,2144.3,2144.88,490.32
2026-03-19 23:10:00+00:00,2144.9,2146.17,2143.21,2145.12,337.15
2026-03-19 23:15:00+00:00,2145.15,2145.15,2138.77,2139.23,466.34
2026-03-19 23:20:00+00:00,2139.23,2139.85,2135.42,2137.38,588.7
2026-03-19 23:25:00+00:00,2137.4,2142.26,2137.39,2141.42,621.77
2026-03-19 23:30:00+00:00,2141.42,2143.5,2134.87,2135.13,360.85
2026-03-19 23:35:00+00:00,2134.93,2135.89,2130.5,2130.5,551.31
2026-03-19 23:40:00+00:00,2130.34,2134.76,2129.98,2133.53,760.93
2026-03-19 23:45:00+00:00,2133.55,2136.3,2132.2,2135.03,379.17
2026-03-19 23:50:00+00:00,2135.05,2136.82,2133.9,2136.53,240.27
2026-03-19 23:55:00+00:00,2136.51,2138.59,2135.45,2136.6,472.82
2026-03-20 00:00:00+00:00,2136.6,2139.34,2133.53,2134.76,486.96
2026-03-20 00:05:00+00:00,2134.68,2143.15,2134.48,2141.69,714.94
2026-03-20 00:10:00+00:00,2141.72,2144.83,2141.72,2143.32,720.11
2026-03-20 00:15:00+00:00,2143.32,2147.0,2142.6,2144.55,869.2
2026-03-20 00:20:00+00:00,2144.55,2144.96,2137.18,2139.45,605.65
2026-03-20 00:25:00+00:00,2139.43,2142.72,2138.34,2141.86,543.88
2026-03-20 00:30:00+00:00,2141.85,2144.71,2140.25,2143.61,433.49
2026-03-20 00:35:00+00:00,2143.61,2147.61,2141.35,2147.3,923.4
2026-03-20 00:40:00+00:00,2147.3,2147.93,2144.42,2144.89,828.33
2026-03-20 00:45:00+00:00,2144.91,2146.96,2144.66,2144.81,328.54
2026-03-20 00:50:00+00:00,2144.78,2147.17,2142.03,2142.79,1075.2
2026-03-20 00:55:00+00:00,2142.81,2144.99,2141.69,2144.6,238.02
2026-03-20 01:00:00+00:00,2144.6,2153.0,2143.79,2149.22,1469.73
2026-03-20 01:05:00+00:00,2149.22,2152.27,2149.0,2151.19,457.16
2026-03-20 01:10:00+00:00,2151.17,2152.15,2148.52,2151.0,752.51
2026-03-20 01:15:00+00:00,2151.02,2152.15,2147.61,2150.02,545.21
2026-03-20 01:20:00+00:00,2150.02,2151.28,2146.01,2148.29,704.06
2026-03-20 01:25:00+00:00,2148.27,2151.07,2147.89,2148.6,237.22
2026-03-20 01:30:00+00:00,2148.62,2154.36,2148.6,2152.04,2416.53
2026-03-20 01:35:00+00:00,2152.06,2158.77,2150.37,2158.0,1262.51
2026-03-20 01:40:00+00:00,2157.95,2159.76,2156.93,2157.94,1398.2
2026-03-20 01:45:00+00:00,2157.94,2159.58,2154.82,2157.28,536.38
2026-03-20 01:50:00+00:00,2157.28,2157.28,2153.76,2154.2,320.83
2026-03-20 01:55:00+00:00,2154.25,2155.19,2149.68,2149.93,752.85
2026-03-20 02:00:00+00:00,2149.91,2150.65,2145.28,2147.64,839.27
2026-03-20 02:05:00+00:00,2147.62,2149.79,2145.16,2145.64,729.83
2026-03-20 02:10:00+00:00,2145.64,2146.32,2144.25,2144.55,513.22
2026-03-20 02:15:00+00:00,2144.55,2144.87,2140.1,2140.1,1100.82
2026-03-20 02:20:00+00:00,2140.1,2142.01,2136.56,2137.98,859.35
2026-03-20 02:25:00+00:00,2137.98,2138.77,2135.84,2138.07,754.25
2026-03-20 02:30:00+00:00,2138.05,2139.5,2132.5,2132.69,1277.26
2026-03-20 02:35:00+00:00,2132.67,2136.03,2131.54,2135.62,896.35
2026-03-20 02:40:00+00:00,2135.62,2142.79,2135.61,2142.0,1100.71
2026-03-20 02:45:00+00:00,2142.01,2143.66,2138.8,2143.66,804.45
2026-03-20 02:50:00+00:00,2143.66,2147.0,2142.63,2146.75,556.66
2026-03-20 02:55:00+00:00,2146.75,2148.71,2143.5,2143.5,892.58
2026-03-20 03:00:00+00:00,2143.5,2146.4,2142.5,2143.42,496.66
2026-03-20 03:05:00+00:00,2143.42,2147.89,2143.01,2144.47,415.69
2026-03-20 03:10:00+00:00,2144.47,2146.57,2144.43,2144.43,331.64
2026-03-20 03:15:00+00:00,2144.43,2149.76,2144.13,2149.63,326.32
2026-03-20 03:20:00+00:00,2149.63,2150.56,2146.93,2148.92,857.95
2026-03-20 03:25:00+00:00,2148.92,2152.03,2147.44,2151.79,420.81
2026-03-20 03:30:00+00:00,2151.79,2156.17,2151.79,2153.12,1465.94
2026-03-20 03:35:00+00:00,2153.14,2153.8,2147.59,2148.18,1195.57
2026-03-20 03:40:00+00:00,2148.18,2149.82,2147.0,2147.82,536.83
2026-03-20 03:45:00+00:00,2147.84,2151.99,2146.55,2149.51,639.09
2026-03-20 03:50:00+00:00,2149.51,2153.1,2148.72,2151.2,982.45
2026-03-20 03:55:00+00:00,2151.2,2152.46,2150.05,2150.23,510.61
2026-03-20 04:00:00+00:00,2150.21,2153.62,2148.55,2151.69,419.94
2026-03-20 04:05:00+00:00,2151.67,2158.03,2151.17,2156.55,1379.62
2026-03-20 04:10:00+00:00,2156.53,2157.43,2155.0,2156.15,580.21
2026-03-20 04:15:00+00:00,2156.17,2156.17,2152.24,2153.12,668.57
2026-03-20 04:20:00+00:00,2153.12,2154.49,2151.0,2152.95,419.54
2026-03-20 04:25:00+00:00,2152.95,2153.82,2152.14,2153.19,542.11
2026-03-20 04:30:00+00:00,2153.19,2153.55,2141.41,2142.62,1911.76
2026-03-20 04:35:00+00:00,2142.64,2144.0,2140.12,2140.12,911.35
2026-03-20 04:40:00+00:00,2140.14,2142.07,2138.56,2139.3,1202.36
2026-03-20 04:45:00+00:00,2139.29,2144.39,2138.7,2144.0,1177.24
2026-03-20 04:50:00+00:00,2144.0,2146.0,2142.25,2144.81,950.39
2026-03-20 04:55:00+00:00,2144.79,2147.61,2144.73,2147.27,439.35
2026-03-20 05:00:00+00:00,2147.25,2149.85,2144.07,2146.28,1629.26
2026-03-20 05:05:00+00:00,2146.28,2149.94,2144.5,2149.73,560.74
2026-03-20 05:10:00+00:00,2149.75,2150.08,2147.56,2149.8,371.54
2026-03-20 05:15:00+00:00,2149.8,2150.45,2147.08,2148.56,444.82
2026-03-20 05:20:00+00:00,2148.58,2149.74,2145.93,2146.53,355.09
2026-03-20 05:25:00+00:00,2146.51,2146.58,2141.34,2142.22,346.24
2026-03-20 05:30:00+00:00,2142.22,2142.22,2137.41,2137.41,1323.96
2026-03-20 05:35:00+00:00,2137.41,2144.16,2136.56,2141.97,1100.0
2026-03-20 05:40:00+00:00,2141.93,2144.72,2141.1,2143.51,310.46
2026-03-20 05:45:00+00:00,2143.51,2144.99,2141.73,2141.99,327.46
2026-03-20 05:50:00+00:00,2141.99,2143.78,2138.94,2140.01,604.73
2026-03-20 05:55:00+00:00,2140.01,2140.09,2137.56,2139.3,615.86
2026-03-20 06:00:00+00:00,2139.3,2140.84,2135.88,2139.42,1123.43
2026-03-20 06:05:00+00:00,2139.43,2139.76,2136.0,2137.26,534.54
2026-03-20 06:10:00+00:00,2137.26,2138.18,2135.46,2137.96,643.93
2026-03-20 06:15:00+00:00,2137.96,2137.96,2133.37,2133.37,815.79
2026-03-20 06:20:00+00:00,2133.39,2137.27,2132.38,2135.35,1328.97
2026-03-20 06:25:00+00:00,2135.37,2136.67,2134.03,2136.63,550.92
2026-03-20 06:30:00+00:00,2137.05,2139.67,2135.16,2138.08,796.51
2026-03-20 06:35:00+00:00,2138.1,2138.49,2136.06,2136.1,421.39
2026-03-20 06:40:00+00:00,2136.18,2136.5,2131.08,2135.78,1046.53
2026-03-20 06:45:00+00:00,2135.78,2138.52,2134.68,2136.11,485.78
2026-03-20 06:50:00+00:00,2136.13,2138.42,2135.43,2136.58,439.56
2026-03-20 06:55:00+00:00,2136.58,2136.81,2135.0,2135.71,293.38
2026-03-20 07:00:00+00:00,2135.73,2135.73,2120.55,2126.52,5024.23
2026-03-20 07:05:00+00:00,2126.45,2132.48,2125.26,2129.79,1736.85
2026-03-20 07:10:00+00:00,2129.77,2130.12,2125.8,2127.46,811.57
2026-03-20 07:15:00+00:00,2127.48,2131.89,2126.45,2131.11,1014.79
2026-03-20 07:20:00+00:00,2131.11,2141.57,2130.93,2138.85,1536.79
2026-03-20 07:25:00+00:00,2138.87,2140.0,2137.03,2137.4,1090.43
2026-03-20 07:30:00+00:00,2137.38,2147.61,2135.55,2145.73,1217.19
2026-03-20 07:35:00+00:00,2145.75,2148.95,2144.86,2146.92,1683.51
2026-03-20 07:40:00+00:00,2147.08,2151.96,2147.08,2151.71,1372.65
2026-03-20 07:45:00+00:00,2151.71,2152.25,2147.83,2148.92,1631.89
2026-03-20 07:50:00+00:00,2148.94,2150.79,2148.03,2149.69,576.32
2026-03-20 07:55:00+00:00,2149.67,2151.66,2149.33,2149.36,524.74
2026-03-20 08:00:00+00:00,2149.34,2149.71,2145.3,2145.45,1905.83
2026-03-20 08:05:00+00:00,2145.47,2165.85,2145.43,2165.0,2945.0
2026-03-20 08:10:00+00:00,2164.99,2175.64,2163.32,2169.57,8107.13
2026-03-20 08:15:00+00:00,2169.52,2169.97,2166.04,2166.69,1917.96
2026-03-20 08:20:00+00:00,2166.69,2167.8,2161.41,2166.23,1763.13
2026-03-20 08:25:00+00:00,2166.21,2167.79,2163.9,2163.93,1066.12
2026-03-20 08:30:00+00:00,2163.93,2166.3,2159.81,2165.12,1528.13
2026-03-20 08:35:00+00:00,2165.1,2165.27,2161.91,2164.12,823.14
2026-03-20 08:40:00+00:00,2164.12,2165.46,2162.46,2163.11,666.63
2026-03-20 08:45:00+00:00,2163.11,2163.11,2159.43,2162.2,824.34
2026-03-20 08:50:00+00:00,2162.22,2165.19,2161.68,2162.3,943.58
2026-03-20 08:55:00+00:00,2162.28,2164.75,2161.54,2162.81,386.31
2026-03-20 09:00:00+00:00,2162.83,2162.95,2155.29,2158.36,1327.3
2026-03-20 09:05:00+00:00,2158.38,2158.9,2153.46,2158.76,1232.05
2026-03-20 09:10:00+00:00,2158.76,2159.2,2153.45,2153.73,427.02
2026-03-20 09:15:00+00:00,2153.71,2154.63,2146.89,2148.56,2115.34
2026-03-20 09:20:00+00:00,2148.56,2148.56,2138.65,2140.03,3473.06
2026-03-20 09:25:00+00:00,2138.87,2143.66,2137.9,2141.2,2103.31
2026-03-20 09:30:00+00:00,2141.2,2147.21,2141.2,2144.51,1584.69
2026-03-20 09:35:00+00:00,2144.51,2147.25,2144.51,2144.63,776.22
2026-03-20 09:40:00+00:00,2144.63,2145.42,2141.79,2144.61,575.84
2026-03-20 09:45:00+00:00,2144.57,2145.23,2139.5,2140.39,708.94
2026-03-20 09:50:00+00:00,2140.37,2142.0,2133.76,2135.74,1692.54
2026-03-20 09:55:00+00:00,2135.71,2140.25,2135.71,2140.23,1082.81
2026-03-20 10:00:00+00:00,2140.25,2140.51,2133.34,2135.82,1486.65
2026-03-20 10:05:00+00:00,2135.82,2138.53,2132.3,2134.89,1643.49
2026-03-20 10:10:00+00:00,2134.89,2135.17,2131.2,2134.25,1042.1
2026-03-20 10:15:00+00:00,2134.23,2137.27,2131.37,2135.27,1049.41
2026-03-20 10:20:00+00:00,2135.22,2135.22,2130.27,2134.47,1005.22
2026-03-20 10:25:00+00:00,2134.47,2135.61,2133.58,2134.79,539.17
2026-03-20 10:30:00+00:00,2134.77,2140.16,2134.4,2139.71,984.82
2026-03-20 10:35:00+00:00,2139.73,2144.0,2137.87,2143.97,1881.55
2026-03-20 10:40:00+00:00,2143.97,2150.36,2142.98,2146.79,2842.17
2026-03-20 10:45:00+00:00,2146.81,2149.51,2146.64,2148.16,934.18
2026-03-20 10:50:00+00:00,2148.16,2149.33,2146.21,2146.78,633.48
2026-03-20 10:55:00+00:00,2146.76,2147.58,2145.72,2147.17,430.15
2026-03-20 11:00:00+00:00,2147.17,2149.94,2145.72,2148.27,913.23
2026-03-20 11:05:00+00:00,2148.29,2152.01,2147.85,2150.63,1316.23
2026-03-20 11:10:00+00:00,2150.61,2157.65,2149.09,2156.92,937.13
2026-03-20 11:15:00+00:00,2156.94,2156.94,2148.88,2151.39,1460.31
2026-03-20 11:20:00+00:00,2151.39,2152.1,2148.48,2150.38,1336.32
2026-03-20 11:25:00+00:00,2150.38,2151.01,2147.76,2148.82,313.07
2026-03-20 11:30:00+00:00,2148.82,2149.3,2146.17,2146.82,458.31
2026-03-20 11:35:00+00:00,2146.82,2146.84,2133.68,2137.01,3881.46
2026-03-20 11:40:00+00:00,2137.01,2139.04,2136.35,2138.35,1013.72
2026-03-20 11:45:00+00:00,2138.31,2138.97,2136.22,2138.79,612.25
2026-03-20 11:50:00+00:00,2138.77,2139.02,2136.05,2137.97,468.06
2026-03-20 11:55:00+00:00,2137.95,2141.6,2137.64,2140.49,934.51
2026-03-20 12:00:00+00:00,2140.48,2144.38,2139.17,2140.74,740.27
2026-03-20 12:05:00+00:00,2140.85,2152.24,2140.85,2149.72,2031.61
2026-03-20 12:10:00+00:00,2149.72,2150.95,2144.0,2144.89,620.34
2026-03-20 12:15:00+00:00,2144.89,2146.16,2142.14,2144.76,735.88
2026-03-20 12:20:00+00:00,2144.74,2147.79,2143.63,2145.92,539.29
2026-03-20 12:25:00+00:00,2145.92,2146.45,2138.82,2141.59,1570.09
2026-03-20 12:30:00+00:00,2141.59,2141.81,2135.86,2137.1,812.45
2026-03-20 12:35:00+00:00,2137.09,2141.6,2136.78,2138.38,863.39
2026-03-20 12:40:00+00:00,2138.38,2139.54,2134.03,2137.77,1400.28
2026-03-20 12:45:00+00:00,2137.76,2140.08,2135.54,2139.62,702.27
2026-03-20 12:50:00+00:00,2139.63,2141.58,2137.72,2138.82,578.92
2026-03-20 12:55:00+00:00,2138.84,2140.16,2138.15,2140.06,725.79
2026-03-20 13:00:00+00:00,2140.08,2141.66,2138.84,2139.62,650.12
2026-03-20 13:05:00+00:00,2139.6,2144.22,2138.27,2141.44,1106.85
2026-03-20 13:10:00+00:00,2141.46,2142.11,2134.37,2137.97,941.96
2026-03-20 13:15:00+00:00,2137.95,2141.63,2136.87,2140.4,554.4
2026-03-20 13:20:00+00:00,2140.4,2145.11,2140.38,2144.13,642.66
2026-03-20 13:25:00+00:00,2143.99,2151.55,2143.84,2145.57,2132.91
2026-03-20 13:30:00+00:00,2145.78,2145.78,2126.46,2131.4,4218.3
2026-03-20 13:35:00+00:00,2131.44,2137.5,2122.14,2129.34,4635.26
2026-03-20 13:40:00+00:00,2129.34,2143.92,2126.16,2140.03,2876.61
2026-03-20 13:45:00+00:00,2140.04,2142.19,2133.31,2139.5,1892.29
2026-03-20 13:50:00+00:00,2139.48,2139.66,2127.09,2130.72,2434.61
2026-03-20 13:55:00+00:00,2130.75,2132.41,2123.84,2126.32,1937.93
2026-03-20 14:00:00+00:00,2126.28,2129.58,2117.52,2127.74,5648.55
2026-03-20 14:05:00+00:00,2127.7,2134.2,2120.53,2127.26,2852.52
2026-03-20 14:10:00+00:00,2127.23,2133.58,2122.31,2123.87,2575.49
2026-03-20 14:15:00+00:00,2123.85,2127.3,2120.0,2122.97,1765.13
2026-03-20 14:20:00+00:00,2122.95,2131.56,2118.18,2131.26,3092.69
2026-03-20 14:25:00+00:00,2131.28,2140.0,2127.05,2134.39,4141.91
2026-03-20 14:30:00+00:00,2134.34,2146.0,2134.34,2143.9,3140.59
2026-03-20 14:35:00+00:00,2143.9,2146.48,2136.12,2140.63,1800.19
2026-03-20 14:40:00+00:00,2140.49,2143.29,2134.83,2135.3,990.75
2026-03-20 14:45:00+00:00,2135.17,2138.84,2133.28,2135.0,1942.33
2026-03-20 14:50:00+00:00,2135.01,2135.01,2124.91,2125.27,1946.2
2026-03-20 14:55:00+00:00,2125.27,2131.41,2125.27,2128.09,1387.36
2026-03-20 15:00:00+00:00,2128.08,2134.36,2122.48,2125.62,1671.47
2026-03-20 15:05:00+00:00,2125.62,2126.64,2119.34,2121.14,1650.31
2026-03-20 15:10:00+00:00,2121.14,2130.14,2120.62,2129.16,1831.73
2026-03-20 15:15:00+00:00,2129.16,2131.08,2121.05,2122.47,1121.81
2026-03-20 15:20:00+00:00,2122.49,2137.88,2122.44,2130.19,2762.6
2026-03-20 15:25:00+00:00,2130.29,2131.18,2126.68,2129.15,1370.63
2026-03-20 15:30:00+00:00,2129.11,2133.99,2125.83,2132.1,1990.78
2026-03-20 15:35:00+00:00,2132.1,2134.58,2127.18,2131.5,783.62
2026-03-20 15:40:00+00:00,2131.5,2134.0,2129.87,2131.43,715.45
2026-03-20 15:45:00+00:00,2131.43,2135.5,2127.78,2133.13,5764.01
2026-03-20 15:50:00+00:00,2133.13,2136.0,2130.97,2132.89,519.17
2026-03-20 15:55:00+00:00,2132.8,2134.34,2129.71,2133.0,4590.52
2026-03-20 16:00:00+00:00,2132.98,2138.3,2132.63,2138.3,583.04
2026-03-20 16:05:00+00:00,2138.3,2138.3,2132.71,2136.3,715.13
2026-03-20 16:10:00+00:00,2136.23,2141.38,2135.92,2138.35,996.98
2026-03-20 16:15:00+00:00,2138.37,2143.35,2134.66,2142.19,1347.83
2026-03-20 16:20:00+00:00,2142.19,2143.82,2138.02,2138.14,999.27
2026-03-20 16:25:00+00:00,2138.14,2139.49,2136.18,2139.39,1042.61
2026-03-20 16:30:00+00:00,2139.41,2139.52,2128.92,2134.69,2921.73
2026-03-20 16:35:00+00:00,2134.69,2136.13,2131.03,2133.61,750.17
2026-03-20 16:40:00+00:00,2133.63,2135.28,2132.68,2133.88,995.62
2026-03-20 16:45:00+00:00,2133.94,2137.62,2132.87,2132.99,1801.87
2026-03-20 16:50:00+00:00,2132.99,2135.0,2129.67,2134.3,3295.54
2026-03-20 16:55:00+00:00,2134.28,2139.69,2134.1,2136.35,663.49
2026-03-20 17:00:00+00:00,2136.35,2139.64,2136.35,2138.94,882.05
2026-03-20 17:05:00+00:00,2138.96,2140.14,2130.71,2135.35,876.32
2026-03-20 17:10:00+00:00,2135.33,2136.49,2130.79,2132.09,1936.78
2026-03-20 17:15:00+00:00,2132.09,2134.82,2129.94,2132.18,537.66
2026-03-20 17:20:00+00:00,2132.16,2135.53,2130.71,2131.55,422.36
2026-03-20 17:25:00+00:00,2131.55,2131.96,2129.68,2130.13,368.84
2026-03-20 17:30:00+00:00,2130.03,2131.29,2123.17,2124.43,1210.27
2026-03-20 17:35:00+00:00,2124.43,2128.5,2118.57,2127.89,2241.69
2026-03-20 17:40:00+00:00,2127.87,2128.97,2123.21,2123.92,966.58
2026-03-20 17:45:00+00:00,2123.94,2126.92,2122.74,2125.61,540.74
2026-03-20 17:50:00+00:00,2125.57,2130.22,2124.21,2129.94,669.89
2026-03-20 17:55:00+00:00,2129.94,2139.0,2129.94,2135.75,3067.9
2026-03-20 18:00:00+00:00,2135.8,2136.71,2132.12,2132.28,1343.44
2026-03-20 18:05:00+00:00,2132.18,2136.63,2132.04,2134.65,739.15
2026-03-20 18:10:00+00:00,2134.65,2135.73,2131.57,2134.24,371.86
2026-03-20 18:15:00+00:00,2134.24,2135.19,2131.33,2133.28,322.34
2026-03-20 18:20:00+00:00,2133.26,2135.17,2123.79,2124.67,2269.83
2026-03-20 18:25:00+00:00,2124.68,2128.2,2123.11,2124.68,925.95
2026-03-20 18:30:00+00:00,2124.68,2125.14,2118.69,2121.85,1939.18
2026-03-20 18:35:00+00:00,2121.87,2122.31,2116.04,2120.87,2587.02
2026-03-20 18:40:00+00:00,2120.87,2126.31,2120.65,2122.64,718.3
2026-03-20 18:45:00+00:00,2122.66,2128.13,2121.57,2122.89,821.18
2026-03-20 18:50:00+00:00,2122.97,2125.99,2121.42,2124.77,401.66
2026-03-20 18:55:00+00:00,2124.5,2126.34,2118.99,2122.35,700.35
2026-03-20 19:00:00+00:00,2122.41,2127.47,2122.41,2124.49,1672.99
2026-03-20 19:05:00+00:00,2124.49,2125.84,2119.72,2122.36,1666.73
2026-03-20 19:10:00+00:00,2122.38,2125.97,2120.0,2124.82,1075.43
2026-03-20 19:15:00+00:00,2124.84,2126.26,2121.98,2126.16,460.95
2026-03-20 19:20:00+00:00,2126.22,2127.39,2121.01,2121.43,730.2
2026-03-20 19:25:00+00:00,2121.49,2126.0,2121.49,2124.13,383.8
2026-03-20 19:30:00+00:00,2124.13,2127.85,2120.4,2121.12,624.74
2026-03-20 19:35:00+00:00,2121.14,2121.51,2116.3,2118.81,1420.11
2026-03-20 19:40:00+00:00,2118.79,2128.91,2118.74,2128.4,1847.98
2026-03-20 19:45:00+00:00,2128.42,2129.96,2122.81,2123.03,1003.15
2026-03-20 19:50:00+00:00,2123.0,2131.25,2123.0,2130.9,870.18
2026-03-20 19:55:00+00:00,2130.9,2133.82,2130.39,2132.02,914.75
2026-03-20 20:00:00+00:00,2132.13,2134.72,2130.28,2131.68,935.73
2026-03-20 20:05:00+00:00,2131.67,2133.95,2130.52,2133.21,571.98
2026-03-20 20:10:00+00:00,2133.16,2135.8,2132.62,2134.16,570.82
2026-03-20 20:15:00+00:00,2134.14,2134.16,2128.42,2130.41,686.55
2026-03-20 20:20:00+00:00,2130.41,2130.95,2128.37,2129.98,397.88
2026-03-20 20:25:00+00:00,2129.98,2129.98,2128.23,2129.82,298.93
2026-03-20 20:30:00+00:00,2129.8,2130.23,2122.68,2124.46,1549.18
2026-03-20 20:35:00+00:00,2124.46,2128.97,2123.32,2127.49,573.36
2026-03-20 20:40:00+00:00,2127.49,2128.16,2126.38,2127.6,258.63
2026-03-20 20:45:00+00:00,2127.6,2132.08,2126.36,2132.05,874.29
2026-03-20 20:50:00+00:00,2132.03,2134.75,2131.34,2131.89,434.54
2026-03-20 20:55:00+00:00,2131.94,2133.07,2131.38,2132.16,192.61
2026-03-20 21:00:00+00:00,2132.16,2133.17,2130.37,2132.74,361.38
2026-03-20 21:05:00+00:00,2132.76,2133.03,2131.96,2132.69,226.61
2026-03-20 21:10:00+00:00,2132.68,2133.64,2129.68,2133.13,418.64
2026-03-20 21:15:00+00:00,2133.1,2148.54,2132.85,2147.07,2907.71
2026-03-20 21:20:00+00:00,2147.07,2148.96,2145.46,2147.0,1719.92
2026-03-20 21:25:00+00:00,2147.0,2152.61,2146.99,2151.2,1405.14
2026-03-20 21:30:00+00:00,2151.19,2153.41,2148.36,2150.58,809.23
2026-03-20 21:35:00+00:00,2150.58,2155.77,2150.2,2150.47,1983.54
2026-03-20 21:40:00+00:00,2150.38,2150.38,2142.3,2143.9,1371.2
2026-03-20 21:45:00+00:00,2143.92,2147.62,2143.1,2146.46,510.31
2026-03-20 21:50:00+00:00,2146.42,2148.86,2145.45,2146.65,464.47
2026-03-20 21:55:00+00:00,2146.67,2147.77,2145.89,2146.63,230.04
2026-03-20 22:00:00+00:00,2146.61,2166.85,2146.61,2164.28,2161.36
2026-03-20 22:05:00+00:00,2164.26,2166.55,2160.14,2160.95,2659.0
2026-03-20 22:10:00+00:00,2160.95,2163.8,2157.07,2159.63,721.99
2026-03-20 22:15:00+00:00,2159.61,2161.98,2158.51,2159.43,409.68
2026-03-20 22:20:00+00:00,2159.41,2159.94,2154.96,2155.16,621.29
2026-03-20 22:25:00+00:00,2155.09,2156.88,2154.93,2155.6,457.31
2026-03-20 22:30:00+00:00,2155.58,2156.47,2154.29,2154.63,793.87
2026-03-20 22:35:00+00:00,2154.63,2157.2,2152.6,2155.83,501.56
2026-03-20 22:40:00+00:00,2155.81,2156.1,2152.58,2153.37,327.77
2026-03-20 22:45:00+00:00,2153.37,2156.69,2151.22,2156.27,348.48
2026-03-20 22:50:00+00:00,2156.25,2158.63,2154.17,2154.93,511.75
2026-03-20 22:55:00+00:00,2154.93,2156.55,2153.6,2153.62,384.79
2026-03-20 23:00:00+00:00,2153.61,2154.63,2150.14,2151.15,399.61
2026-03-20 23:05:00+00:00,2151.15,2151.15,2145.88,2146.55,851.19
2026-03-20 23:10:00+00:00,2146.53,2147.81,2144.11,2144.11,680.64
2026-03-20 23:15:00+00:00,2144.11,2146.87,2142.0,2146.29,552.75
2026-03-20 23:20:00+00:00,2146.29,2147.92,2145.77,2147.04,278.2
2026-03-20 23:25:00+00:00,2147.04,2147.47,2144.74,2145.9,313.55
2026-03-20 23:30:00+00:00,2145.88,2147.45,2144.41,2145.73,239.55
2026-03-20 23:35:00+00:00,2145.73,2147.49,2145.19,2145.25,208.24
2026-03-20 23:40:00+00:00,2145.27,2146.23,2144.81,2145.24,160.46
2026-03-20 23:45:00+00:00,2145.22,2146.46,2143.75,2146.45,198.25
2026-03-20 23:50:00+00:00,2146.43,2147.39,2143.77,2144.72,283.15
2026-03-20 23:55:00+00:00,2144.72,2145.97,2144.23,2145.02,179.71
2026-03-21 00:00:00+00:00,2145.04,2147.49,2144.94,2147.11,322.79
2026-03-21 00:05:00+00:00,2147.09,2148.59,2144.84,2144.94,372.89
2026-03-21 00:10:00+00:00,2144.94,2145.78,2142.97,2145.47,347.38
2026-03-21 00:15:00+00:00,2145.47,2152.5,2144.69,2152.5,396.67
2026-03-21 00:20:00+00:00,2152.59,2155.61,2150.02,2150.25,1260.09
2026-03-21 00:25:00+00:00,2150.27,2152.36,2149.51,2149.76,329.02
2026-03-21 00:30:00+00:00,2149.76,2151.41,2148.05,2150.5,615.14
2026-03-21 00:35:00+00:00,2150.5,2153.01,2149.81,2151.67,284.89
2026-03-21 00:40:00+00:00,2151.67,2151.69,2147.68,2149.28,276.55
2026-03-21 00:45:00+00:00,2149.28,2150.3,2148.25,2149.9,253.8
2026-03-21 00:50:00+00:00,2149.96,2152.29,2149.41,2152.0,249.08
2026-03-21 00:55:00+00:00,2152.0,2152.9,2151.24,2152.42,185.42
2026-03-21 01:00:00+00:00,2152.37,2154.18,2150.84,2151.18,237.09
2026-03-21 01:05:00+00:00,2151.2,2154.81,2151.06,2154.55,246.75
2026-03-21 01:10:00+00:00,2154.57,2158.85,2154.04,2154.41,677.73
2026-03-21 01:15:00+00:00,2154.39,2154.97,2150.17,2152.0,757.71
2026-03-21 01:20:00+00:00,2152.04,2154.25,2151.89,2152.97,379.13
2026-03-21 01:25:00+00:00,2152.95,2154.48,2152.44,2152.48,175.22
2026-03-21 01:30:00+00:00,2152.46,2152.48,2148.46,2150.59,845.56
2026-03-21 01:35:00+00:00,2150.59,2152.47,2150.59,2150.98,312.59
2026-03-21 01:40:00+00:00,2150.98,2150.98,2148.27,2148.43,208.56
2026-03-21 01:45:00+00:00,2148.43,2149.99,2146.13,2148.63,615.66
2026-03-21 01:50:00+00:00,2148.63,2149.22,2146.69,2146.79,200.46
2026-03-21 01:55:00+00:00,2146.77,2147.85,2146.43,2146.64,286.16
2026-03-21 02:00:00+00:00,2146.64,2147.3,2145.12,2146.11,1341.42
2026-03-21 02:05:00+00:00,2146.09,2149.14,2145.82,2147.58,351.17
2026-03-21 02:10:00+00:00,2147.58,2147.66,2146.47,2147.33,466.6
2026-03-21 02:15:00+00:00,2147.35,2149.42,2147.26,2149.13,528.72
2026-03-21 02:20:00+00:00,2149.11,2150.67,2148.94,2150.45,427.29
2026-03-21 02:25:00+00:00,2150.45,2152.25,2150.07,2151.02,537.7
2026-03-21 02:30:00+00:00,2151.0,2151.02,2148.94,2150.72,311.82
2026-03-21 02:35:00+00:00,2150.74,2150.74,2148.62,2150.54,182.87
2026-03-21 02:40:00+00:00,2150.51,2153.53,2150.51,2153.01,502.78
2026-03-21 02:45:00+00:00,2153.01,2153.67,2151.79,2153.37,429.8
2026-03-21 02:50:00+00:00,2153.37,2155.25,2152.93,2154.67,582.97
2026-03-21 02:55:00+00:00,2154.67,2154.67,2152.1,2153.96,302.45
2026-03-21 03:00:00+00:00,2153.96,2154.69,2151.44,2151.46,587.49
2026-03-21 03:05:00+00:00,2151.44,2154.0,2151.42,2153.44,308.0
2026-03-21 03:10:00+00:00,2153.46,2155.28,2152.0,2152.75,820.01
2026-03-21 03:15:00+00:00,2152.75,2152.96,2151.22,2151.26,305.07
2026-03-21 03:20:00+00:00,2151.26,2152.7,2151.12,2151.79,494.13
2026-03-21 03:25:00+00:00,2151.8,2153.33,2151.15,2152.16,603.95
2026-03-21 03:30:00+00:00,2152.16,2152.2,2151.0,2151.0,267.57
2026-03-21 03:35:00+00:00,2151.0,2151.25,2149.85,2150.81,241.64
2026-03-21 03:40:00+00:00,2150.83,2151.79,2150.81,2151.2,196.3
2026-03-21 03:45:00+00:00,2151.18,2152.47,2150.85,2151.63,454.02
2026-03-21 03:50:00+00:00,2151.63,2153.33,2151.19,2151.68,176.52
2026-03-21 03:55:00+00:00,2151.66,2153.36,2151.52,2152.37,209.58
2026-03-21 04:00:00+00:00,2152.35,2154.74,2152.32,2154.55,772.7
2026-03-21 04:05:00+00:00,2154.55,2157.26,2154.54,2155.16,667.72
2026-03-21 04:10:00+00:00,2155.16,2155.93,2154.0,2154.48,219.66
2026-03-21 04:15:00+00:00,2154.46,2155.77,2153.82,2154.68,232.93
2026-03-21 04:20:00+00:00,2154.66,2155.53,2153.53,2155.23,468.81
2026-03-21 04:25:00+00:00,2155.23,2156.86,2155.23,2155.24,265.87
2026-03-21 04:30:00+00:00,2155.11,2155.11,2149.19,2150.58,1370.73
2026-03-21 04:35:00+00:00,2150.58,2151.73,2150.21,2151.22,311.81
2026-03-21 04:40:00+00:00,2151.2,2151.33,2150.24,2151.12,242.39
2026-03-21 04:45:00+00:00,2151.12,2151.9,2151.0,2151.08,179.87
2026-03-21 04:50:00+00:00,2151.08,2151.83,2150.99,2151.07,265.87
2026-03-21 04:55:00+00:00,2151.09,2151.32,2150.44,2150.64,224.17
2026-03-21 05:00:00+00:00,2150.64,2153.84,2150.64,2151.82,461.42
2026-03-21 05:05:00+00:00,2151.82,2152.76,2151.54,2152.43,513.55
2026-03-21 05:10:00+00:00,2152.45,2152.68,2151.9,2152.41,271.89
2026-03-21 05:15:00+00:00,2152.41,2154.95,2152.32,2154.11,256.07
2026-03-21 05:20:00+00:00,2154.11,2155.39,2153.45,2153.69,508.97
2026-03-21 05:25:00+00:00,2153.69,2155.19,2153.62,2154.84,165.64
2026-03-21 05:30:00+00:00,2154.84,2156.77,2153.76,2154.15,344.83
2026-03-21 05:35:00+00:00,2154.15,2155.39,2152.69,2152.99,406.6
2026-03-21 05:40:00+00:00,2152.99,2154.16,2152.99,2154.07,223.19
2026-03-21 05:45:00+00:00,2154.07,2154.29,2152.5,2152.74,192.9
2026-03-21 05:50:00+00:00,2152.74,2152.76,2151.51,2152.58,240.0
2026-03-21 05:55:00+00:00,2152.58,2152.75,2151.88,2152.14,198.95
2026-03-21 06:00:00+00:00,2152.14,2153.14,2151.29,2152.19,318.53
2026-03-21 06:05:00+00:00,2152.19,2153.15,2151.37,2151.37,201.78
2026-03-21 06:10:00+00:00,2151.37,2151.95,2151.31,2151.49,305.6
2026-03-21 06:15:00+00:00,2151.47,2153.92,2151.08,2153.3,210.5
2026-03-21 06:20:00+00:00,2153.32,2153.32,2151.35,2153.15,164.39
2026-03-21 06:25:00+00:00,2153.13,2153.86,2152.31,2153.64,203.61
2026-03-21 06:30:00+00:00,2153.66,2154.57,2153.25,2153.25,336.14
2026-03-21 06:35:00+00:00,2153.27,2154.49,2153.22,2153.45,209.79
2026-03-21 06:40:00+00:00,2153.43,2155.6,2153.39,2154.42,316.19
2026-03-21 06:45:00+00:00,2154.44,2154.78,2153.17,2154.06,243.29
2026-03-21 06:50:00+00:00,2154.08,2154.35,2153.52,2153.75,186.82
2026-03-21 06:55:00+00:00,2153.73,2154.79,2153.59,2154.58,152.41
2026-03-21 07:00:00+00:00,2154.6,2154.88,2153.77,2154.86,278.26
2026-03-21 07:05:00+00:00,2154.89,2155.0,2154.08,2155.0,176.99
2026-03-21 07:10:00+00:00,2154.99,2155.4,2154.6,2154.73,259.43
2026-03-21 07:15:00+00:00,2154.75,2158.49,2154.47,2157.69,468.78
2026-03-21 07:20:00+00:00,2157.69,2158.31,2156.33,2157.36,509.76
2026-03-21 07:25:00+00:00,2157.36,2160.43,2157.09,2158.86,1205.89
2026-03-21 07:30:00+00:00,2158.86,2158.95,2155.74,2156.45,589.87
2026-03-21 07:35:00+00:00,2156.48,2157.66,2156.16,2156.19,302.18
2026-03-21 07:40:00+00:00,2156.17,2157.59,2156.17,2156.5,227.97
2026-03-21 07:45:00+00:00,2156.49,2156.51,2152.48,2155.34,1141.82
2026-03-21 07:50:00+00:00,2155.22,2155.22,2153.6,2154.06,334.24
2026-03-21 07:55:00+00:00,2154.08,2154.66,2153.92,2154.4,223.04
2026-03-21 08:00:00+00:00,2154.38,2154.91,2153.33,2154.02,484.19
2026-03-21 08:05:00+00:00,2154.02,2155.64,2154.0,2154.48,314.6
2026-03-21 08:10:00+00:00,2154.46,2156.32,2154.46,2155.08,435.34
2026-03-21 08:15:00+00:00,2155.06,2155.3,2151.97,2152.1,942.67
2026-03-21 08:20:00+00:00,2152.1,2153.67,2151.49,2152.28,1015.22
2026-03-21 08:25:00+00:00,2152.28,2152.56,2149.23,2149.25,988.64
2026-03-21 08:30:00+00:00,2149.24,2152.34,2148.42,2151.76,831.78
2026-03-21 08:35:00+00:00,2151.76,2152.55,2151.13,2152.08,286.88
2026-03-21 08:40:00+00:00,2152.06,2153.17,2151.43,2152.55,234.13
2026-03-21 08:45:00+00:00,2152.57,2152.98,2151.36,2152.3,290.78
2026-03-21 08:50:00+00:00,2152.3,2153.06,2152.18,2152.91,199.9
2026-03-21 08:55:00+00:00,2152.93,2153.73,2152.86,2152.95,214.05
2026-03-21 09:00:00+00:00,2152.93,2156.61,2152.72,2155.7,810.8
2026-03-21 09:05:00+00:00,2155.7,2157.5,2155.25,2156.03,1122.14
2026-03-21 09:10:00+00:00,2156.01,2156.8,2154.78,2156.61,355.49
2026-03-21 09:15:00+00:00,2156.59,2156.62,2154.5,2154.98,391.18
2026-03-21 09:20:00+00:00,2154.96,2155.27,2154.42,2154.81,164.06
2026-03-21 09:25:00+00:00,2154.8,2155.32,2153.6,2153.95,488.32
2026-03-21 09:30:00+00:00,2153.95,2155.54,2153.88,2155.52,253.83
2026-03-21 09:35:00+00:00,2155.51,2158.03,2154.89,2157.35,754.26
2026-03-21 09:40:00+00:00,2157.38,2158.04,2156.24,2156.86,289.78
2026-03-21 09:45:00+00:00,2156.88,2157.89,2156.22,2157.35,136.27
2026-03-21 09:50:00+00:00,2157.35,2157.92,2156.34,2157.17,265.56
2026-03-21 09:55:00+00:00,2157.19,2157.55,2156.24,2157.55,298.0
2026-03-21 10:00:00+00:00,2157.53,2158.32,2155.61,2156.1,275.39
2026-03-21 10:05:00+00:00,2156.1,2156.93,2154.82,2156.74,355.29
2026-03-21 10:10:00+00:00,2156.74,2157.0,2154.58,2155.06,270.68
2026-03-21 10:15:00+00:00,2155.06,2155.12,2152.88,2153.65,816.55
2026-03-21 10:20:00+00:00,2153.65,2153.78,2152.65,2153.03,373.85
2026-03-21 10:25:00+00:00,2153.03,2154.67,2152.86,2154.0,393.45
2026-03-21 10:30:00+00:00,2154.02,2154.92,2154.0,2154.63,285.62
2026-03-21 10:35:00+00:00,2154.65,2156.0,2154.63,2155.12,252.72
2026-03-21 10:40:00+00:00,2155.14,2155.21,2153.84,2154.26,376.39
2026-03-21 10:45:00+00:00,2154.26,2154.26,2151.77,2152.33,873.62
2026-03-21 10:50:00+00:00,2152.33,2152.83,2152.03,2152.75,433.11
2026-03-21 10:55:00+00:00,2152.73,2153.31,2152.72,2153.23,161.59
2026-03-21 11:00:00+00:00,2153.23,2153.38,2152.82,2153.36,146.92
2026-03-21 11:05:00+00:00,2153.36,2153.36,2151.99,2152.45,183.57
2026-03-21 11:10:00+00:00,2152.47,2152.65,2151.95,2151.95,307.15
2026-03-21 11:15:00+00:00,2151.93,2154.02,2151.73,2153.92,374.36
2026-03-21 11:20:00+00:00,2153.92,2154.73,2153.65,2154.31,190.38
2026-03-21 11:25:00+00:00,2154.31,2155.26,2154.15,2154.27,192.98
2026-03-21 11:30:00+00:00,2154.27,2154.52,2152.86,2154.5,219.23
2026-03-21 11:35:00+00:00,2154.52,2155.51,2154.1,2155.46,195.41
2026-03-21 11:40:00+00:00,2155.48,2156.08,2154.91,2155.65,294.71
2026-03-21 11:45:00+00:00,2155.63,2156.0,2154.82,2155.51,241.17
2026-03-21 11:50:00+00:00,2155.51,2156.06,2154.87,2154.94,175.01
2026-03-21 11:55:00+00:00,2154.94,2156.92,2154.92,2156.42,556.09
2026-03-21 12:00:00+00:00,2156.4,2158.16,2155.98,2158.15,789.35
2026-03-21 12:05:00+00:00,2158.15,2158.27,2156.57,2158.2,1242.63
2026-03-21 12:10:00+00:00,2158.2,2158.27,2156.83,2157.55,456.56
2026-03-21 12:15:00+00:00,2157.57,2157.81,2156.37,2157.05,296.93
2026-03-21 12:20:00+00:00,2157.03,2159.77,2156.68,2158.27,581.74
2026-03-21 12:25:00+00:00,2158.27,2159.13,2157.43,2158.46,270.32
2026-03-21 12:30:00+00:00,2158.44,2158.46,2156.16,2156.34,952.64
2026-03-21 12:35:00+00:00,2156.34,2158.11,2156.18,2157.66,234.77
2026-03-21 12:40:00+00:00,2157.64,2158.0,2157.23,2157.38,285.5
2026-03-21 12:45:00+00:00,2157.4,2157.85,2156.02,2156.76,304.59
2026-03-21 12:50:00+00:00,2156.77,2157.06,2155.63,2155.86,393.01
2026-03-21 12:55:00+00:00,2155.86,2158.01,2155.86,2156.83,182.58
2026-03-21 13:00:00+00:00,2156.85,2157.31,2155.75,2155.75,148.53
2026-03-21 13:05:00+00:00,2155.75,2156.95,2155.75,2156.65,146.65
2026-03-21 13:10:00+00:00,2156.63,2156.97,2156.14,2156.48,417.46
2026-03-21 13:15:00+00:00,2156.48,2158.84,2156.4,2158.17,257.37
2026-03-21 13:20:00+00:00,2158.17,2158.17,2154.47,2155.53,796.34
2026-03-21 13:25:00+00:00,2155.53,2156.43,2154.85,2154.85,305.5
2026-03-21 13:30:00+00:00,2154.87,2156.66,2154.85,2156.27,285.53
2026-03-21 13:35:00+00:00,2156.24,2156.54,2154.34,2154.34,289.51
2026-03-21 13:40:00+00:00,2154.34,2154.89,2153.67,2154.13,564.24
2026-03-21 13:45:00+00:00,2154.13,2155.22,2153.85,2155.02,384.95
2026-03-21 13:50:00+00:00,2155.02,2155.52,2154.71,2154.71,358.12
2026-03-21 13:55:00+00:00,2154.71,2155.01,2153.99,2154.88,178.14
2026-03-21 14:00:00+00:00,2154.86,2155.7,2154.63,2155.0,182.61
2026-03-21 14:05:00+00:00,2155.01,2156.77,2154.9,2156.62,672.32
2026-03-21 14:10:00+00:00,2156.62,2167.61,2155.97,2163.92,4293.98
2026-03-21 14:15:00+00:00,2163.92,2165.57,2160.03,2163.53,1596.78
2026-03-21 14:20:00+00:00,2163.53,2163.53,2161.0,2161.35,833.33
2026-03-21 14:25:00+00:00,2161.35,2161.35,2159.86,2160.82,393.38
2026-03-21 14:30:00+00:00,2160.81,2163.38,2159.68,2163.38,870.14
2026-03-21 14:35:00+00:00,2163.42,2164.37,2159.59,2159.73,666.74
2026-03-21 14:40:00+00:00,2159.73,2161.01,2159.24,2160.3,601.25
2026-03-21 14:45:00+00:00,2160.28,2160.35,2154.6,2155.96,1460.89
2026-03-21 14:50:00+00:00,2155.96,2156.0,2151.04,2153.27,2623.91
2026-03-21 14:55:00+00:00,2153.27,2153.28,2149.34,2151.11,2255.27
2026-03-21 15:00:00+00:00,2151.11,2153.27,2149.64,2152.85,1235.19
2026-03-21 15:05:00+00:00,2152.83,2152.99,2150.33,2152.0,771.39
2026-03-21 15:10:00+00:00,2152.02,2152.93,2151.41,2152.89,313.61
2026-03-21 15:15:00+00:00,2152.89,2152.92,2145.2,2146.63,2334.3
2026-03-21 15:20:00+00:00,2146.62,2151.25,2146.62,2151.01,1225.25
2026-03-21 15:25:00+00:00,2150.99,2151.92,2150.05,2151.83,619.23
2026-03-21 15:30:00+00:00,2151.81,2156.63,2151.18,2156.54,1482.14
2026-03-21 15:35:00+00:00,2156.52,2156.54,2151.78,2152.05,642.85
2026-03-21 15:40:00+00:00,2152.07,2154.09,2151.45,2153.01,408.58
2026-03-21 15:45:00+00:00,2153.01,2154.51,2152.59,2154.08,238.94
2026-03-21 15:50:00+00:00,2154.1,2154.89,2152.68,2153.94,219.67
2026-03-21 15:55:00+00:00,2153.92,2154.92,2153.5,2154.2,406.03
2026-03-21 16:00:00+00:00,2154.22,2154.4,2151.21,2152.97,617.44
2026-03-21 16:05:00+00:00,2152.97,2154.89,2152.4,2152.61,207.57
2026-03-21 16:10:00+00:00,2152.58,2152.88,2150.32,2151.09,383.8
2026-03-21 16:15:00+00:00,2151.11,2153.43,2149.14,2149.42,663.56
2026-03-21 16:20:00+00:00,2149.44,2150.91,2148.78,2149.47,621.32
2026-03-21 16:25:00+00:00,2149.49,2151.02,2145.62,2147.7,787.04
2026-03-21 16:30:00+00:00,2147.7,2149.91,2146.79,2149.51,1025.86
2026-03-21 16:35:00+00:00,2149.51,2150.16,2148.17,2148.25,487.88
2026-03-21 16:40:00+00:00,2148.25,2149.01,2146.09,2147.58,1533.38
2026-03-21 16:45:00+00:00,2147.58,2150.2,2147.0,2149.01,1401.01
2026-03-21 16:50:00+00:00,2149.03,2149.03,2147.26,2147.27,258.93
2026-03-21 16:55:00+00:00,2147.27,2147.48,2143.38,2145.61,1861.17
2026-03-21 17:00:00+00:00,2145.62,2147.66,2145.22,2147.66,1003.33
2026-03-21 17:05:00+00:00,2147.64,2147.75,2141.5,2143.34,1706.64
2026-03-21 17:10:00+00:00,2143.34,2144.0,2142.44,2143.76,1103.06
2026-03-21 17:15:00+00:00,2143.74,2145.28,2142.85,2144.3,497.54
2026-03-21 17:20:00+00:00,2144.3,2147.44,2144.22,2146.83,458.08
2026-03-21 17:25:00+00:00,2146.83,2147.7,2146.33,2146.68,445.26
2026-03-21 17:30:00+00:00,2146.68,2148.95,2146.66,2147.61,956.03
2026-03-21 17:35:00+00:00,2147.61,2148.92,2146.58,2148.38,402.55
2026-03-21 17:40:00+00:00,2148.4,2149.64,2147.24,2148.52,705.0
2026-03-21 17:45:00+00:00,2148.52,2149.6,2147.98,2148.05,303.88
2026-03-21 17:50:00+00:00,2148.05,2148.14,2145.91,2147.57,227.42
2026-03-21 17:55:00+00:00,2147.59,2148.26,2147.0,2147.2,141.17
2026-03-21 18:00:00+00:00,2147.2,2148.71,2146.85,2147.28,174.38
2026-03-21 18:05:00+00:00,2147.28,2148.24,2146.41,2148.15,294.7
2026-03-21 18:10:00+00:00,2148.15,2149.05,2147.27,2148.82,332.1
2026-03-21 18:15:00+00:00,2148.82,2150.0,2148.0,2149.34,323.42
2026-03-21 18:20:00+00:00,2149.32,2151.8,2149.32,2150.84,516.24
2026-03-21 18:25:00+00:00,2150.84,2151.8,2149.85,2150.24,548.7
2026-03-21 18:30:00+00:00,2150.22,2152.92,2150.22,2151.38,418.62
2026-03-21 18:35:00+00:00,2151.38,2153.33,2151.38,2153.3,660.48
2026-03-21 18:40:00+00:00,2153.3,2154.78,2152.94,2153.89,735.75
2026-03-21 18:45:00+00:00,2153.91,2153.91,2152.93,2152.95,328.68
2026-03-21 18:50:00+00:00,2152.97,2153.02,2149.11,2150.24,457.05
2026-03-21 18:55:00+00:00,2150.22,2151.57,2150.15,2150.17,220.48
2026-03-21 19:00:00+00:00,2150.13,2152.0,2150.08,2151.59,206.01
2026-03-21 19:05:00+00:00,2151.59,2151.99,2150.61,2150.73,175.8
2026-03-21 19:10:00+00:00,2150.71,2151.71,2150.4,2151.13,147.81
2026-03-21 19:15:00+00:00,2151.11,2151.29,2149.89,2150.98,353.98
2026-03-21 19:20:00+00:00,2150.98,2151.88,2150.71,2151.36,286.31
2026-03-21 19:25:00+00:00,2151.36,2152.3,2151.3,2151.39,292.53
2026-03-21 19:30:00+00:00,2151.39,2151.58,2148.78,2149.35,331.67
2026-03-21 19:35:00+00:00,2149.33,2150.18,2148.08,2148.27,174.5
2026-03-21 19:40:00+00:00,2148.28,2149.38,2148.25,2149.36,251.95
2026-03-21 19:45:00+00:00,2149.36,2150.79,2149.29,2149.64,161.71
2026-03-21 19:50:00+00:00,2149.62,2150.17,2149.24,2150.17,131.26
2026-03-21 19:55:00+00:00,2150.15,2151.7,2149.57,2151.16,190.52
2026-03-21 20:00:00+00:00,2151.16,2152.27,2150.65,2150.67,193.56
2026-03-21 20:05:00+00:00,2150.69,2151.02,2149.57,2151.02,246.58
2026-03-21 20:10:00+00:00,2151.0,2152.44,2150.62,2151.57,168.56
2026-03-21 20:15:00+00:00,2151.57,2151.7,2149.3,2150.94,445.04
2026-03-21 20:20:00+00:00,2150.93,2154.1,2150.93,2153.01,693.64
2026-03-21 20:25:00+00:00,2153.01,2153.46,2152.08,2152.87,201.4
2026-03-21 20:30:00+00:00,2152.94,2154.79,2152.94,2153.22,355.1
2026-03-21 20:35:00+00:00,2153.2,2155.5,2152.81,2154.14,658.05
2026-03-21 20:40:00+00:00,2154.14,2155.45,2153.94,2154.45,373.56
2026-03-21 20:45:00+00:00,2154.45,2155.79,2154.23,2154.31,203.31
2026-03-21 20:50:00+00:00,2154.29,2154.81,2153.26,2154.79,1194.13
2026-03-21 20:55:00+00:00,2154.81,2155.47,2154.06,2154.63,180.99
2026-03-21 21:00:00+00:00,2154.63,2155.34,2153.0,2154.0,259.02
2026-03-21 21:05:00+00:00,2154.02,2156.06,2153.68,2155.27,463.32
2026-03-21 21:10:00+00:00,2155.25,2155.38,2152.18,2153.44,351.69
2026-03-21 21:15:00+00:00,2153.42,2154.0,2152.32,2153.12,182.65
2026-03-21 21:20:00+00:00,2153.12,2153.85,2152.78,2153.31,127.83
2026-03-21 21:25:00+00:00,2153.31,2153.87,2152.73,2153.06,125.41
2026-03-21 21:30:00+00:00,2153.04,2153.92,2152.39,2153.64,125.98
2026-03-21 21:35:00+00:00,2153.66,2154.83,2153.37,2154.39,802.53
2026-03-21 21:40:00+00:00,2154.37,2155.49,2153.98,2154.01,175.05
2026-03-21 21:45:00+00:00,2154.0,2155.2,2153.03,2154.52,177.71
2026-03-21 21:50:00+00:00,2154.5,2154.52,2151.13,2152.98,193.38
2026-03-21 21:55:00+00:00,2152.98,2153.0,2151.85,2152.61,155.12
2026-03-21 22:00:00+00:00,2152.59,2152.71,2148.96,2150.15,776.04
2026-03-21 22:05:00+00:00,2150.15,2151.77,2149.47,2149.78,268.13
2026-03-21 22:10:00+00:00,2149.8,2151.6,2149.78,2151.6,140.33
2026-03-21 22:15:00+00:00,2151.58,2151.76,2150.14,2150.57,306.43
2026-03-21 22:20:00+00:00,2150.59,2151.16,2149.71,2149.84,281.26
2026-03-21 22:25:00+00:00,2149.84,2150.6,2149.12,2149.47,194.1
2026-03-21 22:30:00+00:00,2149.47,2151.85,2149.13,2151.22,371.39
2026-03-21 22:35:00+00:00,2151.22,2152.13,2151.13,2151.25,220.86
2026-03-21 22:40:00+00:00,2151.23,2152.46,2150.54,2150.56,222.32
2026-03-21 22:45:00+00:00,2150.56,2150.56,2149.22,2150.12,223.03
2026-03-21 22:50:00+00:00,2150.12,2150.13,2148.33,2149.02,281.39
2026-03-21 22:55:00+00:00,2149.02,2149.59,2148.7,2148.83,148.63
2026-03-21 23:00:00+00:00,2148.81,2149.01,2146.32,2147.09,355.94
2026-03-21 23:05:00+00:00,2147.11,2147.79,2145.9,2146.11,613.57
2026-03-21 23:10:00+00:00,2146.11,2146.12,2144.0,2145.29,748.55
2026-03-21 23:15:00+00:00,2145.31,2146.45,2143.6,2145.61,630.85
2026-03-21 23:20:00+00:00,2145.61,2146.97,2145.25,2145.3,243.67
2026-03-21 23:25:00+00:00,2145.02,2145.26,2143.43,2143.46,355.97
2026-03-21 23:30:00+00:00,2143.44,2145.08,2142.91,2144.22,588.17
2026-03-21 23:35:00+00:00,2144.22,2145.46,2144.06,2144.96,521.58
2026-03-21 23:40:00+00:00,2144.98,2146.77,2144.47,2145.73,458.5
2026-03-21 23:45:00+00:00,2145.71,2145.73,2121.13,2121.7,8806.65
2026-03-21 23:50:00+00:00,2121.55,2123.33,2085.33,2088.96,20893.63
2026-03-21 23:55:00+00:00,2088.58,2090.67,2069.1,2083.33,13608.08
2026-03-22 00:00:00+00:00,2083.31,2083.33,2048.7,2057.36,21176.8
2026-03-22 00:05:00+00:00,2057.37,2078.45,2054.76,2074.53,7424.79
2026-03-22 00:10:00+00:00,2074.62,2078.83,2063.51,2070.43,6546.81
2026-03-22 00:15:00+00:00,2070.45,2083.11,2069.08,2077.46,5167.61
2026-03-22 00:20:00+00:00,2077.46,2078.93,2068.83,2077.83,3411.27
2026-03-22 00:25:00+00:00,2077.87,2085.23,2074.76,2084.71,1669.45
2026-03-22 00:30:00+00:00,2084.73,2089.92,2084.73,2089.19,4491.18
2026-03-22 00:35:00+00:00,2089.19,2094.04,2085.43,2086.1,3398.81
2026-03-22 00:40:00+00:00,2086.12,2091.96,2085.8,2089.49,2262.37
2026-03-22 00:45:00+00:00,2089.47,2093.82,2087.23,2089.74,894.07
2026-03-22 00:50:00+00:00,2089.72,2089.72,2079.07,2082.48,2638.04
2026-03-22 00:55:00+00:00,2082.48,2086.77,2080.94,2086.28,1422.05
2026-03-22 01:00:00+00:00,2086.28,2093.0,2085.07,2087.54,2495.88
2026-03-22 01:05:00+00:00,2087.52,2089.81,2083.6,2083.6,829.75
2026-03-22 01:10:00+00:00,2083.61,2087.52,2082.3,2087.22,989.13
2026-03-22 01:15:00+00:00,2087.2,2092.19,2084.61,2090.12,605.87
2026-03-22 01:20:00+00:00,2090.12,2091.91,2088.2,2089.4,615.39
2026-03-22 01:25:00+00:00,2089.4,2090.24,2088.38,2089.1,914.99
2026-03-22 01:30:00+00:00,2089.11,2091.08,2086.53,2089.01,804.69
2026-03-22 01:35:00+00:00,2089.01,2089.25,2080.54,2083.18,1705.25
2026-03-22 01:40:00+00:00,2083.36,2086.26,2082.3,2083.03,923.96
2026-03-22 01:45:00+00:00,2083.03,2087.85,2083.03,2086.47,388.45
2026-03-22 01:50:00+00:00,2086.47,2089.0,2085.74,2087.01,540.34
2026-03-22 01:55:00+00:00,2087.0,2091.2,2087.0,2090.07,641.73
2026-03-22 02:00:00+00:00,2090.07,2092.85,2088.81,2089.85,922.48
2026-03-22 02:05:00+00:00,2089.85,2091.69,2086.0,2086.96,793.56
2026-03-22 02:10:00+00:00,2086.95,2091.07,2086.68,2090.27,479.65
2026-03-22 02:15:00+00:00,2090.27,2092.68,2089.29,2090.79,503.13
2026-03-22 02:20:00+00:00,2090.81,2093.0,2088.06,2092.43,492.74
2026-03-22 02:25:00+00:00,2092.41,2108.1,2092.17,2104.46,3362.43
2026-03-22 02:30:00+00:00,2104.6,2105.61,2098.09,2100.64,3421.52
2026-03-22 02:35:00+00:00,2100.64,2103.18,2099.73,2100.01,1422.27
2026-03-22 02:40:00+00:00,2100.03,2101.08,2098.61,2099.31,623.35
2026-03-22 02:45:00+00:00,2099.32,2104.04,2096.72,2102.09,1120.07
2026-03-22 02:50:00+00:00,2102.09,2103.94,2099.5,2103.93,816.67
2026-03-22 02:55:00+00:00,2103.93,2105.13,2100.82,2101.12,958.42
2026-03-22 03:00:00+00:00,2101.12,2101.48,2097.0,2097.73,1205.46
2026-03-22 03:05:00+00:00,2097.73,2101.32,2097.0,2101.06,593.53
2026-03-22 03:10:00+00:00,2101.06,2105.0,2100.91,2103.07,601.47
2026-03-22 03:15:00+00:00,2103.05,2104.98,2101.66,2104.51,303.82
2026-03-22 03:20:00+00:00,2104.53,2105.56,2102.7,2104.3,795.37
2026-03-22 03:25:00+00:00,2104.3,2117.31,2103.99,2112.86,2863.63
2026-03-22 03:30:00+00:00,2112.84,2117.91,2111.57,2115.46,1942.29
2026-03-22 03:35:00+00:00,2115.46,2126.0,2114.83,2119.16,4404.06
2026-03-22 03:40:00+00:00,2118.93,2119.32,2115.68,2117.28,858.88
2026-03-22 03:45:00+00:00,2117.3,2117.94,2113.22,2114.74,1183.19
2026-03-22 03:50:00+00:00,2114.76,2114.76,2111.45,2112.74,989.35
2026-03-22 03:55:00+00:00,2112.74,2114.0,2112.13,2112.9,834.87
2026-03-22 04:00:00+00:00,2112.9,2117.3,2112.36,2116.46,732.09
2026-03-22 04:05:00+00:00,2116.47,2121.32,2116.05,2117.51,916.36
2026-03-22 04:10:00+00:00,2117.49,2117.51,2113.92,2115.45,460.08
2026-03-22 04:15:00+00:00,2115.45,2121.74,2115.13,2115.15,1555.88
2026-03-22 04:20:00+00:00,2115.15,2115.31,2106.0,2111.01,1886.27
2026-03-22 04:25:00+00:00,2111.01,2112.0,2109.76,2111.68,1095.3
2026-03-22 04:30:00+00:00,2111.66,2117.82,2109.0,2116.9,1427.43
2026-03-22 04:35:00+00:00,2116.88,2118.76,2115.0,2116.36,970.07
2026-03-22 04:40:00+00:00,2116.38,2116.41,2115.19,2115.84,269.78
2026-03-22 04:45:00+00:00,2115.84,2120.73,2115.82,2117.95,1115.68
2026-03-22 04:50:00+00:00,2117.95,2119.79,2117.74,2118.32,641.25
2026-03-22 04:55:00+00:00,2118.32,2119.14,2117.17,2118.18,309.68
2026-03-22 05:00:00+00:00,2118.18,2118.61,2115.0,2118.24,902.98
2026-03-22 05:05:00+00:00,2118.24,2119.45,2115.86,2116.51,414.53
2026-03-22 05:10:00+00:00,2116.42,2118.78,2115.81,2117.15,1157.88
2026-03-22 05:15:00+00:00,2117.15,2118.42,2115.06,2116.74,440.53
2026-03-22 05:20:00+00:00,2116.72,2117.13,2114.92,2115.7,391.09
2026-03-22 05:25:00+00:00,2115.72,2118.03,2113.53,2115.29,896.24
2026-03-22 05:30:00+00:00,2115.27,2117.1,2114.83,2114.83,539.83
2026-03-22 05:35:00+00:00,2114.84,2114.84,2113.31,2114.02,447.54
2026-03-22 05:40:00+00:00,2114.04,2115.21,2113.36,2113.39,408.68
2026-03-22 05:45:00+00:00,2113.38,2116.61,2113.08,2114.72,388.7
2026-03-22 05:50:00+00:00,2114.74,2114.97,2113.02,2113.04,468.81
2026-03-22 05:55:00+00:00,2113.04,2113.15,2111.36,2111.87,1003.8
2026-03-22 06:00:00+00:00,2111.89,2111.9,2107.84,2110.69,1199.66
2026-03-22 06:05:00+00:00,2110.69,2110.78,2106.47,2109.5,916.47
2026-03-22 06:10:00+00:00,2109.5,2111.35,2108.8,2108.84,499.2
2026-03-22 06:15:00+00:00,2108.86,2109.86,2106.73,2109.82,493.34
2026-03-22 06:20:00+00:00,2109.83,2111.25,2108.42,2109.78,625.24
2026-03-22 06:25:00+00:00,2109.76,2111.33,2107.65,2111.31,343.31
2026-03-22 06:30:00+00:00,2111.31,2112.44,2108.38,2108.93,520.72
2026-03-22 06:35:00+00:00,2108.95,2111.07,2108.93,2110.93,363.58
2026-03-22 06:40:00+00:00,2110.95,2111.01,2109.79,2110.63,397.6
2026-03-22 06:45:00+00:00,2110.63,2110.65,2107.33,2108.11,376.81
2026-03-22 06:50:00+00:00,2108.09,2109.61,2107.19,2107.92,353.72
2026-03-22 06:55:00+00:00,2107.87,2107.96,2106.42,2107.51,297.17
2026-03-22 07:00:00+00:00,2107.51,2109.98,2106.82,2109.54,1100.67
2026-03-22 07:05:00+00:00,2109.54,2111.12,2107.5,2107.51,406.89
2026-03-22 07:10:00+00:00,2107.5,2109.59,2106.62,2108.5,360.75
2026-03-22 07:15:00+00:00,2108.51,2110.89,2108.5,2110.01,313.85
2026-03-22 07:20:00+00:00,2110.0,2110.95,2108.99,2110.01,355.43
2026-03-22 07:25:00+00:00,2110.0,2111.26,2109.85,2109.85,327.98
2026-03-22 07:30:00+00:00,2109.86,2109.86,2103.7,2105.5,1225.54
2026-03-22 07:35:00+00:00,2105.5,2105.88,2097.87,2098.37,2088.61
2026-03-22 07:40:00+00:00,2098.37,2101.08,2096.67,2097.8,2311.89
2026-03-22 07:45:00+00:00,2097.8,2102.73,2094.88,2102.63,2043.31
2026-03-22 07:50:00+00:00,2102.69,2103.8,2100.64,2100.97,658.74
2026-03-22 07:55:00+00:00,2100.95,2101.33,2092.06,2092.32,2324.67
2026-03-22 08:00:00+00:00,2092.78,2094.96,2082.5,2087.78,4575.68
2026-03-22 08:05:00+00:00,2087.75,2091.63,2084.97,2087.24,2550.98
2026-03-22 08:10:00+00:00,2087.24,2091.44,2086.34,2091.41,927.09
2026-03-22 08:15:00+00:00,2091.41,2092.0,2083.34,2083.36,1560.05
2026-03-22 08:20:00+00:00,2083.34,2086.01,2079.07,2085.07,3453.3
2026-03-22 08:25:00+00:00,2085.05,2087.55,2073.0,2076.42,3740.41
2026-03-22 08:30:00+00:00,2076.3,2081.89,2075.4,2076.97,2483.85
2026-03-22 08:35:00+00:00,2076.99,2080.0,2075.63,2079.43,808.26
2026-03-22 08:40:00+00:00,2079.41,2084.06,2079.37,2082.14,1286.01
2026-03-22 08:45:00+00:00,2082.14,2085.43,2081.0,2085.0,1310.52
2026-03-22 08:50:00+00:00,2085.01,2085.4,2081.86,2084.35,863.85
2026-03-22 08:55:00+00:00,2084.35,2086.93,2082.13,2085.42,727.85
2026-03-22 09:00:00+00:00,2085.41,2086.86,2084.08,2084.23,1033.88
2026-03-22 09:05:00+00:00,2084.21,2091.16,2084.0,2089.56,1736.11
2026-03-22 09:10:00+00:00,2089.56,2091.58,2088.0,2091.33,1234.51
2026-03-22 09:15:00+00:00,2091.31,2094.62,2079.84,2081.33,3645.42
2026-03-22 09:20:00+00:00,2081.33,2084.28,2080.11,2081.45,646.94
2026-03-22 09:25:00+00:00,2081.45,2082.29,2078.19,2080.54,2223.65
2026-03-22 09:30:00+00:00,2080.56,2083.03,2079.78,2082.44,945.66
2026-03-22 09:35:00+00:00,2082.42,2086.04,2082.04,2084.53,1087.4
2026-03-22 09:40:00+00:00,2084.53,2085.9,2083.5,2083.9,404.3
2026-03-22 09:45:00+00:00,2083.92,2084.59,2083.36,2084.37,75.89
